
SoundEffectGenerator_V3F.elf:     file format elf32-littleriscv
SoundEffectGenerator_V3F.elf
architecture: riscv:rv32, flags 0x00000112:
EXEC_P, HAS_SYMS, D_PAGED
start address 0x00000000

Program Header:
0x70000003 off    0x00026476 vaddr 0x00000000 paddr 0x00000000 align 2**0
         filesz 0x00000056 memsz 0x00000000 flags r--
    LOAD off    0x00001000 vaddr 0x00000000 paddr 0x00000000 align 2**12
         filesz 0x00000008 memsz 0x00000008 flags r-x
    LOAD off    0x00002000 vaddr 0x20110000 paddr 0x00000008 align 2**12
         filesz 0x000000e4 memsz 0x000000e4 flags r-x
    LOAD off    0x00003000 vaddr 0x20100000 paddr 0x000000ec align 2**12
         filesz 0x000062c4 memsz 0x000062c4 flags r-x
    LOAD off    0x000093b0 vaddr 0x000063b0 paddr 0x000063b0 align 2**12
         filesz 0x00000084 memsz 0x00000084 flags r-x
    LOAD off    0x0000a100 vaddr 0x20110100 paddr 0x00006434 align 2**12
         filesz 0x00000238 memsz 0x0000046c flags rw-
    LOAD off    0x00000800 vaddr 0x2017f800 paddr 0x2017f800 align 2**12
         filesz 0x00000000 memsz 0x00000800 flags rw-

Sections:
Idx Name          Size      VMA       LMA       File off  Algn
  0 .init         00000008  00000000  00000000  00001000  2**2
                  CONTENTS, ALLOC, LOAD, READONLY, CODE
  1 .loadcodelalign 00000000  00000008  00000008  0000a338  2**0
                  CONTENTS
  2 .loadcode     000000e4  20110000  00000008  00002000  2**1
                  CONTENTS, ALLOC, LOAD, READONLY, CODE
  3 .highcodelalign 00000000  000000ec  000000ec  0000a338  2**0
                  CONTENTS
  4 .highcode     000062c4  20100000  000000ec  00003000  2**2
                  CONTENTS, ALLOC, LOAD, READONLY, CODE
  5 .text         00000084  000063b0  000063b0  000093b0  2**1
                  CONTENTS, ALLOC, LOAD, READONLY, CODE
  6 .highcodelalign1 00000000  00006434  00006434  0000a338  2**0
                  CONTENTS
  7 .fini         00000000  201062c4  201062c4  0000a338  2**0
                  CONTENTS, ALLOC, LOAD, CODE
  8 .dtors        00000000  201062c4  201062c4  0000a338  2**0
                  CONTENTS
  9 .dalign       00000000  20110100  20110100  0000a338  2**0
                  CONTENTS
 10 .dlalign      00000000  00006434  00006434  0000a338  2**0
                  CONTENTS
 11 .data         00000238  20110100  00006434  0000a100  2**2
                  CONTENTS, ALLOC, LOAD, DATA
 12 .bss          00000234  20110338  0000666c  0000a338  2**2
                  ALLOC
 13 .stack        00000800  2017f800  2017f800  0000a800  2**0
                  ALLOC
 14 .debug_info   00009135  00000000  00000000  0000a338  2**0
                  CONTENTS, READONLY, DEBUGGING, OCTETS
 15 .debug_abbrev 00001a77  00000000  00000000  0001346d  2**0
                  CONTENTS, READONLY, DEBUGGING, OCTETS
 16 .debug_aranges 000009d0  00000000  00000000  00014ee8  2**3
                  CONTENTS, READONLY, DEBUGGING, OCTETS
 17 .debug_rnglists 00000c15  00000000  00000000  000158b8  2**0
                  CONTENTS, READONLY, DEBUGGING, OCTETS
 18 .debug_line   0000c41d  00000000  00000000  000164cd  2**0
                  CONTENTS, READONLY, DEBUGGING, OCTETS
 19 .debug_str    000033d5  00000000  00000000  000228ea  2**0
                  CONTENTS, READONLY, DEBUGGING, OCTETS
 20 .debug_line_str 00000786  00000000  00000000  00025cbf  2**0
                  CONTENTS, READONLY, DEBUGGING, OCTETS
 21 .comment      00000031  00000000  00000000  00026445  2**0
                  CONTENTS, READONLY
 22 .riscv.attributes 00000056  00000000  00000000  00026476  2**0
                  CONTENTS, READONLY
 23 .debug_frame  00001504  00000000  00000000  000264cc  2**2
                  CONTENTS, READONLY, DEBUGGING, OCTETS
 24 .debug_loclists 00003f28  00000000  00000000  000279d0  2**0
                  CONTENTS, READONLY, DEBUGGING, OCTETS
SYMBOL TABLE:
00000000 l    d  .init	00000000 .init
00000008 l    d  .loadcodelalign	00000000 .loadcodelalign
20110000 l    d  .loadcode	00000000 .loadcode
000000ec l    d  .highcodelalign	00000000 .highcodelalign
20100000 l    d  .highcode	00000000 .highcode
000063b0 l    d  .text	00000000 .text
00006434 l    d  .highcodelalign1	00000000 .highcodelalign1
201062c4 l    d  .fini	00000000 .fini
201062c4 l    d  .dtors	00000000 .dtors
20110100 l    d  .dalign	00000000 .dalign
00006434 l    d  .dlalign	00000000 .dlalign
20110100 l    d  .data	00000000 .data
20110338 l    d  .bss	00000000 .bss
2017f800 l    d  .stack	00000000 .stack
00000000 l    d  .debug_info	00000000 .debug_info
00000000 l    d  .debug_abbrev	00000000 .debug_abbrev
00000000 l    d  .debug_aranges	00000000 .debug_aranges
00000000 l    d  .debug_rnglists	00000000 .debug_rnglists
00000000 l    d  .debug_line	00000000 .debug_line
00000000 l    d  .debug_str	00000000 .debug_str
00000000 l    d  .debug_line_str	00000000 .debug_line_str
00000000 l    d  .comment	00000000 .comment
00000000 l    d  .riscv.attributes	00000000 .riscv.attributes
00000000 l    d  .debug_frame	00000000 .debug_frame
00000000 l    d  .debug_loclists	00000000 .debug_loclists
00000000 l    df *ABS*	00000000 startup_ch32h417_v3f.o
20100000 l       .highcode	00000000 _vector_base
20110000 l       .loadcode	00000000 _load_base
00006422 l       .text	00000000 BP
00000000 l    df *ABS*	00000000 save-restore.o
00000000 l    df *ABS*	00000000 lib_a-memset.o
00000000 l    df *ABS*	00000000 lib_a-memcpy-asm.o
00000000 l    df *ABS*	00000000 lib_a-memmove.o
00000000 l    df *ABS*	00000000 ch32h417_it.c
00000000 l    df *ABS*	00000000 main.c
20100312 l     F .highcode	0000006e dual_printf
20100380 l     F .highcode	0000005c print_menu
20105ac0 l     O .highcode	00000078 tracks
2011033e l     O .bss	00000002 env_level
2011033c l     O .bss	00000002 env_target
20110344 l     O .bss	00000004 phase_acc
2011036c l     O .bss	00000200 sine_table
20110340 l     O .bss	00000004 phase_inc
201101e0 l     O .data	00000002 tempo_scale_pct
2011033a l     O .bss	00000002 tempo_offset_ms
20110338 l     O .bss	00000001 pitch_offset_semitones
20110318 l     O .data	00000004 effect_beep
20105c4c l     O .highcode	0000000c effect_double_beep
20105c3c l     O .highcode	00000010 effect_alarm
20105c24 l     O .highcode	00000018 effect_power_up
20105c0c l     O .highcode	00000018 effect_power_down
20110310 l     O .data	00000008 effect_coin
20105bec l     O .highcode	00000020 melody_scale
20105bdc l     O .highcode	00000010 melody_arpeggio
20105b6c l     O .highcode	00000070 melody_happy_birthday
20105b38 l     O .highcode	00000034 melody_got
00000000 l    df *ABS*	00000000 system_ch32h417.c
20110120 l     O .data	00000020 PLLMULTB
20110110 l     O .data	00000010 HBPrescTB
201101e4 l     O .data	00000004 FPRETB
20110100 l     O .data	00000010 SERDESPLLMULTB
00000000 l    df *ABS*	00000000 ch32h417_dac.c
00000000 l    df *ABS*	00000000 ch32h417_flash.c
00000000 l    df *ABS*	00000000 ch32h417_gpio.c
00000000 l    df *ABS*	00000000 ch32h417_rcc.c
20110160 l     O .data	00000020 PLLMULTable
20110150 l     O .data	00000010 HBPrescTable
201101fc l     O .data	00000004 FPRETable
20110140 l     O .data	00000010 SERDESPLLMULTable
201101f4 l     O .data	00000008 PPRE2Table
201101f0 l     O .data	00000004 ADCPRETable
00000000 l    df *ABS*	00000000 ch32h417_tim.c
00000000 l    df *ABS*	00000000 ch32h417_usart.c
00000000 l    df *ABS*	00000000 debug.c
20110350 l     O .bss	00000002 p_us
2011034c l     O .bss	00000004 p_ms
20110200 l     O .data	00000004 curbrk.0
00000000 l    df *ABS*	00000000 lib_a-sf_sin.o
00000000 l    df *ABS*	00000000 lib_a-wf_pow.o
00000000 l    df *ABS*	00000000 lib_a-ef_pow.o
2011032c l     O .data	00000008 bp
2011031c l     O .data	00000008 dp_l
20110324 l     O .data	00000008 dp_h
00000000 l    df *ABS*	00000000 lib_a-ef_rem_pio2.o
20105c58 l     O .highcode	00000080 npio2_hw
20105cd8 l     O .highcode	00000318 two_over_pi
00000000 l    df *ABS*	00000000 lib_a-ef_sqrt.o
20110208 l     O .data	00000004 one
20110204 l     O .data	00000004 tiny
00000000 l    df *ABS*	00000000 lib_a-kf_cos.o
00000000 l    df *ABS*	00000000 lib_a-kf_rem_pio2.o
2010601c l     O .highcode	0000000c init_jk
20105ff0 l     O .highcode	0000002c PIo2
00000000 l    df *ABS*	00000000 lib_a-kf_sin.o
00000000 l    df *ABS*	00000000 lib_a-math_errf.o
20102cae l     F .highcode	0000001e with_errnof
20102ccc l     F .highcode	0000001c xflowf
00000000 l    df *ABS*	00000000 lib_a-sf_fabs.o
00000000 l    df *ABS*	00000000 lib_a-sf_finite.o
00000000 l    df *ABS*	00000000 lib_a-sf_floor.o
00000000 l    df *ABS*	00000000 lib_a-sf_scalbn.o
00000000 l    df *ABS*	00000000 _udivdi3.o
00000000 l    df *ABS*	00000000 addsf3.o
00000000 l    df *ABS*	00000000 divsf3.o
00000000 l    df *ABS*	00000000 eqsf2.o
00000000 l    df *ABS*	00000000 gesf2.o
00000000 l    df *ABS*	00000000 lesf2.o
00000000 l    df *ABS*	00000000 mulsf3.o
00000000 l    df *ABS*	00000000 subsf3.o
00000000 l    df *ABS*	00000000 unordsf2.o
00000000 l    df *ABS*	00000000 fixsfsi.o
00000000 l    df *ABS*	00000000 fixunssfsi.o
00000000 l    df *ABS*	00000000 floatsisf.o
00000000 l    df *ABS*	00000000 floatunsisf.o
00000000 l    df *ABS*	00000000 lib_a-errno.o
00000000 l    df *ABS*	00000000 lib_a-printf.o
00000000 l    df *ABS*	00000000 lib_a-vsnprintf.o
00000000 l    df *ABS*	00000000 lib_a-wbuf.o
00000000 l    df *ABS*	00000000 lib_a-wsetup.o
00000000 l    df *ABS*	00000000 lib_a-fflush.o
00000000 l    df *ABS*	00000000 lib_a-findfp.o
20104678 l     F .highcode	00000066 std
00000000 l    df *ABS*	00000000 lib_a-fwalk.o
00000000 l    df *ABS*	00000000 lib_a-lock.o
00000000 l    df *ABS*	00000000 lib_a-makebuf.o
00000000 l    df *ABS*	00000000 lib_a-nano-freer.o
00000000 l    df *ABS*	00000000 lib_a-nano-mallocr.o
20104a68 l     F .highcode	0000005a sbrk_aligned
00000000 l    df *ABS*	00000000 lib_a-nano-svfprintf.o
00000000 l    df *ABS*	00000000 lib_a-nano-vfprintf_i.o
00000000 l    df *ABS*	00000000 lib_a-nano-vfprintf.o
2010528a l     F .highcode	00000028 __sfputc_r
00000000 l    df *ABS*	00000000 lib_a-sbrkr.o
00000000 l    df *ABS*	00000000 lib_a-stdio.o
00000000 l    df *ABS*	00000000 lib_a-writer.o
00000000 l    df *ABS*	00000000 lib_a-closer.o
00000000 l    df *ABS*	00000000 lib_a-fstatr.o
00000000 l    df *ABS*	00000000 lib_a-isattyr.o
00000000 l    df *ABS*	00000000 lib_a-lseekr.o
00000000 l    df *ABS*	00000000 lib_a-memchr.o
00000000 l    df *ABS*	00000000 lib_a-mlock.o
00000000 l    df *ABS*	00000000 lib_a-nano-reallocr.o
00000000 l    df *ABS*	00000000 lib_a-readr.o
00000000 l    df *ABS*	00000000 lib_a-nano-msizer.o
00000000 l    df *ABS*	00000000 close.o
00000000 l    df *ABS*	00000000 fstat.o
00000000 l    df *ABS*	00000000 isatty.o
00000000 l    df *ABS*	00000000 lseek.o
00000000 l    df *ABS*	00000000 read.o
00000000 l    df *ABS*	00000000 lib_a-impure.o
20110180 l     O .data	00000060 impure_data
2010580c g     F .highcode	00000014 _malloc_usable_size_r
20100c9e  w      .highcode	00000000 TIM8_TRG_COM_IRQHandler
20100c9e  w      .highcode	00000000 TIM8_CC_IRQHandler
20100c9e  w      .highcode	00000000 USART_WKUP_IRQHandler
201056f4 g     F .highcode	00000026 _isatty_r
2010571a g     F .highcode	0000002a _lseek_r
20100c9e  w      .highcode	00000000 SPI4_IRQHandler
20100e2a g     F .highcode	000001e8 GPIO_PinAFConfig
20100c9e  w      .highcode	00000000 DFSDM0_IRQHandler
20104268 g     F .highcode	0000003a printf
201109e0 g       .data	00000000 __global_pointer$
2010025c g     F .highcode	00000028 .hidden __riscv_save_8
20100c9e  w      .highcode	00000000 TIM1_CC_IRQHandler
20105646 g     F .highcode	0000002e __sseek
20104746 g     F .highcode	00000072 __sinit
20104314 g     F .highcode	000000bc __swbuf_r
20100302 g     F .highcode	00000010 HardFault_Handler
20100c9e  w      .highcode	00000000 TIM10_IRQHandler
201046e8 g     F .highcode	00000046 __sfmoreglue
20105764 g     F .highcode	00000008 __malloc_unlock
20100c9e  w      .highcode	00000000 IPC_CH2_Handler
20100c9e  w      .highcode	00000000 USBPD_IRQHandler
201002a8 g     F .highcode	0000000c .hidden __riscv_restore_3
201003dc g     F .highcode	00000118 TIM6_IRQHandler
2010358a g     F .highcode	000002be .hidden __divsf3
20100c9e  w      .highcode	00000000 CAN3_RX1_IRQHandler
20100c9e  w      .highcode	00000000 I3C_ER_IRQHandler
20100c9e  w      .highcode	00000000 SDIO_IRQHandler
201002da g     F .highcode	00000026 memmove
20100294 g     F .highcode	00000020 .hidden __riscv_restore_10
20101748 g     F .highcode	000000b6 powf
20100c9e  w      .highcode	00000000 DMA2_Channel8_IRQHandler
20100300 g     F .highcode	00000002 NMI_Handler
2010404e g     F .highcode	0000005e .hidden __fixsfsi
20100c9e  w      .highcode	00000000 CAN2_RX1_IRQHandler
20100c9e  w      .highcode	00000000 HSEM_Handler
2010025c g     F .highcode	00000028 .hidden __riscv_save_11
20104262 g     F .highcode	00000006 __errno
20101fca g     F .highcode	0000036a __ieee754_rem_pio2f
20100c9e  w      .highcode	00000000 USBHS_IRQHandler
20100c9e  w      .highcode	00000000 LPTIM2_IRQHandler
201015ae g     F .highcode	0000000a USART_GetFlagStatus
201056cc g     F .highcode	00000028 _fstat_r
20110368 g     O .bss	00000004 errno
20110338 g       .bss	00000000 _sbss
00000800 g       *ABS*	00000000 __stack_size
2010160c g     F .highcode	0000006e USART_Printf_Init
20100c9e  w      .highcode	00000000 USBFSWakeup_IRQHandler
20103c9a g     F .highcode	00000378 .hidden __subsf3
20100c9e  w      .highcode	00000000 I2C3_ER_IRQHandler
20100c9e  w      .highcode	00000000 USBFS_IRQHandler
201002a8 g     F .highcode	0000000c .hidden __riscv_restore_2
201002c4 g     F .highcode	00000016 memcpy
20100c9e  w      .highcode	00000000 USART8_IRQHandler
201046de g     F .highcode	0000000a _cleanup_r
20104cae g     F .highcode	00000258 _svfprintf_r
20100c9e  w      .highcode	00000000 I2C2_EV_IRQHandler
2010148e g     F .highcode	00000018 TIM_Cmd
20100c9e  w      .highcode	00000000 CAN1_RX0_IRQHandler
20100d0a g     F .highcode	00000036 FLASH_BOOT_GetMode
201101e8 g     O .data	00000004 SystemCoreClock
20100c9e  w      .highcode	00000000 CAN3_SCE_IRQHandler
201015a6 g     F .highcode	00000008 USART_ReceiveData
2010582c g     F .highcode	0000000c _fstat
00000008 g       .init	00000000 _einit
201014d0 g     F .highcode	0000000c TIM_ClearITPendingBit
20104304 g     F .highcode	00000010 vsnprintf
2010393c g     F .highcode	00000098 .hidden __lesf2
20100254 g     F .highcode	00000030 .hidden __riscv_save_12
20100c9e  w      .highcode	00000000 CAN2_SCE_IRQHandler
20100c9e  w      .highcode	00000000 ADC1_2_IRQHandler
20100d4a g     F .highcode	000000e0 GPIO_Init
20100c9e  w      .highcode	00000000 Break_Point_Handler
20100c9e  w      .highcode	00000000 IPC_CH0_Handler
20100294 g     F .highcode	00000020 .hidden __riscv_restore_11
20100c9e  w      .highcode	00000000 SPI1_IRQHandler
20100c9e  w      .highcode	00000000 USART5_IRQHandler
2010158a g     F .highcode	00000014 USART_Cmd
20102d02 g     F .highcode	0000000e finitef
201055ae g     F .highcode	00000028 _sbrk_r
20100284 g     F .highcode	0000000c .hidden __riscv_save_1
20100d40 g     F .highcode	0000000a FLASH_GetUserOptionByte
201002a8 g     F .highcode	0000000c .hidden __riscv_restore_0
20102cfc g     F .highcode	00000006 fabsf
20100c9e  w      .highcode	00000000 SysTick0_Handler
20100c9e  w      .highcode	00000000 EXTI7_0_IRQHandler
201057e2 g     F .highcode	0000002a _read_r
2010026a g     F .highcode	0000001a .hidden __riscv_save_7
20100c9e  w      .highcode	00000000 CAN2_RX0_IRQHandler
20100c9e  w      .highcode	00000000 TIM8_UP_IRQHandler
20103848 g     F .highcode	0000005e .hidden __nesf2
20100c9e  w      .highcode	00000000 Ecall_M_Mode_Handler
20100c9e  w      .highcode	00000000 ECDC_IRQHandler
20100c9e  w      .highcode	00000000 SDMMC_IRQHandler
2017f800 g       .stack	00000000 _heap_end
20105838 g     F .highcode	0000000c _isatty
2011035c g     O .bss	00000001 __lock___sinit_recursive_mutex
20110334 g     O .data	00000004 _global_impure_ptr
2010029e g     F .highcode	00000016 .hidden __riscv_restore_5
2010576c g     F .highcode	00000076 _realloc_r
20102b9e g     F .highcode	00000110 __kernel_sinf
20100c9e  w      .highcode	00000000 USART7_IRQHandler
20100c9e  w      .highcode	00000000 DMA2_Channel2_IRQHandler
20102e98 g     F .highcode	0000039a .hidden __udivdi3
20100c9e  w      .highcode	00000000 DMA1_Channel4_IRQHandler
201016b4 g     F .highcode	00000026 _sbrk
20100c9e  w      .highcode	00000000 USART6_IRQHandler
20100c9e  w      .highcode	00000000 CAN3_RX0_IRQHandler
201013da g     F .highcode	0000001c RCC_HB2PeriphClockCmd
20100c9e  w      .highcode	00000000 HSADC_IRQHandler
2010029e g     F .highcode	00000016 .hidden __riscv_restore_6
20100c9e  w      .highcode	00000000 USART3_IRQHandler
20100c9e  w      .highcode	00000000 RTC_IRQHandler
2011056c g       .bss	00000000 _ebss
20100c9e  w      .highcode	00000000 DMA1_Channel7_IRQHandler
20104304 g     F .highcode	00000010 vsniprintf
20100c9e  w      .highcode	00000000 CAN1_RX1_IRQHandler
201015b8 g     F .highcode	00000022 Delay_Init
20100c9e  w      .highcode	00000000 DVP_IRQHandler
20110354 g     O .bss	00000001 __lock___malloc_recursive_mutex
20102442 g     F .highcode	0000013a __kernel_cosf
20100c9e  w      .highcode	00000000 USBSS_IRQHandler
20101012 g     F .highcode	00000226 GPIO_IPD_Unused
20100c9e  w      .highcode	00000000 SWPMI_IRQHandler
201038a6 g     F .highcode	00000096 .hidden __gtsf2
20100c9e  w      .highcode	00000000 USBPDWakeUp_IRQHandler
20100c9e  w      .highcode	00000000 EXTI15_8_IRQHandler
20100c9e  w      .highcode	00000000 TIM4_IRQHandler
2010025c g     F .highcode	00000028 .hidden __riscv_save_9
20100c9e  w      .highcode	00000000 DMA2_Channel1_IRQHandler
20100c9e  w      .highcode	00000000 SWPMI_WKUP_IRQHandler
201061d0 g     O .highcode	00000020 __sf_fake_stderr
2010026a g     F .highcode	0000001a .hidden __riscv_save_4
20100c9e  w      .highcode	00000000 I2C1_EV_IRQHandler
201048d4 g     F .highcode	00000002 __retarget_lock_release_recursive
20100c9e  w      .highcode	00000000 USBSSWakeup_IRQHandler
20100c9e  w      .highcode	00000000 USART4_IRQHandler
20104bd0 g     F .highcode	000000de __ssputs_r
201014b8 g     F .highcode	00000018 TIM_GetITStatus
20102ce8 g     F .highcode	0000000a .hidden __math_uflowf
20101238 g     F .highcode	000001a2 RCC_GetClocksFreq
20100c9e  w      .highcode	00000000 DMA1_Channel6_IRQHandler
201052b2 g     F .highcode	00000042 __sfputs_r
20100c9e  w      .highcode	00000000 DMA2_Channel4_IRQHandler
2010472e g     F .highcode	00000006 __sfp_lock_acquire
20105744 g     F .highcode	00000018 memchr
201014dc g     F .highcode	000000ae USART_Init
201049c6 g     F .highcode	000000a2 _free_r
20100c9e  w      .highcode	00000000 TIM3_IRQHandler
20100c9e  w      .highcode	00000000 RCC_IRQHandler
20100284 g     F .highcode	0000000c .hidden __riscv_save_3
20100c9e  w      .highcode	00000000 TIM1_TRG_COM_IRQHandler
20100c9e  w      .highcode	00000000 DMA1_Channel1_IRQHandler
00000000 g       .init	00000000 _start
20100c9e  w      .highcode	00000000 DMA2_Channel7_IRQHandler
20105844 g     F .highcode	0000000c _lseek
201062c4 g       .dtors	00000000 _highcode_vma_end1
201040fa g     F .highcode	000000c0 .hidden __floatsisf
20100c9e  w      .highcode	00000000 QSPI1_IRQHandler
201014a6 g     F .highcode	00000012 TIM_ITConfig
20100000 g       .highcode	00000000 _highcode_vma_start
20100cec g     F .highcode	0000001e DAC_SetChannel1Data
20103848 g     F .highcode	0000005e .hidden __eqsf2
20100c9e  w      .highcode	00000000 DMA1_Channel8_IRQHandler
20100c9e  w      .highcode	00000000 IPC_CH3_Handler
20100c9e  w      .highcode	00000000 I3C_EV_IRQHandler
20100c9e  w      .highcode	00000000 I3C_WKUP_IRQHandler
20100c9e  w      .highcode	00000000 TIM12_IRQHandler
20100c9e  w      .highcode	00000000 TIM7_IRQHandler
201056a6 g     F .highcode	00000026 _close_r
20100c9e  w      .highcode	00000000 CAN2_TX_IRQHandler
20110100 g       .dalign	00000000 _data_vma
20100c9e  w      .highcode	00000000 TIM5_IRQHandler
201013f6 g     F .highcode	0000001c RCC_HB1PeriphClockCmd
20100c9e  w      .highcode	00000000 I2C3_EV_IRQHandler
201043d0 g     F .highcode	000000ee __swsetup_r
20100c9e  w      .highcode	00000000 PIOC_IRQHandler
201047b8 g     F .highcode	000000b0 __sfp
20100c9e  w      .highcode	00000000 TIM9_IRQHandler
20104740 g     F .highcode	00000006 __sinit_lock_release
20100c9e  w      .highcode	00000000 LTDC_IRQHandler
201042a2 g     F .highcode	00000062 _vsnprintf_r
20100c9e  w      .highcode	00000000 SAI_IRQHandler
2010025c g     F .highcode	00000028 .hidden __riscv_save_10
201017fe g     F .highcode	000007cc __ieee754_powf
201055d6 g     F .highcode	0000002a __sread
20100c9e  w      .highcode	00000000 ETH_WKUP_IRQHandler
2010575c g     F .highcode	00000008 __malloc_lock
2010029e g     F .highcode	00000016 .hidden __riscv_restore_4
20100294 g     F .highcode	00000020 .hidden __riscv_restore_8
20102db8 g     F .highcode	000000e0 scalbnf
201045f0 g     F .highcode	00000088 _fflush_r
2010026a g     F .highcode	0000001a .hidden __riscv_save_6
20100c9e  w      .highcode	00000000 SPI2_IRQHandler
20106210 g     O .highcode	00000020 __sf_fake_stdin
20110348 g     O .bss	00000004 HCLKClock
201048d2 g     F .highcode	00000002 __retarget_lock_acquire_recursive
20100c9e  w      .highcode	00000000 IPC_CH1_Handler
00006434 g       .highcodelalign1	00000000 _highcode_lma1
201002b4 g     F .highcode	00000010 memset
20102334 g     F .highcode	0000010e __ieee754_sqrtf
20100294 g     F .highcode	00000020 .hidden __riscv_restore_9
2010029e g     F .highcode	00000016 .hidden __riscv_restore_7
201004f4 g     F .highcode	0000048c main
20100c9e  w      .highcode	00000000 LPTIM1_WKUP_IRQHandler
201048d0 g     F .highcode	00000002 __retarget_lock_init_recursive
201062c4 g       .fini	00000000 _highcode_vma_start1
2010393c g     F .highcode	00000098 .hidden __ltsf2
20100c9e  w      .highcode	00000000 CAN1_TX_IRQHandler
20105674 g     F .highcode	00000006 __sclose
20100c9e  w      .highcode	00000000 DMA2_Channel5_IRQHandler
20104ac2 g     F .highcode	0000010e _malloc_r
20100c9e  w      .highcode	00000000 DMA1_Channel5_IRQHandler
201015da g     F .highcode	00000032 Delay_Ms
201039d4 g     F .highcode	000002c6 .hidden __mulsf3
201100e4 g       .loadcode	00000000 _loadcode_vma_end
20100c9e  w      .highcode	00000000 QSPI2_IRQHandler
000000ec g       .highcodelalign	00000000 _highcode_lma
20100980 g     F .highcode	000001b4 SystemInit
20100c9e  w      .highcode	00000000 RNG_IRQHandler
20104268 g     F .highcode	0000003a iprintf
201060d0 g     O .highcode	00000100 .hidden __clz_tab
00000000 g       .init	00000000 _sinit
201038a6 g     F .highcode	00000096 .hidden __gesf2
2010567a g     F .highcode	0000002c _write_r
20100c9e  w      .highcode	00000000 DMA1_Channel3_IRQHandler
20100c9e  w      .highcode	00000000 ETH_IRQHandler
20104f06 g     F .highcode	0000010a _printf_common
2011020c g     O .data	00000004 _impure_ptr
20100c9e  w      .highcode	00000000 TIM1_UP_IRQHandler
201044be g     F .highcode	00000132 __sflush_r
20104cae g     F .highcode	00000258 _svfiprintf_r
20100c9e  w      .highcode	00000000 WWDG_IRQHandler
20100c9e  w      .highcode	00000000 USBHSWakeup_IRQHandler
20100c9e  w      .highcode	00000000 Ecall_U_Mode_Handler
20100c9e  w      .highcode	00000000 I2C4_EV_IRQHandler
20100c9e  w      .highcode	00000000 CAN3_TX_IRQHandler
20100c9e  w      .highcode	00000000 DMA2_Channel6_IRQHandler
20100c9e  w      .highcode	00000000 TIM2_IRQHandler
20180000 g       .stack	00000000 _eusrstack
201016da g     F .highcode	0000006e sinf
20100284 g     F .highcode	0000000c .hidden __riscv_save_2
201042a2 g     F .highcode	00000062 _vsniprintf_r
20100c9e  w      .highcode	00000000 SW_Handler
201101ec g     O .data	00000004 SystemClock
20100c9e  w      .highcode	00000000 TIM1_BRK_IRQHandler
201048d6 g     F .highcode	0000005a __swhatbuf_r
20100c9e  w      .highcode	00000000 GPHA_IRQHandler
2010159e g     F .highcode	00000008 USART_SendData
2010026a g     F .highcode	0000001a .hidden __riscv_save_5
2010167a g     F .highcode	0000003a _write
20110338 g       .data	00000000 _edata
20110000 g       .loadcode	00000000 _loadcode_vma_start
2011056c g       .bss	00000000 _end
20104012 g     F .highcode	0000003c .hidden __unordsf2
20100cce g     F .highcode	0000001e DAC_Cmd
20100c9e  w      .highcode	00000000 LPTIM2_WKUP_IRQHandler
201062c4 g       .highcode	00000000 _highcode_vma_end
20101412 g     F .highcode	0000007c TIM_TimeBaseInit
20100c9e  w      .highcode	00000000 RTCAlarm_IRQHandler
20100c9e  w      .highcode	00000000 TIM11_IRQHandler
00006434 g       .dlalign	00000000 _data_lma
20100ca0 g     F .highcode	0000002e DAC_Init
20100c9e  w      .highcode	00000000 USART2_IRQHandler
20105600 g     F .highcode	00000046 __swrite
00000008 g       .loadcodelalign	00000000 _loadcode_lma
20100c9e  w      .highcode	00000000 UHSIF_IRQHandler
201052f4 g     F .highcode	000002ba _vfiprintf_r
20104868 g     F .highcode	00000068 _fwalk_reent
201041ba g     F .highcode	000000a8 .hidden __floatunsisf
20100b34 g     F .highcode	0000016a SystemAndCoreClockUpdate
20100c9e  w      .highcode	00000000 I2C2_ER_IRQHandler
20100c9e  w      .highcode	00000000 DMA1_Channel2_IRQHandler
20104734 g     F .highcode	00000006 __sfp_lock_release
201061f0 g     O .highcode	00000020 __sf_fake_stdout
20100290 g     F .highcode	00000024 .hidden __riscv_restore_12
20100c9e  w      .highcode	00000000 TIM8_BRK_IRQHandler
20105850 g     F .highcode	0000000c _read
000063b0  w      .text	00000000 handle_reset
20100c9e  w      .highcode	00000000 CAN1_SCE_IRQHandler
201040ac g     F .highcode	0000004e .hidden __fixunssfsi
20100284 g     F .highcode	0000000c .hidden __riscv_save_0
20100c9e  w      .highcode	00000000 FLASH_IRQHandler
2010257c g     F .highcode	00000622 __kernel_rem_pio2f
20100c9e  w      .highcode	00000000 USART1_IRQHandler
20104930 g     F .highcode	00000096 __smakebuf_r
20102cf2 g     F .highcode	0000000a .hidden __math_oflowf
20105010 g     F .highcode	0000027a _printf_i
20100c9e  w      .highcode	00000000 SPI3_IRQHandler
20110360 g     O .bss	00000004 __malloc_sbrk_start
20100c9e  w      .highcode	00000000 I2C1_ER_IRQHandler
20100c9e  w      .highcode	00000000 FMC_IRQHandler
20102d10 g     F .highcode	000000a8 floorf
20100c9e  w      .highcode	00000000 SysTick1_Handler
20110364 g     O .bss	00000004 __malloc_free_list
201002a8 g     F .highcode	0000000c .hidden __riscv_restore_1
20100c9e  w      .highcode	00000000 LPTIM1_IRQHandler
20100c9e  w      .highcode	00000000 DFSDM1_IRQHandler
201052f4 g     F .highcode	000002ba _vfprintf_r
20100c9e  w      .highcode	00000000 I2C4_ER_IRQHandler
20100c9e  w      .highcode	00000000 SERDES_IRQHandler
20103232 g     F .highcode	00000358 .hidden __addsf3
20100c9e  w      .highcode	00000000 USBSS_LINK_IRQHandler
20110358 g     O .bss	00000001 __lock___sfp_recursive_mutex
20105820 g     F .highcode	0000000c _close
2010473a g     F .highcode	00000006 __sinit_lock_acquire
20100c9e  w      .highcode	00000000 DMA2_Channel3_IRQHandler



Disassembly of section .init:

00000000 <_sinit>:
   0:	3b00606f          	j	63b0 <handle_reset>
   4:	0000                	unimp
	...

Disassembly of section .loadcode:

20110000 <_loadcode_vma_start>:
20110000:	400214b7          	lui	s1,0x40021
20110004:	40e00593          	li	a1,1038
20110008:	c48c                	sw	a1,8(s1)
2011000a:	0004a283          	lw	t0,0(s1) # 40021000 <_eusrstack+0x1fea1000>
2011000e:	01000337          	lui	t1,0x1000
20110012:	0062e2b3          	or	t0,t0,t1
20110016:	0054a023          	sw	t0,0(s1)
2011001a:	0004a383          	lw	t2,0(s1)
2011001e:	02000e37          	lui	t3,0x2000
20110022:	01c3f3b3          	and	t2,t2,t3
20110026:	fe038ae3          	beqz	t2,2011001a <_loadcode_vma_start+0x1a>
2011002a:	0084ae83          	lw	t4,8(s1)
2011002e:	80000f37          	lui	t5,0x80000
20110032:	01eeeeb3          	or	t4,t4,t5
20110036:	01d4a423          	sw	t4,8(s1)
2011003a:	4f89                	li	t6,2
2011003c:	01f4a223          	sw	t6,4(s1)
20110040:	0044a903          	lw	s2,4(s1)
20110044:	49a1                	li	s3,8
20110046:	01397933          	and	s2,s2,s3
2011004a:	fe090be3          	beqz	s2,20110040 <_loadcode_vma_start+0x40>
2011004e:	0ec00513          	li	a0,236
20110052:	ffff0597          	auipc	a1,0xffff0
20110056:	fae58593          	addi	a1,a1,-82 # 20100000 <_highcode_vma_start>
2011005a:	ffff6617          	auipc	a2,0xffff6
2011005e:	26a60613          	addi	a2,a2,618 # 201062c4 <_highcode_vma_end>
20110062:	00c5fa63          	bgeu	a1,a2,20110076 <_loadcode_vma_start+0x76>
20110066:	00052283          	lw	t0,0(a0)
2011006a:	0055a023          	sw	t0,0(a1)
2011006e:	0511                	addi	a0,a0,4
20110070:	0591                	addi	a1,a1,4
20110072:	fec5eae3          	bltu	a1,a2,20110066 <_loadcode_vma_start+0x66>
20110076:	dfef6517          	auipc	a0,0xdfef6
2011007a:	3be50513          	addi	a0,a0,958 # 6434 <_data_lma>
2011007e:	ffff6597          	auipc	a1,0xffff6
20110082:	24658593          	addi	a1,a1,582 # 201062c4 <_highcode_vma_end>
20110086:	ffff6617          	auipc	a2,0xffff6
2011008a:	23e60613          	addi	a2,a2,574 # 201062c4 <_highcode_vma_end>
2011008e:	00c5fa63          	bgeu	a1,a2,201100a2 <_loadcode_vma_start+0xa2>
20110092:	00052283          	lw	t0,0(a0)
20110096:	0055a023          	sw	t0,0(a1)
2011009a:	0511                	addi	a0,a0,4
2011009c:	0591                	addi	a1,a1,4
2011009e:	fec5eae3          	bltu	a1,a2,20110092 <_loadcode_vma_start+0x92>
201100a2:	dfef6517          	auipc	a0,0xdfef6
201100a6:	39250513          	addi	a0,a0,914 # 6434 <_data_lma>
201100aa:	00000597          	auipc	a1,0x0
201100ae:	05658593          	addi	a1,a1,86 # 20110100 <SERDESPLLMULTB>
201100b2:	95818613          	addi	a2,gp,-1704 # 20110338 <pitch_offset_semitones>
201100b6:	00c5fa63          	bgeu	a1,a2,201100ca <_loadcode_vma_start+0xca>
201100ba:	00052283          	lw	t0,0(a0)
201100be:	0055a023          	sw	t0,0(a1)
201100c2:	0511                	addi	a0,a0,4
201100c4:	0591                	addi	a1,a1,4
201100c6:	fec5eae3          	bltu	a1,a2,201100ba <_loadcode_vma_start+0xba>
201100ca:	95818513          	addi	a0,gp,-1704 # 20110338 <pitch_offset_semitones>
201100ce:	b8c18593          	addi	a1,gp,-1140 # 2011056c <_ebss>
201100d2:	00b57763          	bgeu	a0,a1,201100e0 <_loadcode_vma_start+0xe0>
201100d6:	00052023          	sw	zero,0(a0)
201100da:	0511                	addi	a0,a0,4
201100dc:	feb56de3          	bltu	a0,a1,201100d6 <_loadcode_vma_start+0xd6>
201100e0:	8082                	ret
	...

Disassembly of section .highcode:

20100000 <_highcode_vma_start>:
	...
20100008:	20100300          	.word	0x20100300
2010000c:	20100302          	.word	0x20100302
20100010:	00000000          	.word	0x00000000
20100014:	20100c9e          	.word	0x20100c9e
	...
20100020:	20100c9e          	.word	0x20100c9e
20100024:	20100c9e          	.word	0x20100c9e
	...
20100030:	20100c9e          	.word	0x20100c9e
20100034:	20100c9e          	.word	0x20100c9e
20100038:	20100c9e          	.word	0x20100c9e
2010003c:	00000000          	.word	0x00000000
20100040:	20100c9e          	.word	0x20100c9e
20100044:	20100c9e          	.word	0x20100c9e
20100048:	20100c9e          	.word	0x20100c9e
2010004c:	20100c9e          	.word	0x20100c9e
	...
20100070:	20100c9e          	.word	0x20100c9e
	...
20100080:	20100c9e          	.word	0x20100c9e
20100084:	20100c9e          	.word	0x20100c9e
20100088:	20100c9e          	.word	0x20100c9e
2010008c:	20100c9e          	.word	0x20100c9e
20100090:	20100c9e          	.word	0x20100c9e
20100094:	20100c9e          	.word	0x20100c9e
20100098:	20100c9e          	.word	0x20100c9e
2010009c:	20100c9e          	.word	0x20100c9e
201000a0:	20100c9e          	.word	0x20100c9e
201000a4:	20100c9e          	.word	0x20100c9e
201000a8:	20100c9e          	.word	0x20100c9e
201000ac:	20100c9e          	.word	0x20100c9e
201000b0:	20100c9e          	.word	0x20100c9e
201000b4:	20100c9e          	.word	0x20100c9e
201000b8:	20100c9e          	.word	0x20100c9e
201000bc:	20100c9e          	.word	0x20100c9e
201000c0:	20100c9e          	.word	0x20100c9e
201000c4:	20100c9e          	.word	0x20100c9e
201000c8:	20100c9e          	.word	0x20100c9e
201000cc:	20100c9e          	.word	0x20100c9e
201000d0:	20100c9e          	.word	0x20100c9e
201000d4:	20100c9e          	.word	0x20100c9e
201000d8:	20100c9e          	.word	0x20100c9e
201000dc:	20100c9e          	.word	0x20100c9e
201000e0:	20100c9e          	.word	0x20100c9e
201000e4:	20100c9e          	.word	0x20100c9e
201000e8:	20100c9e          	.word	0x20100c9e
201000ec:	20100c9e          	.word	0x20100c9e
201000f0:	20100c9e          	.word	0x20100c9e
201000f4:	20100c9e          	.word	0x20100c9e
201000f8:	20100c9e          	.word	0x20100c9e
201000fc:	20100c9e          	.word	0x20100c9e
20100100:	20100c9e          	.word	0x20100c9e
20100104:	20100c9e          	.word	0x20100c9e
20100108:	20100c9e          	.word	0x20100c9e
2010010c:	20100c9e          	.word	0x20100c9e
20100110:	20100c9e          	.word	0x20100c9e
20100114:	20100c9e          	.word	0x20100c9e
20100118:	20100c9e          	.word	0x20100c9e
2010011c:	20100c9e          	.word	0x20100c9e
20100120:	20100c9e          	.word	0x20100c9e
20100124:	20100c9e          	.word	0x20100c9e
20100128:	20100c9e          	.word	0x20100c9e
2010012c:	20100c9e          	.word	0x20100c9e
20100130:	20100c9e          	.word	0x20100c9e
20100134:	20100c9e          	.word	0x20100c9e
20100138:	20100c9e          	.word	0x20100c9e
2010013c:	20100c9e          	.word	0x20100c9e
20100140:	20100c9e          	.word	0x20100c9e
20100144:	20100c9e          	.word	0x20100c9e
20100148:	20100c9e          	.word	0x20100c9e
2010014c:	20100c9e          	.word	0x20100c9e
20100150:	20100c9e          	.word	0x20100c9e
20100154:	20100c9e          	.word	0x20100c9e
20100158:	20100c9e          	.word	0x20100c9e
2010015c:	20100c9e          	.word	0x20100c9e
20100160:	20100c9e          	.word	0x20100c9e
20100164:	20100c9e          	.word	0x20100c9e
20100168:	20100c9e          	.word	0x20100c9e
2010016c:	20100c9e          	.word	0x20100c9e
20100170:	20100c9e          	.word	0x20100c9e
20100174:	20100c9e          	.word	0x20100c9e
20100178:	20100c9e          	.word	0x20100c9e
2010017c:	20100c9e          	.word	0x20100c9e
20100180:	20100c9e          	.word	0x20100c9e
20100184:	20100c9e          	.word	0x20100c9e
20100188:	20100c9e          	.word	0x20100c9e
2010018c:	20100c9e          	.word	0x20100c9e
20100190:	201003dc          	.word	0x201003dc
20100194:	20100c9e          	.word	0x20100c9e
20100198:	20100c9e          	.word	0x20100c9e
2010019c:	20100c9e          	.word	0x20100c9e
201001a0:	20100c9e          	.word	0x20100c9e
201001a4:	20100c9e          	.word	0x20100c9e
201001a8:	20100c9e          	.word	0x20100c9e
201001ac:	20100c9e          	.word	0x20100c9e
201001b0:	20100c9e          	.word	0x20100c9e
201001b4:	20100c9e          	.word	0x20100c9e
201001b8:	20100c9e          	.word	0x20100c9e
201001bc:	20100c9e          	.word	0x20100c9e
201001c0:	20100c9e          	.word	0x20100c9e
201001c4:	20100c9e          	.word	0x20100c9e
201001c8:	20100c9e          	.word	0x20100c9e
201001cc:	20100c9e          	.word	0x20100c9e
201001d0:	20100c9e          	.word	0x20100c9e
201001d4:	20100c9e          	.word	0x20100c9e
201001d8:	20100c9e          	.word	0x20100c9e
201001dc:	20100c9e          	.word	0x20100c9e
201001e0:	20100c9e          	.word	0x20100c9e
201001e4:	20100c9e          	.word	0x20100c9e
201001e8:	20100c9e          	.word	0x20100c9e
201001ec:	20100c9e          	.word	0x20100c9e
201001f0:	20100c9e          	.word	0x20100c9e
201001f4:	20100c9e          	.word	0x20100c9e
201001f8:	00000000          	.word	0x00000000
201001fc:	20100c9e          	.word	0x20100c9e
20100200:	20100c9e          	.word	0x20100c9e
	...
2010020c:	20100c9e          	.word	0x20100c9e
	...
20100218:	20100c9e          	.word	0x20100c9e
2010021c:	20100c9e          	.word	0x20100c9e
20100220:	20100c9e          	.word	0x20100c9e
20100224:	20100c9e          	.word	0x20100c9e
20100228:	20100c9e          	.word	0x20100c9e
2010022c:	20100c9e          	.word	0x20100c9e
20100230:	20100c9e          	.word	0x20100c9e
20100234:	20100c9e          	.word	0x20100c9e
20100238:	20100c9e          	.word	0x20100c9e
2010023c:	20100c9e          	.word	0x20100c9e
20100240:	20100c9e          	.word	0x20100c9e
20100244:	20100c9e          	.word	0x20100c9e
20100248:	20100c9e          	.word	0x20100c9e
2010024c:	20100c9e          	.word	0x20100c9e
20100250:	20100c9e          	.word	0x20100c9e

20100254 <__riscv_save_12>:
20100254:	7139                	addi	sp,sp,-64
20100256:	4301                	li	t1,0
20100258:	c66e                	sw	s11,12(sp)
2010025a:	a019                	j	20100260 <__riscv_save_10+0x4>

2010025c <__riscv_save_10>:
2010025c:	7139                	addi	sp,sp,-64
2010025e:	5341                	li	t1,-16
20100260:	c86a                	sw	s10,16(sp)
20100262:	ca66                	sw	s9,20(sp)
20100264:	cc62                	sw	s8,24(sp)
20100266:	ce5e                	sw	s7,28(sp)
20100268:	a019                	j	2010026e <__riscv_save_4+0x4>

2010026a <__riscv_save_4>:
2010026a:	7139                	addi	sp,sp,-64
2010026c:	5301                	li	t1,-32
2010026e:	d05a                	sw	s6,32(sp)
20100270:	d256                	sw	s5,36(sp)
20100272:	d452                	sw	s4,40(sp)
20100274:	d64e                	sw	s3,44(sp)
20100276:	d84a                	sw	s2,48(sp)
20100278:	da26                	sw	s1,52(sp)
2010027a:	dc22                	sw	s0,56(sp)
2010027c:	de06                	sw	ra,60(sp)
2010027e:	40610133          	sub	sp,sp,t1
20100282:	8282                	jr	t0

20100284 <__riscv_save_0>:
20100284:	1141                	addi	sp,sp,-16
20100286:	c04a                	sw	s2,0(sp)
20100288:	c226                	sw	s1,4(sp)
2010028a:	c422                	sw	s0,8(sp)
2010028c:	c606                	sw	ra,12(sp)
2010028e:	8282                	jr	t0

20100290 <__riscv_restore_12>:
20100290:	4db2                	lw	s11,12(sp)
20100292:	0141                	addi	sp,sp,16

20100294 <__riscv_restore_10>:
20100294:	4d02                	lw	s10,0(sp)
20100296:	4c92                	lw	s9,4(sp)
20100298:	4c22                	lw	s8,8(sp)
2010029a:	4bb2                	lw	s7,12(sp)
2010029c:	0141                	addi	sp,sp,16

2010029e <__riscv_restore_4>:
2010029e:	4b02                	lw	s6,0(sp)
201002a0:	4a92                	lw	s5,4(sp)
201002a2:	4a22                	lw	s4,8(sp)
201002a4:	49b2                	lw	s3,12(sp)
201002a6:	0141                	addi	sp,sp,16

201002a8 <__riscv_restore_0>:
201002a8:	4902                	lw	s2,0(sp)
201002aa:	4492                	lw	s1,4(sp)
201002ac:	4422                	lw	s0,8(sp)
201002ae:	40b2                	lw	ra,12(sp)
201002b0:	0141                	addi	sp,sp,16
201002b2:	8082                	ret

201002b4 <memset>:
201002b4:	832a                	mv	t1,a0
201002b6:	c611                	beqz	a2,201002c2 <memset+0xe>
201002b8:	00b30023          	sb	a1,0(t1) # 1000000 <_data_lma+0xff9bcc>
201002bc:	167d                	addi	a2,a2,-1
201002be:	0305                	addi	t1,t1,1
201002c0:	fe65                	bnez	a2,201002b8 <memset+0x4>
201002c2:	8082                	ret

201002c4 <memcpy>:
201002c4:	832a                	mv	t1,a0
201002c6:	ca09                	beqz	a2,201002d8 <memcpy+0x14>
201002c8:	00058383          	lb	t2,0(a1)
201002cc:	00730023          	sb	t2,0(t1)
201002d0:	167d                	addi	a2,a2,-1
201002d2:	0305                	addi	t1,t1,1
201002d4:	0585                	addi	a1,a1,1
201002d6:	fa6d                	bnez	a2,201002c8 <memcpy+0x4>
201002d8:	8082                	ret

201002da <memmove>:
201002da:	c215                	beqz	a2,201002fe <memmove+0x24>
201002dc:	832a                	mv	t1,a0
201002de:	4685                	li	a3,1
201002e0:	00b56763          	bltu	a0,a1,201002ee <memmove+0x14>
201002e4:	56fd                	li	a3,-1
201002e6:	fff60713          	addi	a4,a2,-1
201002ea:	933a                	add	t1,t1,a4
201002ec:	95ba                	add	a1,a1,a4
201002ee:	00058383          	lb	t2,0(a1)
201002f2:	00730023          	sb	t2,0(t1)
201002f6:	167d                	addi	a2,a2,-1
201002f8:	9336                	add	t1,t1,a3
201002fa:	95b6                	add	a1,a1,a3
201002fc:	fa6d                	bnez	a2,201002ee <memmove+0x14>
201002fe:	8082                	ret

20100300 <NMI_Handler>:
20100300:	a001                	j	20100300 <NMI_Handler>

20100302 <HardFault_Handler>:
20100302:	beef07b7          	lui	a5,0xbeef0
20100306:	e000e737          	lui	a4,0xe000e
2010030a:	08078793          	addi	a5,a5,128 # beef0080 <_eusrstack+0x9ed70080>
2010030e:	c73c                	sw	a5,72(a4)
20100310:	a001                	j	20100310 <HardFault_Handler+0xe>

20100312 <dual_printf>:
20100312:	7131                	addi	sp,sp,-192
20100314:	d32e                	sw	a1,164(sp)
20100316:	d532                	sw	a2,168(sp)
20100318:	d736                	sw	a3,172(sp)
2010031a:	862a                	mv	a2,a0
2010031c:	1154                	addi	a3,sp,164
2010031e:	08000593          	li	a1,128
20100322:	0808                	addi	a0,sp,16
20100324:	cf06                	sw	ra,156(sp)
20100326:	cd22                	sw	s0,152(sp)
20100328:	cb26                	sw	s1,148(sp)
2010032a:	d93a                	sw	a4,176(sp)
2010032c:	db3e                	sw	a5,180(sp)
2010032e:	dd42                	sw	a6,184(sp)
20100330:	df46                	sw	a7,188(sp)
20100332:	c636                	sw	a3,12(sp)
20100334:	c94a                	sw	s2,144(sp)
20100336:	7cf030ef          	jal	ra,20104304 <vsniprintf>
2010033a:	20106537          	lui	a0,0x20106
2010033e:	080c                	addi	a1,sp,16
20100340:	85c50513          	addi	a0,a0,-1956 # 2010585c <_read+0xc>
20100344:	400044b7          	lui	s1,0x40004
20100348:	721030ef          	jal	ra,20104268 <iprintf>
2010034c:	0800                	addi	s0,sp,16
2010034e:	40048493          	addi	s1,s1,1024 # 40004400 <_eusrstack+0x1fe84400>
20100352:	00040903          	lb	s2,0(s0)
20100356:	00091863          	bnez	s2,20100366 <dual_printf+0x54>
2010035a:	40fa                	lw	ra,156(sp)
2010035c:	446a                	lw	s0,152(sp)
2010035e:	44da                	lw	s1,148(sp)
20100360:	494a                	lw	s2,144(sp)
20100362:	6129                	addi	sp,sp,192
20100364:	8082                	ret
20100366:	0405                	addi	s0,s0,1
20100368:	08000593          	li	a1,128
2010036c:	8526                	mv	a0,s1
2010036e:	240010ef          	jal	ra,201015ae <USART_GetFlagStatus>
20100372:	d97d                	beqz	a0,20100368 <dual_printf+0x56>
20100374:	0ff97593          	zext.b	a1,s2
20100378:	8526                	mv	a0,s1
2010037a:	224010ef          	jal	ra,2010159e <USART_SendData>
2010037e:	bfd1                	j	20100352 <dual_printf+0x40>

20100380 <print_menu>:
20100380:	eebff2ef          	jal	t0,2010026a <__riscv_save_4>
20100384:	20106537          	lui	a0,0x20106
20100388:	86050513          	addi	a0,a0,-1952 # 20105860 <_read+0x10>
2010038c:	3759                	jal	20100312 <dual_printf>
2010038e:	20106537          	lui	a0,0x20106
20100392:	88850513          	addi	a0,a0,-1912 # 20105888 <_read+0x38>
20100396:	20106437          	lui	s0,0x20106
2010039a:	3fa5                	jal	20100312 <dual_printf>
2010039c:	ac040413          	addi	s0,s0,-1344 # 20105ac0 <tracks>
201003a0:	4481                	li	s1,0
201003a2:	201069b7          	lui	s3,0x20106
201003a6:	4929                	li	s2,10
201003a8:	4010                	lw	a2,0(s0)
201003aa:	c609                	beqz	a2,201003b4 <print_menu+0x34>
201003ac:	85a6                	mv	a1,s1
201003ae:	8a098513          	addi	a0,s3,-1888 # 201058a0 <_read+0x50>
201003b2:	3785                	jal	20100312 <dual_printf>
201003b4:	0485                	addi	s1,s1,1
201003b6:	0431                	addi	s0,s0,12
201003b8:	ff2498e3          	bne	s1,s2,201003a8 <print_menu+0x28>
201003bc:	20106537          	lui	a0,0x20106
201003c0:	8ac50513          	addi	a0,a0,-1876 # 201058ac <_read+0x5c>
201003c4:	37b9                	jal	20100312 <dual_printf>
201003c6:	20106537          	lui	a0,0x20106
201003ca:	8e050513          	addi	a0,a0,-1824 # 201058e0 <_read+0x90>
201003ce:	3791                	jal	20100312 <dual_printf>
201003d0:	20106537          	lui	a0,0x20106
201003d4:	90450513          	addi	a0,a0,-1788 # 20105904 <_read+0xb4>
201003d8:	3f2d                	jal	20100312 <dual_printf>
201003da:	b5d1                	j	2010029e <__riscv_restore_4>

201003dc <TIM6_IRQHandler>:
201003dc:	7139                	addi	sp,sp,-64
201003de:	d62a                	sw	a0,44(sp)
201003e0:	d42e                	sw	a1,40(sp)
201003e2:	40001537          	lui	a0,0x40001
201003e6:	4585                	li	a1,1
201003e8:	de06                	sw	ra,60(sp)
201003ea:	dc16                	sw	t0,56(sp)
201003ec:	da1a                	sw	t1,52(sp)
201003ee:	d81e                	sw	t2,48(sp)
201003f0:	d232                	sw	a2,36(sp)
201003f2:	d036                	sw	a3,32(sp)
201003f4:	ce3a                	sw	a4,28(sp)
201003f6:	cc3e                	sw	a5,24(sp)
201003f8:	ca42                	sw	a6,20(sp)
201003fa:	c846                	sw	a7,16(sp)
201003fc:	c672                	sw	t3,12(sp)
201003fe:	c476                	sw	t4,8(sp)
20100400:	c27a                	sw	t5,4(sp)
20100402:	c07e                	sw	t6,0(sp)
20100404:	0b4010ef          	jal	ra,201014b8 <TIM_GetITStatus>
20100408:	c95d                	beqz	a0,201004be <TIM6_IRQHandler+0xe2>
2010040a:	4585                	li	a1,1
2010040c:	40001537          	lui	a0,0x40001
20100410:	0c0010ef          	jal	ra,201014d0 <TIM_ClearITPendingBit>
20100414:	95e1d603          	lhu	a2,-1698(gp) # 2011033e <env_level>
20100418:	95c1d683          	lhu	a3,-1700(gp) # 2011033c <env_target>
2010041c:	02d67663          	bgeu	a2,a3,20100448 <TIM6_IRQHandler+0x6c>
20100420:	95e1d683          	lhu	a3,-1698(gp) # 2011033e <env_level>
20100424:	0691                	addi	a3,a3,4
20100426:	0806c6b3          	zext.h	a3,a3
2010042a:	94d19f23          	sh	a3,-1698(gp) # 2011033e <env_level>
2010042e:	95e1d603          	lhu	a2,-1698(gp) # 2011033e <env_level>
20100432:	95c1d683          	lhu	a3,-1700(gp) # 2011033c <env_target>
20100436:	02c6fc63          	bgeu	a3,a2,2010046e <TIM6_IRQHandler+0x92>
2010043a:	95c1d703          	lhu	a4,-1700(gp) # 2011033c <env_target>
2010043e:	08074733          	zext.h	a4,a4
20100442:	94e19f23          	sh	a4,-1698(gp) # 2011033e <env_level>
20100446:	a025                	j	2010046e <TIM6_IRQHandler+0x92>
20100448:	95e1d603          	lhu	a2,-1698(gp) # 2011033e <env_level>
2010044c:	95c1d683          	lhu	a3,-1700(gp) # 2011033c <env_target>
20100450:	00c6ff63          	bgeu	a3,a2,2010046e <TIM6_IRQHandler+0x92>
20100454:	95e1d603          	lhu	a2,-1698(gp) # 2011033e <env_level>
20100458:	468d                	li	a3,3
2010045a:	08c6e563          	bltu	a3,a2,201004e4 <TIM6_IRQHandler+0x108>
2010045e:	94019f23          	sh	zero,-1698(gp) # 2011033e <env_level>
20100462:	95e1d603          	lhu	a2,-1698(gp) # 2011033e <env_level>
20100466:	95c1d683          	lhu	a3,-1700(gp) # 2011033c <env_target>
2010046a:	fcd668e3          	bltu	a2,a3,2010043a <TIM6_IRQHandler+0x5e>
2010046e:	95e1d703          	lhu	a4,-1698(gp) # 2011033e <env_level>
20100472:	28b01593          	bseti	a1,zero,0xb
20100476:	c329                	beqz	a4,201004b8 <TIM6_IRQHandler+0xdc>
20100478:	9641a703          	lw	a4,-1692(gp) # 20110344 <phase_acc>
2010047c:	20110637          	lui	a2,0x20110
20100480:	95e1d503          	lhu	a0,-1698(gp) # 2011033e <env_level>
20100484:	01875793          	srli	a5,a4,0x18
20100488:	36c60713          	addi	a4,a2,876 # 2011036c <sine_table>
2010048c:	20e7a7b3          	sh1add	a5,a5,a4
20100490:	00079583          	lh	a1,0(a5)
20100494:	10000793          	li	a5,256
20100498:	02a585b3          	mul	a1,a1,a0
2010049c:	02f5c5b3          	div	a1,a1,a5
201004a0:	28b01793          	bseti	a5,zero,0xb
201004a4:	95be                	add	a1,a1,a5
201004a6:	9601a703          	lw	a4,-1696(gp) # 20110340 <phase_inc>
201004aa:	9641a783          	lw	a5,-1692(gp) # 20110344 <phase_acc>
201004ae:	0805c5b3          	zext.h	a1,a1
201004b2:	97ba                	add	a5,a5,a4
201004b4:	96f1a223          	sw	a5,-1692(gp) # 20110344 <phase_acc>
201004b8:	4501                	li	a0,0
201004ba:	033000ef          	jal	ra,20100cec <DAC_SetChannel1Data>
201004be:	50f2                	lw	ra,60(sp)
201004c0:	52e2                	lw	t0,56(sp)
201004c2:	5352                	lw	t1,52(sp)
201004c4:	53c2                	lw	t2,48(sp)
201004c6:	5532                	lw	a0,44(sp)
201004c8:	55a2                	lw	a1,40(sp)
201004ca:	5612                	lw	a2,36(sp)
201004cc:	5682                	lw	a3,32(sp)
201004ce:	4772                	lw	a4,28(sp)
201004d0:	47e2                	lw	a5,24(sp)
201004d2:	4852                	lw	a6,20(sp)
201004d4:	48c2                	lw	a7,16(sp)
201004d6:	4e32                	lw	t3,12(sp)
201004d8:	4ea2                	lw	t4,8(sp)
201004da:	4f12                	lw	t5,4(sp)
201004dc:	4f82                	lw	t6,0(sp)
201004de:	6121                	addi	sp,sp,64
201004e0:	30200073          	mret
201004e4:	95e1d683          	lhu	a3,-1698(gp) # 2011033e <env_level>
201004e8:	16f1                	addi	a3,a3,-4
201004ea:	0806c6b3          	zext.h	a3,a3
201004ee:	94d19f23          	sh	a3,-1698(gp) # 2011033e <env_level>
201004f2:	bf85                	j	20100462 <TIM6_IRQHandler+0x86>

201004f4 <main>:
201004f4:	d69ff2ef          	jal	t0,2010025c <__riscv_save_10>
201004f8:	7179                	addi	sp,sp,-48
201004fa:	2159                	jal	20100980 <SystemInit>
201004fc:	64f1                	lui	s1,0x1c
201004fe:	2d1d                	jal	20100b34 <SystemAndCoreClockUpdate>
20100500:	0b8010ef          	jal	ra,201015b8 <Delay_Init>
20100504:	20048513          	addi	a0,s1,512 # 1c200 <_data_lma+0x15dcc>
20100508:	104010ef          	jal	ra,2010160c <USART_Printf_Init>
2010050c:	6511                	lui	a0,0x4
2010050e:	4585                	li	a1,1
20100510:	0515                	addi	a0,a0,5 # 4005 <__stack_size+0x3805>
20100512:	40011437          	lui	s0,0x40011
20100516:	ca02                	sw	zero,20(sp)
20100518:	cc02                	sw	zero,24(sp)
2010051a:	ce02                	sw	zero,28(sp)
2010051c:	d002                	sw	zero,32(sp)
2010051e:	d202                	sw	zero,36(sp)
20100520:	d402                	sw	zero,40(sp)
20100522:	d602                	sw	zero,44(sp)
20100524:	6b7000ef          	jal	ra,201013da <RCC_HB2PeriphClockCmd>
20100528:	461d                	li	a2,7
2010052a:	80040513          	addi	a0,s0,-2048 # 40010800 <_eusrstack+0x1fe90800>
2010052e:	45a9                	li	a1,10
20100530:	0fb000ef          	jal	ra,20100e2a <GPIO_PinAFConfig>
20100534:	40000793          	li	a5,1024
20100538:	498d                	li	s3,3
2010053a:	4911                	li	s2,4
2010053c:	80040513          	addi	a0,s0,-2048
20100540:	084c                	addi	a1,sp,20
20100542:	82fc                	sh	a5,20(sp)
20100544:	40014a37          	lui	s4,0x40014
20100548:	cc4e                	sw	s3,24(sp)
2010054a:	ce4a                	sw	s2,28(sp)
2010054c:	20048493          	addi	s1,s1,512
20100550:	7fa000ef          	jal	ra,20100d4a <GPIO_Init>
20100554:	800a0513          	addi	a0,s4,-2048 # 40013800 <_eusrstack+0x1fe93800>
20100558:	d026                	sw	s1,32(sp)
2010055a:	100c                	addi	a1,sp,32
2010055c:	000c04b7          	lui	s1,0xc0
20100560:	d426                	sw	s1,40(sp)
20100562:	d202                	sw	zero,36(sp)
20100564:	02011623          	sh	zero,44(sp)
20100568:	775000ef          	jal	ra,201014dc <USART_Init>
2010056c:	800a0513          	addi	a0,s4,-2048
20100570:	4585                	li	a1,1
20100572:	018010ef          	jal	ra,2010158a <USART_Cmd>
20100576:	4585                	li	a1,1
20100578:	02100513          	li	a0,33
2010057c:	ca02                	sw	zero,20(sp)
2010057e:	cc02                	sw	zero,24(sp)
20100580:	ce02                	sw	zero,28(sp)
20100582:	d002                	sw	zero,32(sp)
20100584:	d202                	sw	zero,36(sp)
20100586:	d402                	sw	zero,40(sp)
20100588:	d602                	sw	zero,44(sp)
2010058a:	651000ef          	jal	ra,201013da <RCC_HB2PeriphClockCmd>
2010058e:	4585                	li	a1,1
20100590:	00020537          	lui	a0,0x20
20100594:	663000ef          	jal	ra,201013f6 <RCC_HB1PeriphClockCmd>
20100598:	40040513          	addi	a0,s0,1024
2010059c:	461d                	li	a2,7
2010059e:	4595                	li	a1,5
201005a0:	08b000ef          	jal	ra,20100e2a <GPIO_PinAFConfig>
201005a4:	461d                	li	a2,7
201005a6:	40040513          	addi	a0,s0,1024
201005aa:	4599                	li	a1,6
201005ac:	07f000ef          	jal	ra,20100e2a <GPIO_PinAFConfig>
201005b0:	02000793          	li	a5,32
201005b4:	40040513          	addi	a0,s0,1024
201005b8:	82fc                	sh	a5,20(sp)
201005ba:	084c                	addi	a1,sp,20
201005bc:	47e1                	li	a5,24
201005be:	cc4e                	sw	s3,24(sp)
201005c0:	ce3e                	sw	a5,28(sp)
201005c2:	788000ef          	jal	ra,20100d4a <GPIO_Init>
201005c6:	04000793          	li	a5,64
201005ca:	40040513          	addi	a0,s0,1024
201005ce:	084c                	addi	a1,sp,20
201005d0:	82fc                	sh	a5,20(sp)
201005d2:	ce4a                	sw	s2,28(sp)
201005d4:	776000ef          	jal	ra,20100d4a <GPIO_Init>
201005d8:	40004437          	lui	s0,0x40004
201005dc:	6789                	lui	a5,0x2
201005de:	58078793          	addi	a5,a5,1408 # 2580 <__stack_size+0x1d80>
201005e2:	40040513          	addi	a0,s0,1024 # 40004400 <_eusrstack+0x1fe84400>
201005e6:	100c                	addi	a1,sp,32
201005e8:	d03e                	sw	a5,32(sp)
201005ea:	d426                	sw	s1,40(sp)
201005ec:	d202                	sw	zero,36(sp)
201005ee:	02011623          	sh	zero,44(sp)
201005f2:	6eb000ef          	jal	ra,201014dc <USART_Init>
201005f6:	40040513          	addi	a0,s0,1024
201005fa:	4585                	li	a1,1
201005fc:	78f000ef          	jal	ra,2010158a <USART_Cmd>
20100600:	12c00513          	li	a0,300
20100604:	7d7000ef          	jal	ra,201015da <Delay_Ms>
20100608:	8381aa83          	lw	s5,-1992(gp) # 20110218 <_impure_ptr+0xc>
2010060c:	83c1aa03          	lw	s4,-1988(gp) # 2011021c <_impure_ptr+0x10>
20100610:	8401a983          	lw	s3,-1984(gp) # 20110220 <_impure_ptr+0x14>
20100614:	20110437          	lui	s0,0x20110
20100618:	36c40413          	addi	s0,s0,876 # 2011036c <sine_table>
2010061c:	4481                	li	s1,0
2010061e:	10000913          	li	s2,256
20100622:	8526                	mv	a0,s1
20100624:	2d7030ef          	jal	ra,201040fa <__floatsisf>
20100628:	85d6                	mv	a1,s5
2010062a:	3aa030ef          	jal	ra,201039d4 <__mulsf3>
2010062e:	85d2                	mv	a1,s4
20100630:	3a4030ef          	jal	ra,201039d4 <__mulsf3>
20100634:	0a6010ef          	jal	ra,201016da <sinf>
20100638:	85ce                	mv	a1,s3
2010063a:	39a030ef          	jal	ra,201039d4 <__mulsf3>
2010063e:	211030ef          	jal	ra,2010404e <__fixsfsi>
20100642:	a00a                	sh	a0,0(s0)
20100644:	0485                	addi	s1,s1,1 # c0001 <_data_lma+0xb9bcd>
20100646:	0409                	addi	s0,s0,2
20100648:	fd249de3          	bne	s1,s2,20100622 <main+0x12e>
2010064c:	4585                	li	a1,1
2010064e:	4511                	li	a0,4
20100650:	ca02                	sw	zero,20(sp)
20100652:	cc02                	sw	zero,24(sp)
20100654:	ce02                	sw	zero,28(sp)
20100656:	d002                	sw	zero,32(sp)
20100658:	d202                	sw	zero,36(sp)
2010065a:	d402                	sw	zero,40(sp)
2010065c:	d602                	sw	zero,44(sp)
2010065e:	57d000ef          	jal	ra,201013da <RCC_HB2PeriphClockCmd>
20100662:	4585                	li	a1,1
20100664:	20000537          	lui	a0,0x20000
20100668:	58f000ef          	jal	ra,201013f6 <RCC_HB1PeriphClockCmd>
2010066c:	40011537          	lui	a0,0x40011
20100670:	478d                	li	a5,3
20100672:	4441                	li	s0,16
20100674:	084c                	addi	a1,sp,20
20100676:	80050513          	addi	a0,a0,-2048 # 40010800 <_eusrstack+0x1fe90800>
2010067a:	cc3e                	sw	a5,24(sp)
2010067c:	82e0                	sh	s0,20(sp)
2010067e:	ce02                	sw	zero,28(sp)
20100680:	6ca000ef          	jal	ra,20100d4a <GPIO_Init>
20100684:	100c                	addi	a1,sp,32
20100686:	4501                	li	a0,0
20100688:	d002                	sw	zero,32(sp)
2010068a:	d202                	sw	zero,36(sp)
2010068c:	d602                	sw	zero,44(sp)
2010068e:	2d09                	jal	20100ca0 <DAC_Init>
20100690:	4585                	li	a1,1
20100692:	4501                	li	a0,0
20100694:	2d2d                	jal	20100cce <DAC_Cmd>
20100696:	28b01593          	bseti	a1,zero,0xb
2010069a:	4501                	li	a0,0
2010069c:	2d81                	jal	20100cec <DAC_SetChannel1Data>
2010069e:	4585                	li	a1,1
201006a0:	4541                	li	a0,16
201006a2:	d002                	sw	zero,32(sp)
201006a4:	d202                	sw	zero,36(sp)
201006a6:	02011423          	sh	zero,40(sp)
201006aa:	54d000ef          	jal	ra,201013f6 <RCC_HB1PeriphClockCmd>
201006ae:	8081a783          	lw	a5,-2040(gp) # 201101e8 <SystemCoreClock>
201006b2:	000f4737          	lui	a4,0xf4
201006b6:	24070713          	addi	a4,a4,576 # f4240 <_data_lma+0xede0c>
201006ba:	02e7d7b3          	divu	a5,a5,a4
201006be:	100c                	addi	a1,sp,32
201006c0:	40001537          	lui	a0,0x40001
201006c4:	02011123          	sh	zero,34(sp)
201006c8:	17fd                	addi	a5,a5,-1
201006ca:	02f11023          	sh	a5,32(sp)
201006ce:	03d00793          	li	a5,61
201006d2:	d23e                	sw	a5,36(sp)
201006d4:	53f000ef          	jal	ra,20101412 <TIM_TimeBaseInit>
201006d8:	4605                	li	a2,1
201006da:	4585                	li	a1,1
201006dc:	40001537          	lui	a0,0x40001
201006e0:	5c7000ef          	jal	ra,201014a6 <TIM_ITConfig>
201006e4:	e000e7b7          	lui	a5,0xe000e
201006e8:	1087a623          	sw	s0,268(a5) # e000e10c <_eusrstack+0xbfe8e10c>
201006ec:	4585                	li	a1,1
201006ee:	40001537          	lui	a0,0x40001
201006f2:	59d000ef          	jal	ra,2010148e <TIM_Cmd>
201006f6:	3169                	jal	20100380 <print_menu>
201006f8:	8441aa83          	lw	s5,-1980(gp) # 20110224 <_impure_ptr+0x18>
201006fc:	8341a983          	lw	s3,-1996(gp) # 20110214 <_impure_ptr+0x8>
20100700:	8301aa03          	lw	s4,-2000(gp) # 20110210 <_impure_ptr+0x4>
20100704:	40014437          	lui	s0,0x40014
20100708:	02000593          	li	a1,32
2010070c:	80040513          	addi	a0,s0,-2048 # 40013800 <_eusrstack+0x1fe93800>
20100710:	69f000ef          	jal	ra,201015ae <USART_GetFlagStatus>
20100714:	c121                	beqz	a0,20100754 <main+0x260>
20100716:	80040513          	addi	a0,s0,-2048
2010071a:	68d000ef          	jal	ra,201015a6 <USART_ReceiveData>
2010071e:	0ff57513          	zext.b	a0,a0
20100722:	fd050593          	addi	a1,a0,-48 # 40000fd0 <_eusrstack+0x1fe80fd0>
20100726:	0ff5f593          	zext.b	a1,a1
2010072a:	47a5                	li	a5,9
2010072c:	14b7e763          	bltu	a5,a1,2010087a <main+0x386>
20100730:	47b1                	li	a5,12
20100732:	02f587b3          	mul	a5,a1,a5
20100736:	20106437          	lui	s0,0x20106
2010073a:	ac040413          	addi	s0,s0,-1344 # 20105ac0 <tracks>
2010073e:	943e                	add	s0,s0,a5
20100740:	00442b83          	lw	s7,4(s0)
20100744:	020b9463          	bnez	s7,2010076c <main+0x278>
20100748:	20106537          	lui	a0,0x20106
2010074c:	91850513          	addi	a0,a0,-1768 # 20105918 <_read+0xc8>
20100750:	36c9                	jal	20100312 <dual_printf>
20100752:	bf4d                	j	20100704 <main+0x210>
20100754:	40004437          	lui	s0,0x40004
20100758:	02000593          	li	a1,32
2010075c:	40040513          	addi	a0,s0,1024 # 40004400 <_eusrstack+0x1fe84400>
20100760:	64f000ef          	jal	ra,201015ae <USART_GetFlagStatus>
20100764:	d145                	beqz	a0,20100704 <main+0x210>
20100766:	40040513          	addi	a0,s0,1024
2010076a:	bf45                	j	2010071a <main+0x226>
2010076c:	4010                	lw	a2,0(s0)
2010076e:	20106537          	lui	a0,0x20106
20100772:	93050513          	addi	a0,a0,-1744 # 20105930 <_read+0xe0>
20100776:	3e71                	jal	20100312 <dual_printf>
20100778:	00845c03          	lhu	s8,8(s0)
2010077c:	4481                	li	s1,0
2010077e:	20110cb7          	lui	s9,0x20110
20100782:	0184e863          	bltu	s1,s8,20100792 <main+0x29e>
20100786:	20106537          	lui	a0,0x20106
2010078a:	98050513          	addi	a0,a0,-1664 # 20105980 <_read+0x130>
2010078e:	3651                	jal	20100312 <dual_printf>
20100790:	bf95                	j	20100704 <main+0x210>
20100792:	1e0cd703          	lhu	a4,480(s9) # 201101e0 <tempo_scale_pct>
20100796:	2174c7b3          	sh2add	a5,s1,s7
2010079a:	0007db03          	lhu	s6,0(a5)
2010079e:	23be                	lhu	a5,2(a5)
201007a0:	4901                	li	s2,0
201007a2:	02e787b3          	mul	a5,a5,a4
201007a6:	06400713          	li	a4,100
201007aa:	02e7c7b3          	div	a5,a5,a4
201007ae:	95a19403          	lh	s0,-1702(gp) # 2011033a <tempo_offset_ms>
201007b2:	943e                	add	s0,s0,a5
201007b4:	6785                	lui	a5,0x1
201007b6:	38878793          	addi	a5,a5,904 # 1388 <__stack_size+0xb88>
201007ba:	0af44433          	min	s0,s0,a5
201007be:	47a9                	li	a5,10
201007c0:	0af46433          	max	s0,s0,a5
201007c4:	040b0863          	beqz	s6,20100814 <main+0x320>
201007c8:	95818503          	lb	a0,-1704(gp) # 20110338 <pitch_offset_semitones>
201007cc:	895a                	mv	s2,s6
201007ce:	c139                	beqz	a0,20100814 <main+0x320>
201007d0:	12b030ef          	jal	ra,201040fa <__floatsisf>
201007d4:	85aa                	mv	a1,a0
201007d6:	8556                	mv	a0,s5
201007d8:	771000ef          	jal	ra,20101748 <powf>
201007dc:	c62a                	sw	a0,12(sp)
201007de:	855a                	mv	a0,s6
201007e0:	1db030ef          	jal	ra,201041ba <__floatunsisf>
201007e4:	45b2                	lw	a1,12(sp)
201007e6:	1ee030ef          	jal	ra,201039d4 <__mulsf3>
201007ea:	85ce                	mv	a1,s3
201007ec:	892a                	mv	s2,a0
201007ee:	14e030ef          	jal	ra,2010393c <__lesf2>
201007f2:	04054c63          	bltz	a0,2010084a <main+0x356>
201007f6:	85d2                	mv	a1,s4
201007f8:	854a                	mv	a0,s2
201007fa:	0ac030ef          	jal	ra,201038a6 <__gesf2>
201007fe:	04a04863          	bgtz	a0,2010084e <main+0x35a>
20100802:	8481a583          	lw	a1,-1976(gp) # 20110228 <_impure_ptr+0x1c>
20100806:	854a                	mv	a0,s2
20100808:	22b020ef          	jal	ra,20103232 <__addsf3>
2010080c:	0a1030ef          	jal	ra,201040ac <__fixunssfsi>
20100810:	08054933          	zext.h	s2,a0
20100814:	0485                	addi	s1,s1,1
20100816:	20106537          	lui	a0,0x20106
2010081a:	875a                	mv	a4,s6
2010081c:	87a2                	mv	a5,s0
2010081e:	86ca                	mv	a3,s2
20100820:	8662                	mv	a2,s8
20100822:	85a6                	mv	a1,s1
20100824:	95050513          	addi	a0,a0,-1712 # 20105950 <_read+0x100>
20100828:	241030ef          	jal	ra,20104268 <iprintf>
2010082c:	02091363          	bnez	s2,20100852 <main+0x35e>
20100830:	94019e23          	sh	zero,-1700(gp) # 2011033c <env_target>
20100834:	8522                	mv	a0,s0
20100836:	5a5000ef          	jal	ra,201015da <Delay_Ms>
2010083a:	453d                	li	a0,15
2010083c:	94019e23          	sh	zero,-1700(gp) # 2011033c <env_target>
20100840:	0804c4b3          	zext.h	s1,s1
20100844:	597000ef          	jal	ra,201015da <Delay_Ms>
20100848:	bf2d                	j	20100782 <main+0x28e>
2010084a:	894e                	mv	s2,s3
2010084c:	bf5d                	j	20100802 <main+0x30e>
2010084e:	8952                	mv	s2,s4
20100850:	bf4d                	j	20100802 <main+0x30e>
20100852:	6611                	lui	a2,0x4
20100854:	e8060613          	addi	a2,a2,-384 # 3e80 <__stack_size+0x3680>
20100858:	4681                	li	a3,0
2010085a:	4501                	li	a0,0
2010085c:	85ca                	mv	a1,s2
2010085e:	63a020ef          	jal	ra,20102e98 <__udivdi3>
20100862:	96a1a023          	sw	a0,-1696(gp) # 20110340 <phase_inc>
20100866:	95e1d783          	lhu	a5,-1698(gp) # 2011033e <env_level>
2010086a:	e399                	bnez	a5,20100870 <main+0x37c>
2010086c:	9601a223          	sw	zero,-1692(gp) # 20110344 <phase_acc>
20100870:	10000793          	li	a5,256
20100874:	94f19e23          	sh	a5,-1700(gp) # 2011033c <env_target>
20100878:	bf75                	j	20100834 <main+0x340>
2010087a:	05500793          	li	a5,85
2010087e:	06a7e463          	bltu	a5,a0,201008e6 <main+0x3f2>
20100882:	04300793          	li	a5,67
20100886:	02a7e463          	bltu	a5,a0,201008ae <main+0x3ba>
2010088a:	02b00793          	li	a5,43
2010088e:	08f50163          	beq	a0,a5,20100910 <main+0x41c>
20100892:	02a7ed63          	bltu	a5,a0,201008cc <main+0x3d8>
20100896:	47a9                	li	a5,10
20100898:	e6f506e3          	beq	a0,a5,20100704 <main+0x210>
2010089c:	47b5                	li	a5,13
2010089e:	e6f503e3          	beq	a0,a5,20100704 <main+0x210>
201008a2:	85aa                	mv	a1,a0
201008a4:	20106537          	lui	a0,0x20106
201008a8:	9ec50513          	addi	a0,a0,-1556 # 201059ec <_read+0x19c>
201008ac:	b555                	j	20100750 <main+0x25c>
201008ae:	fbc50793          	addi	a5,a0,-68
201008b2:	0ff7f793          	zext.b	a5,a5
201008b6:	4745                	li	a4,17
201008b8:	fef765e3          	bltu	a4,a5,201008a2 <main+0x3ae>
201008bc:	20106737          	lui	a4,0x20106
201008c0:	9fc70713          	addi	a4,a4,-1540 # 201059fc <_read+0x1ac>
201008c4:	20e7c7b3          	sh2add	a5,a5,a4
201008c8:	439c                	lw	a5,0(a5)
201008ca:	8782                	jr	a5
201008cc:	02d00793          	li	a5,45
201008d0:	fcf519e3          	bne	a0,a5,201008a2 <main+0x3ae>
201008d4:	20110737          	lui	a4,0x20110
201008d8:	1e075783          	lhu	a5,480(a4) # 201101e0 <tempo_scale_pct>
201008dc:	46d1                	li	a3,20
201008de:	04f6f463          	bgeu	a3,a5,20100926 <main+0x432>
201008e2:	17d9                	addi	a5,a5,-10
201008e4:	a83d                	j	20100922 <main+0x42e>
201008e6:	f9c50793          	addi	a5,a0,-100
201008ea:	b7e1                	j	201008b2 <main+0x3be>
201008ec:	3c51                	jal	20100380 <print_menu>
201008ee:	bd19                	j	20100704 <main+0x210>
201008f0:	95a1d583          	lhu	a1,-1702(gp) # 2011033a <tempo_offset_ms>
201008f4:	05d1                	addi	a1,a1,20
201008f6:	20106537          	lui	a0,0x20106
201008fa:	60559593          	sext.h	a1,a1
201008fe:	99050513          	addi	a0,a0,-1648 # 20105990 <_read+0x140>
20100902:	94b19d23          	sh	a1,-1702(gp) # 2011033a <tempo_offset_ms>
20100906:	b5a9                	j	20100750 <main+0x25c>
20100908:	95a1d583          	lhu	a1,-1702(gp) # 2011033a <tempo_offset_ms>
2010090c:	15b1                	addi	a1,a1,-20
2010090e:	b7e5                	j	201008f6 <main+0x402>
20100910:	20110737          	lui	a4,0x20110
20100914:	1e075783          	lhu	a5,480(a4) # 201101e0 <tempo_scale_pct>
20100918:	18f00693          	li	a3,399
2010091c:	00f6e563          	bltu	a3,a5,20100926 <main+0x432>
20100920:	07a9                	addi	a5,a5,10
20100922:	1ef71023          	sh	a5,480(a4)
20100926:	20106537          	lui	a0,0x20106
2010092a:	1e075583          	lhu	a1,480(a4)
2010092e:	9a850513          	addi	a0,a0,-1624 # 201059a8 <_read+0x158>
20100932:	bd39                	j	20100750 <main+0x25c>
20100934:	95818783          	lb	a5,-1704(gp) # 20110338 <pitch_offset_semitones>
20100938:	02300693          	li	a3,35
2010093c:	00f6c563          	blt	a3,a5,20100946 <main+0x452>
20100940:	0785                	addi	a5,a5,1
20100942:	94f18c23          	sb	a5,-1704(gp) # 20110338 <pitch_offset_semitones>
20100946:	20106537          	lui	a0,0x20106
2010094a:	95818583          	lb	a1,-1704(gp) # 20110338 <pitch_offset_semitones>
2010094e:	9bc50513          	addi	a0,a0,-1604 # 201059bc <_read+0x16c>
20100952:	bbfd                	j	20100750 <main+0x25c>
20100954:	95818783          	lb	a5,-1704(gp) # 20110338 <pitch_offset_semitones>
20100958:	56a5                	li	a3,-23
2010095a:	fed7c6e3          	blt	a5,a3,20100946 <main+0x452>
2010095e:	17fd                	addi	a5,a5,-1
20100960:	b7cd                	j	20100942 <main+0x44e>
20100962:	94019d23          	sh	zero,-1702(gp) # 2011033a <tempo_offset_ms>
20100966:	06400713          	li	a4,100
2010096a:	201107b7          	lui	a5,0x20110
2010096e:	1ee79023          	sh	a4,480(a5) # 201101e0 <tempo_scale_pct>
20100972:	20106537          	lui	a0,0x20106
20100976:	94018c23          	sb	zero,-1704(gp) # 20110338 <pitch_offset_semitones>
2010097a:	9d450513          	addi	a0,a0,-1580 # 201059d4 <_read+0x184>
2010097e:	bd01                	j	2010078e <main+0x29a>

20100980 <SystemInit>:
20100980:	905ff2ef          	jal	t0,20100284 <__riscv_save_0>
20100984:	400217b7          	lui	a5,0x40021
20100988:	4398                	lw	a4,0(a5)
2010098a:	305c06b7          	lui	a3,0x305c0
2010098e:	1141                	addi	sp,sp,-16
20100990:	00176713          	ori	a4,a4,1
20100994:	c398                	sw	a4,0(a5)
20100996:	43d8                	lw	a4,4(a5)
20100998:	40021437          	lui	s0,0x40021
2010099c:	8f75                	and	a4,a4,a3
2010099e:	c3d8                	sw	a4,4(a5)
201009a0:	405c                	lw	a5,4(s0)
201009a2:	8bb1                	andi	a5,a5,12
201009a4:	fff5                	bnez	a5,201009a0 <SystemInit+0x20>
201009a6:	405c                	lw	a5,4(s0)
201009a8:	6aa70737          	lui	a4,0x6aa70
201009ac:	177d                	addi	a4,a4,-1 # 6aa6ffff <_eusrstack+0x4a8effff>
201009ae:	49679793          	bclri	a5,a5,0x16
201009b2:	c05c                	sw	a5,4(s0)
201009b4:	441c                	lw	a5,8(s0)
201009b6:	49f79793          	bclri	a5,a5,0x1f
201009ba:	c41c                	sw	a5,8(s0)
201009bc:	401c                	lw	a5,0(s0)
201009be:	8ff9                	and	a5,a5,a4
201009c0:	c01c                	sw	a5,0(s0)
201009c2:	401c                	lw	a5,0(s0)
201009c4:	0fffc737          	lui	a4,0xfffc
201009c8:	49279793          	bclri	a5,a5,0x12
201009cc:	c01c                	sw	a5,0(s0)
201009ce:	441c                	lw	a5,8(s0)
201009d0:	8ff9                	and	a5,a5,a4
201009d2:	c41c                	sw	a5,8(s0)
201009d4:	441c                	lw	a5,8(s0)
201009d6:	0c600737          	lui	a4,0xc600
201009da:	0047e793          	ori	a5,a5,4
201009de:	c41c                	sw	a5,8(s0)
201009e0:	00ff07b7          	lui	a5,0xff0
201009e4:	c45c                	sw	a5,12(s0)
201009e6:	581c                	lw	a5,48(s0)
201009e8:	8ff9                	and	a5,a5,a4
201009ea:	d81c                	sw	a5,48(s0)
201009ec:	585c                	lw	a5,52(s0)
201009ee:	fff0e737          	lui	a4,0xfff0e
201009f2:	08070713          	addi	a4,a4,128 # fff0e080 <_eusrstack+0xdfd8e080>
201009f6:	8ff9                	and	a5,a5,a4
201009f8:	d85c                	sw	a5,52(s0)
201009fa:	585c                	lw	a5,52(s0)
201009fc:	00080737          	lui	a4,0x80
20100a00:	02070713          	addi	a4,a4,32 # 80020 <_data_lma+0x79bec>
20100a04:	8fd9                	or	a5,a5,a4
20100a06:	d85c                	sw	a5,52(s0)
20100a08:	2529                	jal	20101012 <GPIO_IPD_Unused>
20100a0a:	c202                	sw	zero,4(sp)
20100a0c:	c402                	sw	zero,8(sp)
20100a0e:	c602                	sw	zero,12(sp)
20100a10:	401c                	lw	a5,0(s0)
20100a12:	400216b7          	lui	a3,0x40021
20100a16:	00020637          	lui	a2,0x20
20100a1a:	29079793          	bseti	a5,a5,0x10
20100a1e:	01000737          	lui	a4,0x1000
20100a22:	c01c                	sw	a5,0(s0)
20100a24:	429c                	lw	a5,0(a3)
20100a26:	8ff1                	and	a5,a5,a2
20100a28:	c43e                	sw	a5,8(sp)
20100a2a:	4792                	lw	a5,4(sp)
20100a2c:	0785                	addi	a5,a5,1 # ff0001 <_data_lma+0xfe9bcd>
20100a2e:	c23e                	sw	a5,4(sp)
20100a30:	47a2                	lw	a5,8(sp)
20100a32:	e781                	bnez	a5,20100a3a <SystemInit+0xba>
20100a34:	4792                	lw	a5,4(sp)
20100a36:	fee797e3          	bne	a5,a4,20100a24 <SystemInit+0xa4>
20100a3a:	400217b7          	lui	a5,0x40021
20100a3e:	439c                	lw	a5,0(a5)
20100a40:	00020737          	lui	a4,0x20
20100a44:	8ff9                	and	a5,a5,a4
20100a46:	c7ed                	beqz	a5,20100b30 <SystemInit+0x1b0>
20100a48:	4785                	li	a5,1
20100a4a:	c43e                	sw	a5,8(sp)
20100a4c:	4722                	lw	a4,8(sp)
20100a4e:	4785                	li	a5,1
20100a50:	0cf71d63          	bne	a4,a5,20100b2a <SystemInit+0x1aa>
20100a54:	400217b7          	lui	a5,0x40021
20100a58:	4798                	lw	a4,8(a5)
20100a5a:	76f1                	lui	a3,0xffffc
20100a5c:	0ff68693          	addi	a3,a3,255 # ffffc0ff <_eusrstack+0xdfe7c0ff>
20100a60:	9b01                	andi	a4,a4,-32
20100a62:	c798                	sw	a4,8(a5)
20100a64:	4798                	lw	a4,8(a5)
20100a66:	01076713          	ori	a4,a4,16
20100a6a:	c798                	sw	a4,8(a5)
20100a6c:	4798                	lw	a4,8(a5)
20100a6e:	8f75                	and	a4,a4,a3
20100a70:	c798                	sw	a4,8(a5)
20100a72:	4798                	lw	a4,8(a5)
20100a74:	02000693          	li	a3,32
20100a78:	c798                	sw	a4,8(a5)
20100a7a:	4798                	lw	a4,8(a5)
20100a7c:	f1f77713          	andi	a4,a4,-225
20100a80:	c798                	sw	a4,8(a5)
20100a82:	4798                	lw	a4,8(a5)
20100a84:	02076713          	ori	a4,a4,32
20100a88:	c798                	sw	a4,8(a5)
20100a8a:	4798                	lw	a4,8(a5)
20100a8c:	0e077713          	andi	a4,a4,224
20100a90:	fed71de3          	bne	a4,a3,20100a8a <SystemInit+0x10a>
20100a94:	4398                	lw	a4,0(a5)
20100a96:	020006b7          	lui	a3,0x2000
20100a9a:	29871713          	bseti	a4,a4,0x18
20100a9e:	c398                	sw	a4,0(a5)
20100aa0:	400217b7          	lui	a5,0x40021
20100aa4:	4398                	lw	a4,0(a5)
20100aa6:	8f75                	and	a4,a4,a3
20100aa8:	df75                	beqz	a4,20100aa4 <SystemInit+0x124>
20100aaa:	4798                	lw	a4,8(a5)
20100aac:	900006b7          	lui	a3,0x90000
20100ab0:	16fd                	addi	a3,a3,-1 # 8fffffff <_eusrstack+0x6fe7ffff>
20100ab2:	49f71713          	bclri	a4,a4,0x1f
20100ab6:	c798                	sw	a4,8(a5)
20100ab8:	4798                	lw	a4,8(a5)
20100aba:	8f75                	and	a4,a4,a3
20100abc:	c798                	sw	a4,8(a5)
20100abe:	700006b7          	lui	a3,0x70000
20100ac2:	400217b7          	lui	a5,0x40021
20100ac6:	4798                	lw	a4,8(a5)
20100ac8:	8f75                	and	a4,a4,a3
20100aca:	ff75                	bnez	a4,20100ac6 <SystemInit+0x146>
20100acc:	43d8                	lw	a4,4(a5)
20100ace:	fffd06b7          	lui	a3,0xfffd0
20100ad2:	16fd                	addi	a3,a3,-1 # fffcffff <_eusrstack+0xdfe4ffff>
20100ad4:	f0f77713          	andi	a4,a4,-241
20100ad8:	c3d8                	sw	a4,4(a5)
20100ada:	43d8                	lw	a4,4(a5)
20100adc:	c3d8                	sw	a4,4(a5)
20100ade:	43d8                	lw	a4,4(a5)
20100ae0:	8f75                	and	a4,a4,a3
20100ae2:	c3d8                	sw	a4,4(a5)
20100ae4:	43d8                	lw	a4,4(a5)
20100ae6:	400226b7          	lui	a3,0x40022
20100aea:	29171713          	bseti	a4,a4,0x11
20100aee:	c3d8                	sw	a4,4(a5)
20100af0:	4298                	lw	a4,0(a3)
20100af2:	c63a                	sw	a4,12(sp)
20100af4:	4732                	lw	a4,12(sp)
20100af6:	9b71                	andi	a4,a4,-4
20100af8:	c63a                	sw	a4,12(sp)
20100afa:	4732                	lw	a4,12(sp)
20100afc:	00176713          	ori	a4,a4,1
20100b00:	c63a                	sw	a4,12(sp)
20100b02:	4732                	lw	a4,12(sp)
20100b04:	c298                	sw	a4,0(a3)
20100b06:	4798                	lw	a4,8(a5)
20100b08:	400216b7          	lui	a3,0x40021
20100b0c:	29f71713          	bseti	a4,a4,0x1f
20100b10:	c798                	sw	a4,8(a5)
20100b12:	43d8                	lw	a4,4(a5)
20100b14:	9b71                	andi	a4,a4,-4
20100b16:	c3d8                	sw	a4,4(a5)
20100b18:	43d8                	lw	a4,4(a5)
20100b1a:	00276713          	ori	a4,a4,2
20100b1e:	c3d8                	sw	a4,4(a5)
20100b20:	4721                	li	a4,8
20100b22:	42dc                	lw	a5,4(a3)
20100b24:	8bb1                	andi	a5,a5,12
20100b26:	fee79ee3          	bne	a5,a4,20100b22 <SystemInit+0x1a2>
20100b2a:	0141                	addi	sp,sp,16
20100b2c:	f7cff06f          	j	201002a8 <__riscv_restore_0>
20100b30:	c402                	sw	zero,8(sp)
20100b32:	bf29                	j	20100a4c <SystemInit+0xcc>

20100b34 <SystemAndCoreClockUpdate>:
20100b34:	400217b7          	lui	a5,0x40021
20100b38:	43d4                	lw	a3,4(a5)
20100b3a:	4798                	lw	a4,8(a5)
20100b3c:	4621                	li	a2,8
20100b3e:	8ab1                	andi	a3,a3,12
20100b40:	02c69463          	bne	a3,a2,20100b68 <SystemAndCoreClockUpdate+0x34>
20100b44:	700006b7          	lui	a3,0x70000
20100b48:	8f75                	and	a4,a4,a3
20100b4a:	50000637          	lui	a2,0x50000
20100b4e:	14c70363          	beq	a4,a2,20100c94 <SystemAndCoreClockUpdate+0x160>
20100b52:	02e66063          	bltu	a2,a4,20100b72 <SystemAndCoreClockUpdate+0x3e>
20100b56:	c71d                	beqz	a4,20100b84 <SystemAndCoreClockUpdate+0x50>
20100b58:	1c9c47b7          	lui	a5,0x1c9c4
20100b5c:	400006b7          	lui	a3,0x40000
20100b60:	80078793          	addi	a5,a5,-2048 # 1c9c3800 <_data_lma+0x1c9bd3cc>
20100b64:	06d70763          	beq	a4,a3,20100bd2 <SystemAndCoreClockUpdate+0x9e>
20100b68:	017d87b7          	lui	a5,0x17d8
20100b6c:	84078793          	addi	a5,a5,-1984 # 17d7840 <_data_lma+0x17d140c>
20100b70:	a08d                	j	20100bd2 <SystemAndCoreClockUpdate+0x9e>
20100b72:	60000637          	lui	a2,0x60000
20100b76:	10c70063          	beq	a4,a2,20100c76 <SystemAndCoreClockUpdate+0x142>
20100b7a:	077367b7          	lui	a5,0x7736
20100b7e:	94078793          	addi	a5,a5,-1728 # 7735940 <_data_lma+0x772f50c>
20100b82:	b7cd                	j	20100b64 <SystemAndCoreClockUpdate+0x30>
20100b84:	4790                	lw	a2,8(a5)
20100b86:	4794                	lw	a3,8(a5)
20100b88:	4798                	lw	a4,8(a5)
20100b8a:	0a000593          	li	a1,160
20100b8e:	0e06f693          	andi	a3,a3,224
20100b92:	8321                	srli	a4,a4,0x8
20100b94:	03f77713          	andi	a4,a4,63
20100b98:	8a7d                	andi	a2,a2,31
20100b9a:	0705                	addi	a4,a4,1 # 20001 <_data_lma+0x19bcd>
20100b9c:	08b69263          	bne	a3,a1,20100c20 <SystemAndCoreClockUpdate+0xec>
20100ba0:	1dcd67b7          	lui	a5,0x1dcd6
20100ba4:	50078793          	addi	a5,a5,1280 # 1dcd6500 <_data_lma+0x1dcd00cc>
20100ba8:	02e7d733          	divu	a4,a5,a4
20100bac:	201107b7          	lui	a5,0x20110
20100bb0:	12078793          	addi	a5,a5,288 # 20110120 <PLLMULTB>
20100bb4:	97b2                	add	a5,a5,a2
20100bb6:	239c                	lbu	a5,0(a5)
20100bb8:	4691                	li	a3,4
20100bba:	02e787b3          	mul	a5,a5,a4
20100bbe:	00d60963          	beq	a2,a3,20100bd0 <SystemAndCoreClockUpdate+0x9c>
20100bc2:	6685                	lui	a3,0x1
20100bc4:	54068693          	addi	a3,a3,1344 # 1540 <__stack_size+0xd40>
20100bc8:	00c6d6b3          	srl	a3,a3,a2
20100bcc:	8a85                	andi	a3,a3,1
20100bce:	c291                	beqz	a3,20100bd2 <SystemAndCoreClockUpdate+0x9e>
20100bd0:	8385                	srli	a5,a5,0x1
20100bd2:	80f1a623          	sw	a5,-2036(gp) # 201101ec <SystemClock>
20100bd6:	40021637          	lui	a2,0x40021
20100bda:	4254                	lw	a3,4(a2)
20100bdc:	20110737          	lui	a4,0x20110
20100be0:	11070713          	addi	a4,a4,272 # 20110110 <HBPrescTB>
20100be4:	8291                	srli	a3,a3,0x4
20100be6:	8abd                	andi	a3,a3,15
20100be8:	9736                	add	a4,a4,a3
20100bea:	2318                	lbu	a4,0(a4)
20100bec:	201106b7          	lui	a3,0x20110
20100bf0:	1e468693          	addi	a3,a3,484 # 201101e4 <FPRETB>
20100bf4:	00e7d7b3          	srl	a5,a5,a4
20100bf8:	4258                	lw	a4,4(a2)
20100bfa:	6641                	lui	a2,0x10
20100bfc:	8341                	srli	a4,a4,0x10
20100bfe:	8b0d                	andi	a4,a4,3
20100c00:	9736                	add	a4,a4,a3
20100c02:	2318                	lbu	a4,0(a4)
20100c04:	00e7d733          	srl	a4,a5,a4
20100c08:	96e1a423          	sw	a4,-1688(gp) # 20110348 <HCLKClock>
20100c0c:	e000f6b7          	lui	a3,0xe000f
20100c10:	d106a683          	lw	a3,-752(a3) # e000ed10 <_eusrstack+0xbfe8ed10>
20100c14:	8ef1                	and	a3,a3,a2
20100c16:	e291                	bnez	a3,20100c1a <SystemAndCoreClockUpdate+0xe6>
20100c18:	87ba                	mv	a5,a4
20100c1a:	80f1a423          	sw	a5,-2040(gp) # 201101e8 <SystemCoreClock>
20100c1e:	8082                	ret
20100c20:	0e000593          	li	a1,224
20100c24:	02b69263          	bne	a3,a1,20100c48 <SystemAndCoreClockUpdate+0x114>
20100c28:	5bd4                	lw	a3,52(a5)
20100c2a:	201107b7          	lui	a5,0x20110
20100c2e:	10078793          	addi	a5,a5,256 # 20110100 <SERDESPLLMULTB>
20100c32:	82c1                	srli	a3,a3,0x10
20100c34:	97b6                	add	a5,a5,a3
20100c36:	239c                	lbu	a5,0(a5)
20100c38:	017d86b7          	lui	a3,0x17d8
20100c3c:	84068693          	addi	a3,a3,-1984 # 17d7840 <_data_lma+0x17d140c>
20100c40:	02d787b3          	mul	a5,a5,a3
20100c44:	8385                	srli	a5,a5,0x1
20100c46:	b78d                	j	20100ba8 <SystemAndCoreClockUpdate+0x74>
20100c48:	08000793          	li	a5,128
20100c4c:	00f69763          	bne	a3,a5,20100c5a <SystemAndCoreClockUpdate+0x126>
20100c50:	1c9c47b7          	lui	a5,0x1c9c4
20100c54:	80078793          	addi	a5,a5,-2048 # 1c9c3800 <_data_lma+0x1c9bd3cc>
20100c58:	bf81                	j	20100ba8 <SystemAndCoreClockUpdate+0x74>
20100c5a:	0c000793          	li	a5,192
20100c5e:	00f69763          	bne	a3,a5,20100c6c <SystemAndCoreClockUpdate+0x138>
20100c62:	077367b7          	lui	a5,0x7736
20100c66:	94078793          	addi	a5,a5,-1728 # 7735940 <_data_lma+0x772f50c>
20100c6a:	bf3d                	j	20100ba8 <SystemAndCoreClockUpdate+0x74>
20100c6c:	017d87b7          	lui	a5,0x17d8
20100c70:	84078793          	addi	a5,a5,-1984 # 17d7840 <_data_lma+0x17d140c>
20100c74:	bf15                	j	20100ba8 <SystemAndCoreClockUpdate+0x74>
20100c76:	5bd8                	lw	a4,52(a5)
20100c78:	201107b7          	lui	a5,0x20110
20100c7c:	10078793          	addi	a5,a5,256 # 20110100 <SERDESPLLMULTB>
20100c80:	8341                	srli	a4,a4,0x10
20100c82:	97ba                	add	a5,a5,a4
20100c84:	239c                	lbu	a5,0(a5)
20100c86:	017d8737          	lui	a4,0x17d8
20100c8a:	84070713          	addi	a4,a4,-1984 # 17d7840 <_data_lma+0x17d140c>
20100c8e:	02e787b3          	mul	a5,a5,a4
20100c92:	bf3d                	j	20100bd0 <SystemAndCoreClockUpdate+0x9c>
20100c94:	1dcd67b7          	lui	a5,0x1dcd6
20100c98:	50078793          	addi	a5,a5,1280 # 1dcd6500 <_data_lma+0x1dcd00cc>
20100c9c:	bf1d                	j	20100bd2 <SystemAndCoreClockUpdate+0x9e>

20100c9e <ADC1_2_IRQHandler>:
20100c9e:	a001                	j	20100c9e <ADC1_2_IRQHandler>

20100ca0 <DAC_Init>:
20100ca0:	400076b7          	lui	a3,0x40007
20100ca4:	40068693          	addi	a3,a3,1024 # 40007400 <_eusrstack+0x1fe87400>
20100ca8:	429c                	lw	a5,0(a3)
20100caa:	6705                	lui	a4,0x1
20100cac:	1779                	addi	a4,a4,-2 # ffe <__stack_size+0x7fe>
20100cae:	00a71733          	sll	a4,a4,a0
20100cb2:	41d0                	lw	a2,4(a1)
20100cb4:	40e7f733          	andn	a4,a5,a4
20100cb8:	419c                	lw	a5,0(a1)
20100cba:	8fd1                	or	a5,a5,a2
20100cbc:	4590                	lw	a2,8(a1)
20100cbe:	8fd1                	or	a5,a5,a2
20100cc0:	45d0                	lw	a2,12(a1)
20100cc2:	8fd1                	or	a5,a5,a2
20100cc4:	00a79533          	sll	a0,a5,a0
20100cc8:	8d59                	or	a0,a0,a4
20100cca:	c288                	sw	a0,0(a3)
20100ccc:	8082                	ret

20100cce <DAC_Cmd>:
20100cce:	400077b7          	lui	a5,0x40007
20100cd2:	40078793          	addi	a5,a5,1024 # 40007400 <_eusrstack+0x1fe87400>
20100cd6:	4398                	lw	a4,0(a5)
20100cd8:	28a01533          	bset	a0,zero,a0
20100cdc:	c581                	beqz	a1,20100ce4 <DAC_Cmd+0x16>
20100cde:	8f49                	or	a4,a4,a0
20100ce0:	c398                	sw	a4,0(a5)
20100ce2:	8082                	ret
20100ce4:	40a77533          	andn	a0,a4,a0
20100ce8:	c388                	sw	a0,0(a5)
20100cea:	8082                	ret

20100cec <DAC_SetChannel1Data>:
20100cec:	1141                	addi	sp,sp,-16
20100cee:	400077b7          	lui	a5,0x40007
20100cf2:	c602                	sw	zero,12(sp)
20100cf4:	40078793          	addi	a5,a5,1024 # 40007400 <_eusrstack+0x1fe87400>
20100cf8:	c63e                	sw	a5,12(sp)
20100cfa:	47b2                	lw	a5,12(sp)
20100cfc:	07a1                	addi	a5,a5,8
20100cfe:	97aa                	add	a5,a5,a0
20100d00:	c63e                	sw	a5,12(sp)
20100d02:	47b2                	lw	a5,12(sp)
20100d04:	c38c                	sw	a1,0(a5)
20100d06:	0141                	addi	sp,sp,16
20100d08:	8082                	ret

20100d0a <FLASH_BOOT_GetMode>:
20100d0a:	1101                	addi	sp,sp,-32
20100d0c:	ce06                	sw	ra,28(sp)
20100d0e:	cc22                	sw	s0,24(sp)
20100d10:	1000                	addi	s0,sp,32
20100d12:	080007b7          	lui	a5,0x8000
20100d16:	439c                	lw	a5,0(a5)
20100d18:	fef42623          	sw	a5,-20(s0) # 40020fec <_eusrstack+0x1fea0fec>
20100d1c:	2015                	jal	20100d40 <FLASH_GetUserOptionByte>
20100d1e:	87aa                	mv	a5,a0
20100d20:	fef42623          	sw	a5,-20(s0)
20100d24:	fec42783          	lw	a5,-20(s0)
20100d28:	f007f793          	andi	a5,a5,-256
20100d2c:	fef42623          	sw	a5,-20(s0)
20100d30:	fec42783          	lw	a5,-20(s0)
20100d34:	8399                	srli	a5,a5,0x6
20100d36:	853e                	mv	a0,a5
20100d38:	40f2                	lw	ra,28(sp)
20100d3a:	4462                	lw	s0,24(sp)
20100d3c:	6105                	addi	sp,sp,32
20100d3e:	8082                	ret

20100d40 <FLASH_GetUserOptionByte>:
20100d40:	400227b7          	lui	a5,0x40022
20100d44:	4fc8                	lw	a0,28(a5)
20100d46:	8109                	srli	a0,a0,0x2
20100d48:	8082                	ret

20100d4a <GPIO_Init>:
20100d4a:	459c                	lw	a5,8(a1)
20100d4c:	0005d803          	lhu	a6,0(a1)
20100d50:	0107f713          	andi	a4,a5,16
20100d54:	00f7f893          	andi	a7,a5,15
20100d58:	cb1d                	beqz	a4,20100d8e <GPIO_Init+0x44>
20100d5a:	4d58                	lw	a4,28(a0)
20100d5c:	0018e893          	ori	a7,a7,1
20100d60:	4681                	li	a3,0
20100d62:	4e8d                	li	t4,3
20100d64:	4e41                	li	t3,16
20100d66:	28d01633          	bset	a2,zero,a3
20100d6a:	00c87333          	and	t1,a6,a2
20100d6e:	00661c63          	bne	a2,t1,20100d86 <GPIO_Init+0x3c>
20100d72:	00169313          	slli	t1,a3,0x1
20100d76:	006e9633          	sll	a2,t4,t1
20100d7a:	40c77733          	andn	a4,a4,a2
20100d7e:	41d0                	lw	a2,4(a1)
20100d80:	00661633          	sll	a2,a2,t1
20100d84:	8f51                	or	a4,a4,a2
20100d86:	0685                	addi	a3,a3,1
20100d88:	fdc69fe3          	bne	a3,t3,20100d66 <GPIO_Init+0x1c>
20100d8c:	cd58                	sw	a4,28(a0)
20100d8e:	0ff87713          	zext.b	a4,a6
20100d92:	cf1d                	beqz	a4,20100dd0 <GPIO_Init+0x86>
20100d94:	4118                	lw	a4,0(a0)
20100d96:	4681                	li	a3,0
20100d98:	02800313          	li	t1,40
20100d9c:	4e3d                	li	t3,15
20100d9e:	04800e93          	li	t4,72
20100da2:	45a1                	li	a1,8
20100da4:	28d01633          	bset	a2,zero,a3
20100da8:	00c87f33          	and	t5,a6,a2
20100dac:	01e61e63          	bne	a2,t5,20100dc8 <GPIO_Init+0x7e>
20100db0:	06679563          	bne	a5,t1,20100e1a <GPIO_Init+0xd0>
20100db4:	c950                	sw	a2,20(a0)
20100db6:	00269613          	slli	a2,a3,0x2
20100dba:	00ce1f33          	sll	t5,t3,a2
20100dbe:	00c89633          	sll	a2,a7,a2
20100dc2:	41e77733          	andn	a4,a4,t5
20100dc6:	8f51                	or	a4,a4,a2
20100dc8:	0685                	addi	a3,a3,1
20100dca:	fcb69de3          	bne	a3,a1,20100da4 <GPIO_Init+0x5a>
20100dce:	c118                	sw	a4,0(a0)
20100dd0:	0ff00713          	li	a4,255
20100dd4:	05077263          	bgeu	a4,a6,20100e18 <GPIO_Init+0xce>
20100dd8:	4154                	lw	a3,4(a0)
20100dda:	4601                	li	a2,0
20100ddc:	02800e13          	li	t3,40
20100de0:	04800e93          	li	t4,72
20100de4:	4321                	li	t1,8
20100de6:	00860713          	addi	a4,a2,8 # 10008 <_data_lma+0x9bd4>
20100dea:	28e01733          	bset	a4,zero,a4
20100dee:	00e875b3          	and	a1,a6,a4
20100df2:	00b71f63          	bne	a4,a1,20100e10 <GPIO_Init+0xc6>
20100df6:	03c79663          	bne	a5,t3,20100e22 <GPIO_Init+0xd8>
20100dfa:	c958                	sw	a4,20(a0)
20100dfc:	00261713          	slli	a4,a2,0x2
20100e00:	45bd                	li	a1,15
20100e02:	00e595b3          	sll	a1,a1,a4
20100e06:	00e89733          	sll	a4,a7,a4
20100e0a:	40b6f6b3          	andn	a3,a3,a1
20100e0e:	8ed9                	or	a3,a3,a4
20100e10:	0605                	addi	a2,a2,1
20100e12:	fc661ae3          	bne	a2,t1,20100de6 <GPIO_Init+0x9c>
20100e16:	c154                	sw	a3,4(a0)
20100e18:	8082                	ret
20100e1a:	f9d79ee3          	bne	a5,t4,20100db6 <GPIO_Init+0x6c>
20100e1e:	c910                	sw	a2,16(a0)
20100e20:	bf59                	j	20100db6 <GPIO_Init+0x6c>
20100e22:	fdd79de3          	bne	a5,t4,20100dfc <GPIO_Init+0xb2>
20100e26:	c918                	sw	a4,16(a0)
20100e28:	bfd1                	j	20100dfc <GPIO_Init+0xb2>

20100e2a <GPIO_PinAFConfig>:
20100e2a:	40011737          	lui	a4,0x40011
20100e2e:	479d                	li	a5,7
20100e30:	80070693          	addi	a3,a4,-2048 # 40010800 <_eusrstack+0x1fe90800>
20100e34:	02b7f863          	bgeu	a5,a1,20100e64 <GPIO_PinAFConfig+0x3a>
20100e38:	ff858793          	addi	a5,a1,-8
20100e3c:	0ff7f793          	zext.b	a5,a5
20100e40:	06d51a63          	bne	a0,a3,20100eb4 <GPIO_PinAFConfig+0x8a>
20100e44:	400106b7          	lui	a3,0x40010
20100e48:	468c                	lw	a1,8(a3)
20100e4a:	078a                	slli	a5,a5,0x2
20100e4c:	473d                	li	a4,15
20100e4e:	00f71733          	sll	a4,a4,a5
20100e52:	40e5f733          	andn	a4,a1,a4
20100e56:	c698                	sw	a4,8(a3)
20100e58:	4698                	lw	a4,8(a3)
20100e5a:	00f617b3          	sll	a5,a2,a5
20100e5e:	8fd9                	or	a5,a5,a4
20100e60:	c69c                	sw	a5,8(a3)
20100e62:	8082                	ret
20100e64:	02d50863          	beq	a0,a3,20100e94 <GPIO_PinAFConfig+0x6a>
20100e68:	c0070793          	addi	a5,a4,-1024
20100e6c:	08f50a63          	beq	a0,a5,20100f00 <GPIO_PinAFConfig+0xd6>
20100e70:	16e51c63          	bne	a0,a4,20100fe8 <GPIO_PinAFConfig+0x1be>
20100e74:	40010737          	lui	a4,0x40010
20100e78:	4b54                	lw	a3,20(a4)
20100e7a:	058a                	slli	a1,a1,0x2
20100e7c:	47bd                	li	a5,15
20100e7e:	00b797b3          	sll	a5,a5,a1
20100e82:	40f6f7b3          	andn	a5,a3,a5
20100e86:	cb5c                	sw	a5,20(a4)
20100e88:	4b5c                	lw	a5,20(a4)
20100e8a:	00b615b3          	sll	a1,a2,a1
20100e8e:	8ddd                	or	a1,a1,a5
20100e90:	cb4c                	sw	a1,20(a4)
20100e92:	8082                	ret
20100e94:	40010737          	lui	a4,0x40010
20100e98:	4354                	lw	a3,4(a4)
20100e9a:	058a                	slli	a1,a1,0x2
20100e9c:	47bd                	li	a5,15
20100e9e:	00b797b3          	sll	a5,a5,a1
20100ea2:	40f6f7b3          	andn	a5,a3,a5
20100ea6:	c35c                	sw	a5,4(a4)
20100ea8:	435c                	lw	a5,4(a4)
20100eaa:	00b615b3          	sll	a1,a2,a1
20100eae:	8ddd                	or	a1,a1,a5
20100eb0:	c34c                	sw	a1,4(a4)
20100eb2:	8082                	ret
20100eb4:	c0070693          	addi	a3,a4,-1024 # 4000fc00 <_eusrstack+0x1fe8fc00>
20100eb8:	02d50463          	beq	a0,a3,20100ee0 <GPIO_PinAFConfig+0xb6>
20100ebc:	10e51263          	bne	a0,a4,20100fc0 <GPIO_PinAFConfig+0x196>
20100ec0:	400106b7          	lui	a3,0x40010
20100ec4:	4e8c                	lw	a1,24(a3)
20100ec6:	078a                	slli	a5,a5,0x2
20100ec8:	473d                	li	a4,15
20100eca:	00f71733          	sll	a4,a4,a5
20100ece:	40e5f733          	andn	a4,a1,a4
20100ed2:	ce98                	sw	a4,24(a3)
20100ed4:	4e98                	lw	a4,24(a3)
20100ed6:	00f617b3          	sll	a5,a2,a5
20100eda:	8fd9                	or	a5,a5,a4
20100edc:	ce9c                	sw	a5,24(a3)
20100ede:	8082                	ret
20100ee0:	400106b7          	lui	a3,0x40010
20100ee4:	4a8c                	lw	a1,16(a3)
20100ee6:	078a                	slli	a5,a5,0x2
20100ee8:	473d                	li	a4,15
20100eea:	00f71733          	sll	a4,a4,a5
20100eee:	40e5f733          	andn	a4,a1,a4
20100ef2:	ca98                	sw	a4,16(a3)
20100ef4:	4a98                	lw	a4,16(a3)
20100ef6:	00f617b3          	sll	a5,a2,a5
20100efa:	8fd9                	or	a5,a5,a4
20100efc:	ca9c                	sw	a5,16(a3)
20100efe:	8082                	ret
20100f00:	40010737          	lui	a4,0x40010
20100f04:	4754                	lw	a3,12(a4)
20100f06:	058a                	slli	a1,a1,0x2
20100f08:	47bd                	li	a5,15
20100f0a:	00b797b3          	sll	a5,a5,a1
20100f0e:	40f6f7b3          	andn	a5,a3,a5
20100f12:	c75c                	sw	a5,12(a4)
20100f14:	475c                	lw	a5,12(a4)
20100f16:	00b615b3          	sll	a1,a2,a1
20100f1a:	8ddd                	or	a1,a1,a5
20100f1c:	c74c                	sw	a1,12(a4)
20100f1e:	8082                	ret
20100f20:	40012737          	lui	a4,0x40012
20100f24:	80070713          	addi	a4,a4,-2048 # 40011800 <_eusrstack+0x1fe91800>
20100f28:	87ae                	mv	a5,a1
20100f2a:	04e51863          	bne	a0,a4,20100f7a <GPIO_PinAFConfig+0x150>
20100f2e:	40010737          	lui	a4,0x40010
20100f32:	5354                	lw	a3,36(a4)
20100f34:	058a                	slli	a1,a1,0x2
20100f36:	47bd                	li	a5,15
20100f38:	00b797b3          	sll	a5,a5,a1
20100f3c:	40f6f7b3          	andn	a5,a3,a5
20100f40:	d35c                	sw	a5,36(a4)
20100f42:	535c                	lw	a5,36(a4)
20100f44:	00b615b3          	sll	a1,a2,a1
20100f48:	8ddd                	or	a1,a1,a5
20100f4a:	d34c                	sw	a1,36(a4)
20100f4c:	8082                	ret
20100f4e:	40012737          	lui	a4,0x40012
20100f52:	80070713          	addi	a4,a4,-2048 # 40011800 <_eusrstack+0x1fe91800>
20100f56:	02e51263          	bne	a0,a4,20100f7a <GPIO_PinAFConfig+0x150>
20100f5a:	400106b7          	lui	a3,0x40010
20100f5e:	568c                	lw	a1,40(a3)
20100f60:	078a                	slli	a5,a5,0x2
20100f62:	473d                	li	a4,15
20100f64:	00f71733          	sll	a4,a4,a5
20100f68:	40e5f733          	andn	a4,a1,a4
20100f6c:	d698                	sw	a4,40(a3)
20100f6e:	5698                	lw	a4,40(a3)
20100f70:	00f617b3          	sll	a5,a2,a5
20100f74:	8fd9                	or	a5,a5,a4
20100f76:	d69c                	sw	a5,40(a3)
20100f78:	8082                	ret
20100f7a:	40012737          	lui	a4,0x40012
20100f7e:	c0070713          	addi	a4,a4,-1024 # 40011c00 <_eusrstack+0x1fe91c00>
20100f82:	08e51763          	bne	a0,a4,20101010 <GPIO_PinAFConfig+0x1e6>
20100f86:	078a                	slli	a5,a5,0x2
20100f88:	473d                	li	a4,15
20100f8a:	00f71733          	sll	a4,a4,a5
20100f8e:	00f61633          	sll	a2,a2,a5
20100f92:	479d                	li	a5,7
20100f94:	fff74713          	not	a4,a4
20100f98:	00b7fb63          	bgeu	a5,a1,20100fae <GPIO_PinAFConfig+0x184>
20100f9c:	400107b7          	lui	a5,0x40010
20100fa0:	5b94                	lw	a3,48(a5)
20100fa2:	8f75                	and	a4,a4,a3
20100fa4:	db98                	sw	a4,48(a5)
20100fa6:	5b98                	lw	a4,48(a5)
20100fa8:	8f51                	or	a4,a4,a2
20100faa:	db98                	sw	a4,48(a5)
20100fac:	8082                	ret
20100fae:	400107b7          	lui	a5,0x40010
20100fb2:	57d4                	lw	a3,44(a5)
20100fb4:	8f75                	and	a4,a4,a3
20100fb6:	d7d8                	sw	a4,44(a5)
20100fb8:	57d8                	lw	a4,44(a5)
20100fba:	8f51                	or	a4,a4,a2
20100fbc:	d7d8                	sw	a4,44(a5)
20100fbe:	8082                	ret
20100fc0:	40070713          	addi	a4,a4,1024
20100fc4:	f8e515e3          	bne	a0,a4,20100f4e <GPIO_PinAFConfig+0x124>
20100fc8:	400106b7          	lui	a3,0x40010
20100fcc:	528c                	lw	a1,32(a3)
20100fce:	078a                	slli	a5,a5,0x2
20100fd0:	473d                	li	a4,15
20100fd2:	00f71733          	sll	a4,a4,a5
20100fd6:	40e5f733          	andn	a4,a1,a4
20100fda:	d298                	sw	a4,32(a3)
20100fdc:	5298                	lw	a4,32(a3)
20100fde:	00f617b3          	sll	a5,a2,a5
20100fe2:	8fd9                	or	a5,a5,a4
20100fe4:	d29c                	sw	a5,32(a3)
20100fe6:	8082                	ret
20100fe8:	40070713          	addi	a4,a4,1024
20100fec:	f2e51ae3          	bne	a0,a4,20100f20 <GPIO_PinAFConfig+0xf6>
20100ff0:	40010737          	lui	a4,0x40010
20100ff4:	4f54                	lw	a3,28(a4)
20100ff6:	058a                	slli	a1,a1,0x2
20100ff8:	47bd                	li	a5,15
20100ffa:	00b797b3          	sll	a5,a5,a1
20100ffe:	40f6f7b3          	andn	a5,a3,a5
20101002:	cf5c                	sw	a5,28(a4)
20101004:	4f5c                	lw	a5,28(a4)
20101006:	00b615b3          	sll	a1,a2,a1
2010100a:	8ddd                	or	a1,a1,a5
2010100c:	cf4c                	sw	a1,28(a4)
2010100e:	8082                	ret
20101010:	8082                	ret

20101012 <GPIO_IPD_Unused>:
20101012:	a72ff2ef          	jal	t0,20100284 <__riscv_save_0>
20101016:	1141                	addi	sp,sp,-16
20101018:	4585                	li	a1,1
2010101a:	0fc00513          	li	a0,252
2010101e:	c202                	sw	zero,4(sp)
20101020:	c402                	sw	zero,8(sp)
20101022:	c602                	sw	zero,12(sp)
20101024:	2e5d                	jal	201013da <RCC_HB2PeriphClockCmd>
20101026:	4002a7b7          	lui	a5,0x4002a
2010102a:	4b98                	lw	a4,16(a5)
2010102c:	f0077713          	andi	a4,a4,-256
20101030:	c03a                	sw	a4,0(sp)
20101032:	4702                	lw	a4,0(sp)
20101034:	01b76713          	ori	a4,a4,27
20101038:	c03a                	sw	a4,0(sp)
2010103a:	4702                	lw	a4,0(sp)
2010103c:	cb98                	sw	a4,16(a5)
2010103e:	4bd8                	lw	a4,20(a5)
20101040:	fc077713          	andi	a4,a4,-64
20101044:	c03a                	sw	a4,0(sp)
20101046:	4702                	lw	a4,0(sp)
20101048:	00e76713          	ori	a4,a4,14
2010104c:	c03a                	sw	a4,0(sp)
2010104e:	4702                	lw	a4,0(sp)
20101050:	cbd8                	sw	a4,20(a5)
20101052:	3965                	jal	20100d0a <FLASH_BOOT_GetMode>
20101054:	1ffff7b7          	lui	a5,0x1ffff
20101058:	7047a783          	lw	a5,1796(a5) # 1ffff704 <_data_lma+0x1fff92d0>
2010105c:	0f07f793          	andi	a5,a5,240
20101060:	e38d                	bnez	a5,20101082 <GPIO_IPD_Unused+0x70>
20101062:	4585                	li	a1,1
20101064:	80000537          	lui	a0,0x80000
20101068:	2679                	jal	201013f6 <RCC_HB1PeriphClockCmd>
2010106a:	400087b7          	lui	a5,0x40008
2010106e:	40078793          	addi	a5,a5,1024 # 40008400 <_eusrstack+0x1fe88400>
20101072:	53d8                	lw	a4,36(a5)
20101074:	4581                	li	a1,0
20101076:	80000537          	lui	a0,0x80000
2010107a:	00176713          	ori	a4,a4,1
2010107e:	d3d8                	sw	a4,36(a5)
20101080:	2e9d                	jal	201013f6 <RCC_HB1PeriphClockCmd>
20101082:	1ffff7b7          	lui	a5,0x1ffff
20101086:	7047a783          	lw	a5,1796(a5) # 1ffff704 <_data_lma+0x1fff92d0>
2010108a:	41710737          	lui	a4,0x41710
2010108e:	50d70713          	addi	a4,a4,1293 # 4171050d <_eusrstack+0x2159050d>
20101092:	f0f7f793          	andi	a5,a5,-241
20101096:	08e78063          	beq	a5,a4,20101116 <GPIO_IPD_Unused+0x104>
2010109a:	02f76163          	bltu	a4,a5,201010bc <GPIO_IPD_Unused+0xaa>
2010109e:	41500737          	lui	a4,0x41500
201010a2:	50d70713          	addi	a4,a4,1293 # 4150050d <_eusrstack+0x2138050d>
201010a6:	0ce78d63          	beq	a5,a4,20101180 <GPIO_IPD_Unused+0x16e>
201010aa:	41600737          	lui	a4,0x41600
201010ae:	50d70713          	addi	a4,a4,1293 # 4160050d <_eusrstack+0x2148050d>
201010b2:	12e78563          	beq	a5,a4,201011dc <GPIO_IPD_Unused+0x1ca>
201010b6:	0141                	addi	sp,sp,16
201010b8:	9f0ff06f          	j	201002a8 <__riscv_restore_0>
201010bc:	41720737          	lui	a4,0x41720
201010c0:	50d70713          	addi	a4,a4,1293 # 4172050d <_eusrstack+0x215a050d>
201010c4:	fee799e3          	bne	a5,a4,201010b6 <GPIO_IPD_Unused+0xa4>
201010c8:	6409                	lui	s0,0x2
201010ca:	fdf40793          	addi	a5,s0,-33 # 1fdf <__stack_size+0x17df>
201010ce:	400114b7          	lui	s1,0x40011
201010d2:	827c                	sh	a5,4(sp)
201010d4:	004c                	addi	a1,sp,4
201010d6:	02800793          	li	a5,40
201010da:	80048513          	addi	a0,s1,-2048 # 40010800 <_eusrstack+0x1fe90800>
201010de:	c63e                	sw	a5,12(sp)
201010e0:	31ad                	jal	20100d4a <GPIO_Init>
201010e2:	77e1                	lui	a5,0xffff8
201010e4:	0fc78793          	addi	a5,a5,252 # ffff80fc <_eusrstack+0xdfe780fc>
201010e8:	004c                	addi	a1,sp,4
201010ea:	c0048513          	addi	a0,s1,-1024
201010ee:	827c                	sh	a5,4(sp)
201010f0:	39a9                	jal	20100d4a <GPIO_Init>
201010f2:	77f9                	lui	a5,0xffffe
201010f4:	03078793          	addi	a5,a5,48 # ffffe030 <_eusrstack+0xdfe7e030>
201010f8:	004c                	addi	a1,sp,4
201010fa:	40011537          	lui	a0,0x40011
201010fe:	827c                	sh	a5,4(sp)
20101100:	31a9                	jal	20100d4a <GPIO_Init>
20101102:	30000793          	li	a5,768
20101106:	004c                	addi	a1,sp,4
20101108:	40048513          	addi	a0,s1,1024
2010110c:	1471                	addi	s0,s0,-4
2010110e:	827c                	sh	a5,4(sp)
20101110:	392d                	jal	20100d4a <GPIO_Init>
20101112:	8260                	sh	s0,4(sp)
20101114:	a0b9                	j	20101162 <GPIO_IPD_Unused+0x150>
20101116:	40011437          	lui	s0,0x40011
2010111a:	1ce00793          	li	a5,462
2010111e:	827c                	sh	a5,4(sp)
20101120:	004c                	addi	a1,sp,4
20101122:	02800793          	li	a5,40
20101126:	80040513          	addi	a0,s0,-2048 # 40010800 <_eusrstack+0x1fe90800>
2010112a:	c63e                	sw	a5,12(sp)
2010112c:	3939                	jal	20100d4a <GPIO_Init>
2010112e:	77e1                	lui	a5,0xffff8
20101130:	0e478793          	addi	a5,a5,228 # ffff80e4 <_eusrstack+0xdfe780e4>
20101134:	004c                	addi	a1,sp,4
20101136:	c0040513          	addi	a0,s0,-1024
2010113a:	827c                	sh	a5,4(sp)
2010113c:	3139                	jal	20100d4a <GPIO_Init>
2010113e:	77f9                	lui	a5,0xffffe
20101140:	03078793          	addi	a5,a5,48 # ffffe030 <_eusrstack+0xdfe7e030>
20101144:	004c                	addi	a1,sp,4
20101146:	40011537          	lui	a0,0x40011
2010114a:	827c                	sh	a5,4(sp)
2010114c:	3efd                	jal	20100d4a <GPIO_Init>
2010114e:	30000793          	li	a5,768
20101152:	004c                	addi	a1,sp,4
20101154:	40040513          	addi	a0,s0,1024
20101158:	827c                	sh	a5,4(sp)
2010115a:	3ec5                	jal	20100d4a <GPIO_Init>
2010115c:	38400793          	li	a5,900
20101160:	827c                	sh	a5,4(sp)
20101162:	40012437          	lui	s0,0x40012
20101166:	004c                	addi	a1,sp,4
20101168:	80040513          	addi	a0,s0,-2048 # 40011800 <_eusrstack+0x1fe91800>
2010116c:	3ef9                	jal	20100d4a <GPIO_Init>
2010116e:	6791                	lui	a5,0x4
20101170:	fc078793          	addi	a5,a5,-64 # 3fc0 <__stack_size+0x37c0>
20101174:	004c                	addi	a1,sp,4
20101176:	c0040513          	addi	a0,s0,-1024
2010117a:	827c                	sh	a5,4(sp)
2010117c:	36f9                	jal	20100d4a <GPIO_Init>
2010117e:	bf25                	j	201010b6 <GPIO_IPD_Unused+0xa4>
20101180:	40011437          	lui	s0,0x40011
20101184:	10000793          	li	a5,256
20101188:	80040513          	addi	a0,s0,-2048 # 40010800 <_eusrstack+0x1fe90800>
2010118c:	827c                	sh	a5,4(sp)
2010118e:	004c                	addi	a1,sp,4
20101190:	02800793          	li	a5,40
20101194:	c63e                	sw	a5,12(sp)
20101196:	3e55                	jal	20100d4a <GPIO_Init>
20101198:	02400793          	li	a5,36
2010119c:	c0040513          	addi	a0,s0,-1024
201011a0:	004c                	addi	a1,sp,4
201011a2:	827c                	sh	a5,4(sp)
201011a4:	365d                	jal	20100d4a <GPIO_Init>
201011a6:	77f9                	lui	a5,0xffffe
201011a8:	02078793          	addi	a5,a5,32 # ffffe020 <_eusrstack+0xdfe7e020>
201011ac:	004c                	addi	a1,sp,4
201011ae:	40011537          	lui	a0,0x40011
201011b2:	827c                	sh	a5,4(sp)
201011b4:	3e59                	jal	20100d4a <GPIO_Init>
201011b6:	57dd                	li	a5,-9
201011b8:	40040513          	addi	a0,s0,1024
201011bc:	004c                	addi	a1,sp,4
201011be:	827c                	sh	a5,4(sp)
201011c0:	40012437          	lui	s0,0x40012
201011c4:	3659                	jal	20100d4a <GPIO_Init>
201011c6:	78700793          	li	a5,1927
201011ca:	004c                	addi	a1,sp,4
201011cc:	80040513          	addi	a0,s0,-2048 # 40011800 <_eusrstack+0x1fe91800>
201011d0:	827c                	sh	a5,4(sp)
201011d2:	3ea5                	jal	20100d4a <GPIO_Init>
201011d4:	77e1                	lui	a5,0xffff8
201011d6:	fc77c793          	xori	a5,a5,-57
201011da:	bf69                	j	20101174 <GPIO_IPD_Unused+0x162>
201011dc:	40011437          	lui	s0,0x40011
201011e0:	70000793          	li	a5,1792
201011e4:	80040513          	addi	a0,s0,-2048 # 40010800 <_eusrstack+0x1fe90800>
201011e8:	827c                	sh	a5,4(sp)
201011ea:	004c                	addi	a1,sp,4
201011ec:	02800793          	li	a5,40
201011f0:	c63e                	sw	a5,12(sp)
201011f2:	3ea1                	jal	20100d4a <GPIO_Init>
201011f4:	c0400793          	li	a5,-1020
201011f8:	c0040513          	addi	a0,s0,-1024
201011fc:	004c                	addi	a1,sp,4
201011fe:	827c                	sh	a5,4(sp)
20101200:	36a9                	jal	20100d4a <GPIO_Init>
20101202:	77f9                	lui	a5,0xffffe
20101204:	004c                	addi	a1,sp,4
20101206:	40011537          	lui	a0,0x40011
2010120a:	827c                	sh	a5,4(sp)
2010120c:	3e3d                	jal	20100d4a <GPIO_Init>
2010120e:	9f300793          	li	a5,-1549
20101212:	40040513          	addi	a0,s0,1024
20101216:	004c                	addi	a1,sp,4
20101218:	827c                	sh	a5,4(sp)
2010121a:	3e05                	jal	20100d4a <GPIO_Init>
2010121c:	77e1                	lui	a5,0xffff8
2010121e:	40012437          	lui	s0,0x40012
20101222:	dff7c793          	xori	a5,a5,-513
20101226:	004c                	addi	a1,sp,4
20101228:	80040513          	addi	a0,s0,-2048 # 40011800 <_eusrstack+0x1fe91800>
2010122c:	827c                	sh	a5,4(sp)
2010122e:	3e31                	jal	20100d4a <GPIO_Init>
20101230:	6795                	lui	a5,0x5
20101232:	83f78793          	addi	a5,a5,-1985 # 483f <__stack_size+0x403f>
20101236:	bf3d                	j	20101174 <GPIO_IPD_Unused+0x162>

20101238 <RCC_GetClocksFreq>:
20101238:	400217b7          	lui	a5,0x40021
2010123c:	43d4                	lw	a3,4(a5)
2010123e:	4798                	lw	a4,8(a5)
20101240:	4621                	li	a2,8
20101242:	8ab1                	andi	a3,a3,12
20101244:	02c69463          	bne	a3,a2,2010126c <RCC_GetClocksFreq+0x34>
20101248:	700006b7          	lui	a3,0x70000
2010124c:	8f75                	and	a4,a4,a3
2010124e:	50000637          	lui	a2,0x50000
20101252:	14c70e63          	beq	a4,a2,201013ae <RCC_GetClocksFreq+0x176>
20101256:	02e66063          	bltu	a2,a4,20101276 <RCC_GetClocksFreq+0x3e>
2010125a:	c71d                	beqz	a4,20101288 <RCC_GetClocksFreq+0x50>
2010125c:	1c9c47b7          	lui	a5,0x1c9c4
20101260:	400006b7          	lui	a3,0x40000
20101264:	80078793          	addi	a5,a5,-2048 # 1c9c3800 <_data_lma+0x1c9bd3cc>
20101268:	06d70763          	beq	a4,a3,201012d6 <RCC_GetClocksFreq+0x9e>
2010126c:	017d87b7          	lui	a5,0x17d8
20101270:	84078793          	addi	a5,a5,-1984 # 17d7840 <_data_lma+0x17d140c>
20101274:	a08d                	j	201012d6 <RCC_GetClocksFreq+0x9e>
20101276:	60000637          	lui	a2,0x60000
2010127a:	10c70b63          	beq	a4,a2,20101390 <RCC_GetClocksFreq+0x158>
2010127e:	077367b7          	lui	a5,0x7736
20101282:	94078793          	addi	a5,a5,-1728 # 7735940 <_data_lma+0x772f50c>
20101286:	b7cd                	j	20101268 <RCC_GetClocksFreq+0x30>
20101288:	4790                	lw	a2,8(a5)
2010128a:	4794                	lw	a3,8(a5)
2010128c:	4798                	lw	a4,8(a5)
2010128e:	0a000593          	li	a1,160
20101292:	0e06f693          	andi	a3,a3,224
20101296:	8321                	srli	a4,a4,0x8
20101298:	03f77713          	andi	a4,a4,63
2010129c:	8a7d                	andi	a2,a2,31
2010129e:	0705                	addi	a4,a4,1
201012a0:	08b69d63          	bne	a3,a1,2010133a <RCC_GetClocksFreq+0x102>
201012a4:	1dcd67b7          	lui	a5,0x1dcd6
201012a8:	50078793          	addi	a5,a5,1280 # 1dcd6500 <_data_lma+0x1dcd00cc>
201012ac:	02e7d733          	divu	a4,a5,a4
201012b0:	201107b7          	lui	a5,0x20110
201012b4:	16078793          	addi	a5,a5,352 # 20110160 <PLLMULTable>
201012b8:	97b2                	add	a5,a5,a2
201012ba:	239c                	lbu	a5,0(a5)
201012bc:	4691                	li	a3,4
201012be:	02e787b3          	mul	a5,a5,a4
201012c2:	00d60963          	beq	a2,a3,201012d4 <RCC_GetClocksFreq+0x9c>
201012c6:	6685                	lui	a3,0x1
201012c8:	54068693          	addi	a3,a3,1344 # 1540 <__stack_size+0xd40>
201012cc:	00c6d6b3          	srl	a3,a3,a2
201012d0:	8a85                	andi	a3,a3,1
201012d2:	c291                	beqz	a3,201012d6 <RCC_GetClocksFreq+0x9e>
201012d4:	8385                	srli	a5,a5,0x1
201012d6:	c11c                	sw	a5,0(a0)
201012d8:	40021637          	lui	a2,0x40021
201012dc:	4254                	lw	a3,4(a2)
201012de:	20110737          	lui	a4,0x20110
201012e2:	15070713          	addi	a4,a4,336 # 20110150 <HBPrescTable>
201012e6:	8291                	srli	a3,a3,0x4
201012e8:	8abd                	andi	a3,a3,15
201012ea:	9736                	add	a4,a4,a3
201012ec:	2318                	lbu	a4,0(a4)
201012ee:	81c18693          	addi	a3,gp,-2020 # 201101fc <FPRETable>
201012f2:	00e7d7b3          	srl	a5,a5,a4
201012f6:	4258                	lw	a4,4(a2)
201012f8:	6641                	lui	a2,0x10
201012fa:	8341                	srli	a4,a4,0x10
201012fc:	8b0d                	andi	a4,a4,3
201012fe:	9736                	add	a4,a4,a3
20101300:	2318                	lbu	a4,0(a4)
20101302:	e000f6b7          	lui	a3,0xe000f
20101306:	00e7d733          	srl	a4,a5,a4
2010130a:	c158                	sw	a4,4(a0)
2010130c:	d106a683          	lw	a3,-752(a3) # e000ed10 <_eusrstack+0xbfe8ed10>
20101310:	8ef1                	and	a3,a3,a2
20101312:	e291                	bnez	a3,20101316 <RCC_GetClocksFreq+0xde>
20101314:	87ba                	mv	a5,a4
20101316:	c51c                	sw	a5,8(a0)
20101318:	40021637          	lui	a2,0x40021
2010131c:	425c                	lw	a5,4(a2)
2010131e:	0807dd63          	bgez	a5,201013b8 <RCC_GetClocksFreq+0x180>
20101322:	425c                	lw	a5,4(a2)
20101324:	1c9c4737          	lui	a4,0x1c9c4
20101328:	80070713          	addi	a4,a4,-2048 # 1c9c3800 <_data_lma+0x1c9bd3cc>
2010132c:	83ad                	srli	a5,a5,0xb
2010132e:	8bfd                	andi	a5,a5,31
20101330:	0795                	addi	a5,a5,5
20101332:	02f75733          	divu	a4,a4,a5
20101336:	c558                	sw	a4,12(a0)
20101338:	8082                	ret
2010133a:	0e000593          	li	a1,224
2010133e:	02b69263          	bne	a3,a1,20101362 <RCC_GetClocksFreq+0x12a>
20101342:	5bd4                	lw	a3,52(a5)
20101344:	201107b7          	lui	a5,0x20110
20101348:	14078793          	addi	a5,a5,320 # 20110140 <SERDESPLLMULTable>
2010134c:	82c1                	srli	a3,a3,0x10
2010134e:	97b6                	add	a5,a5,a3
20101350:	239c                	lbu	a5,0(a5)
20101352:	017d86b7          	lui	a3,0x17d8
20101356:	84068693          	addi	a3,a3,-1984 # 17d7840 <_data_lma+0x17d140c>
2010135a:	02d787b3          	mul	a5,a5,a3
2010135e:	8385                	srli	a5,a5,0x1
20101360:	b7b1                	j	201012ac <RCC_GetClocksFreq+0x74>
20101362:	08000793          	li	a5,128
20101366:	00f69763          	bne	a3,a5,20101374 <RCC_GetClocksFreq+0x13c>
2010136a:	1c9c47b7          	lui	a5,0x1c9c4
2010136e:	80078793          	addi	a5,a5,-2048 # 1c9c3800 <_data_lma+0x1c9bd3cc>
20101372:	bf2d                	j	201012ac <RCC_GetClocksFreq+0x74>
20101374:	0c000793          	li	a5,192
20101378:	00f69763          	bne	a3,a5,20101386 <RCC_GetClocksFreq+0x14e>
2010137c:	077367b7          	lui	a5,0x7736
20101380:	94078793          	addi	a5,a5,-1728 # 7735940 <_data_lma+0x772f50c>
20101384:	b725                	j	201012ac <RCC_GetClocksFreq+0x74>
20101386:	017d87b7          	lui	a5,0x17d8
2010138a:	84078793          	addi	a5,a5,-1984 # 17d7840 <_data_lma+0x17d140c>
2010138e:	bf39                	j	201012ac <RCC_GetClocksFreq+0x74>
20101390:	5bd8                	lw	a4,52(a5)
20101392:	201107b7          	lui	a5,0x20110
20101396:	14078793          	addi	a5,a5,320 # 20110140 <SERDESPLLMULTable>
2010139a:	8341                	srli	a4,a4,0x10
2010139c:	97ba                	add	a5,a5,a4
2010139e:	239c                	lbu	a5,0(a5)
201013a0:	017d8737          	lui	a4,0x17d8
201013a4:	84070713          	addi	a4,a4,-1984 # 17d7840 <_data_lma+0x17d140c>
201013a8:	02e787b3          	mul	a5,a5,a4
201013ac:	b725                	j	201012d4 <RCC_GetClocksFreq+0x9c>
201013ae:	1dcd67b7          	lui	a5,0x1dcd6
201013b2:	50078793          	addi	a5,a5,1280 # 1dcd6500 <_data_lma+0x1dcd00cc>
201013b6:	b705                	j	201012d6 <RCC_GetClocksFreq+0x9e>
201013b8:	4254                	lw	a3,4(a2)
201013ba:	81418793          	addi	a5,gp,-2028 # 201101f4 <PPRE2Table>
201013be:	82ad                	srli	a3,a3,0xb
201013c0:	8a9d                	andi	a3,a3,7
201013c2:	97b6                	add	a5,a5,a3
201013c4:	238c                	lbu	a1,0(a5)
201013c6:	425c                	lw	a5,4(a2)
201013c8:	81018693          	addi	a3,gp,-2032 # 201101f0 <ADCPRETable>
201013cc:	83b9                	srli	a5,a5,0xe
201013ce:	8b8d                	andi	a5,a5,3
201013d0:	97b6                	add	a5,a5,a3
201013d2:	239c                	lbu	a5,0(a5)
201013d4:	00b75733          	srl	a4,a4,a1
201013d8:	bfa9                	j	20101332 <RCC_GetClocksFreq+0xfa>

201013da <RCC_HB2PeriphClockCmd>:
201013da:	c599                	beqz	a1,201013e8 <RCC_HB2PeriphClockCmd+0xe>
201013dc:	40021737          	lui	a4,0x40021
201013e0:	4f5c                	lw	a5,28(a4)
201013e2:	8fc9                	or	a5,a5,a0
201013e4:	cf5c                	sw	a5,28(a4)
201013e6:	8082                	ret
201013e8:	400217b7          	lui	a5,0x40021
201013ec:	4fd8                	lw	a4,28(a5)
201013ee:	40a77533          	andn	a0,a4,a0
201013f2:	cfc8                	sw	a0,28(a5)
201013f4:	8082                	ret

201013f6 <RCC_HB1PeriphClockCmd>:
201013f6:	c599                	beqz	a1,20101404 <RCC_HB1PeriphClockCmd+0xe>
201013f8:	40021737          	lui	a4,0x40021
201013fc:	531c                	lw	a5,32(a4)
201013fe:	8fc9                	or	a5,a5,a0
20101400:	d31c                	sw	a5,32(a4)
20101402:	8082                	ret
20101404:	400217b7          	lui	a5,0x40021
20101408:	5398                	lw	a4,32(a5)
2010140a:	40a77533          	andn	a0,a4,a0
2010140e:	d388                	sw	a0,32(a5)
20101410:	8082                	ret

20101412 <TIM_TimeBaseInit>:
20101412:	400137b7          	lui	a5,0x40013
20101416:	c0078613          	addi	a2,a5,-1024 # 40012c00 <_eusrstack+0x1fe92c00>
2010141a:	21d6                	lhu	a3,4(a1)
2010141c:	219a                	lhu	a4,0(a1)
2010141e:	02c50d63          	beq	a0,a2,20101458 <TIM_TimeBaseInit+0x46>
20101422:	40078793          	addi	a5,a5,1024
20101426:	02f50963          	beq	a0,a5,20101458 <TIM_TimeBaseInit+0x46>
2010142a:	400007b7          	lui	a5,0x40000
2010142e:	02f50563          	beq	a0,a5,20101458 <TIM_TimeBaseInit+0x46>
20101432:	40078793          	addi	a5,a5,1024 # 40000400 <_eusrstack+0x1fe80400>
20101436:	02f50163          	beq	a0,a5,20101458 <TIM_TimeBaseInit+0x46>
2010143a:	400017b7          	lui	a5,0x40001
2010143e:	80078613          	addi	a2,a5,-2048 # 40000800 <_eusrstack+0x1fe80800>
20101442:	00c50b63          	beq	a0,a2,20101458 <TIM_TimeBaseInit+0x46>
20101446:	c0078793          	addi	a5,a5,-1024
2010144a:	00f50763          	beq	a0,a5,20101458 <TIM_TimeBaseInit+0x46>
2010144e:	b556                	sh	a3,44(a0)
20101450:	b51a                	sh	a4,40(a0)
20101452:	4785                	li	a5,1
20101454:	a95e                	sh	a5,20(a0)
20101456:	8082                	ret
20101458:	211e                	lhu	a5,0(a0)
2010145a:	21b2                	lhu	a2,2(a1)
2010145c:	0807c7b3          	zext.h	a5,a5
20101460:	f8f7f793          	andi	a5,a5,-113
20101464:	8fd1                	or	a5,a5,a2
20101466:	21f2                	lhu	a2,6(a1)
20101468:	cff7f793          	andi	a5,a5,-769
2010146c:	8fd1                	or	a5,a5,a2
2010146e:	a11e                	sh	a5,0(a0)
20101470:	b556                	sh	a3,44(a0)
20101472:	400137b7          	lui	a5,0x40013
20101476:	b51a                	sh	a4,40(a0)
20101478:	c0078713          	addi	a4,a5,-1024 # 40012c00 <_eusrstack+0x1fe92c00>
2010147c:	00e50663          	beq	a0,a4,20101488 <TIM_TimeBaseInit+0x76>
20101480:	40078793          	addi	a5,a5,1024
20101484:	fcf517e3          	bne	a0,a5,20101452 <TIM_TimeBaseInit+0x40>
20101488:	259c                	lbu	a5,8(a1)
2010148a:	b91e                	sh	a5,48(a0)
2010148c:	b7d9                	j	20101452 <TIM_TimeBaseInit+0x40>

2010148e <TIM_Cmd>:
2010148e:	211e                	lhu	a5,0(a0)
20101490:	c589                	beqz	a1,2010149a <TIM_Cmd+0xc>
20101492:	0017e793          	ori	a5,a5,1
20101496:	a11e                	sh	a5,0(a0)
20101498:	8082                	ret
2010149a:	0807c7b3          	zext.h	a5,a5
2010149e:	9bf9                	andi	a5,a5,-2
201014a0:	0807c7b3          	zext.h	a5,a5
201014a4:	bfcd                	j	20101496 <TIM_Cmd+0x8>

201014a6 <TIM_ITConfig>:
201014a6:	255e                	lhu	a5,12(a0)
201014a8:	c601                	beqz	a2,201014b0 <TIM_ITConfig+0xa>
201014aa:	8fcd                	or	a5,a5,a1
201014ac:	a55e                	sh	a5,12(a0)
201014ae:	8082                	ret
201014b0:	40b7f5b3          	andn	a1,a5,a1
201014b4:	a54e                	sh	a1,12(a0)
201014b6:	8082                	ret

201014b8 <TIM_GetITStatus>:
201014b8:	291e                	lhu	a5,16(a0)
201014ba:	254a                	lhu	a0,12(a0)
201014bc:	8fed                	and	a5,a5,a1
201014be:	08054533          	zext.h	a0,a0
201014c2:	c789                	beqz	a5,201014cc <TIM_GetITStatus+0x14>
201014c4:	8d6d                	and	a0,a0,a1
201014c6:	00a03533          	snez	a0,a0
201014ca:	8082                	ret
201014cc:	4501                	li	a0,0
201014ce:	8082                	ret

201014d0 <TIM_ClearITPendingBit>:
201014d0:	fff5c593          	not	a1,a1
201014d4:	0805c5b3          	zext.h	a1,a1
201014d8:	a90e                	sh	a1,16(a0)
201014da:	8082                	ret

201014dc <USART_Init>:
201014dc:	da9fe2ef          	jal	t0,20100284 <__riscv_save_0>
201014e0:	259e                	lhu	a5,8(a1)
201014e2:	777d                	lui	a4,0xfffff
201014e4:	66bd                	lui	a3,0xf
201014e6:	8f7d                	and	a4,a4,a5
201014e8:	1141                	addi	sp,sp,-16
201014ea:	842a                	mv	s0,a0
201014ec:	84ae                	mv	s1,a1
201014ee:	00d71b63          	bne	a4,a3,20101504 <USART_Init+0x28>
201014f2:	2d5a                	lhu	a4,28(a0)
201014f4:	8bb1                	andi	a5,a5,12
201014f6:	08074733          	zext.h	a4,a4
201014fa:	9b4d                	andi	a4,a4,-13
201014fc:	8fd9                	or	a5,a5,a4
201014fe:	ad5e                	sh	a5,28(a0)
20101500:	00059423          	sh	zero,8(a1)
20101504:	281a                	lhu	a4,16(s0)
20101506:	77f5                	lui	a5,0xffffd
20101508:	17fd                	addi	a5,a5,-1 # ffffcfff <_eusrstack+0xdfe7cfff>
2010150a:	8f7d                	and	a4,a4,a5
2010150c:	20fe                	lhu	a5,6(s1)
2010150e:	850a                	mv	a0,sp
20101510:	8fd9                	or	a5,a5,a4
20101512:	a81e                	sh	a5,16(s0)
20101514:	245a                	lhu	a4,12(s0)
20101516:	678d                	lui	a5,0x3
20101518:	9f378793          	addi	a5,a5,-1549 # 29f3 <__stack_size+0x21f3>
2010151c:	8f7d                	and	a4,a4,a5
2010151e:	20de                	lhu	a5,4(s1)
20101520:	8fd9                	or	a5,a5,a4
20101522:	249a                	lhu	a4,8(s1)
20101524:	8fd9                	or	a5,a5,a4
20101526:	24ba                	lhu	a4,10(s1)
20101528:	8fd9                	or	a5,a5,a4
2010152a:	a45e                	sh	a5,12(s0)
2010152c:	285e                	lhu	a5,20(s0)
2010152e:	24da                	lhu	a4,12(s1)
20101530:	0807c7b3          	zext.h	a5,a5
20101534:	cff7f793          	andi	a5,a5,-769
20101538:	8fd9                	or	a5,a5,a4
2010153a:	a85e                	sh	a5,20(s0)
2010153c:	39f5                	jal	20101238 <RCC_GetClocksFreq>
2010153e:	4792                	lw	a5,4(sp)
20101540:	4565                	li	a0,25
20101542:	4090                	lw	a2,0(s1)
20101544:	02f535b3          	mulhu	a1,a0,a5
20101548:	4681                	li	a3,0
2010154a:	060a                	slli	a2,a2,0x2
2010154c:	02f50533          	mul	a0,a0,a5
20101550:	149010ef          	jal	ra,20102e98 <__udivdi3>
20101554:	06400693          	li	a3,100
20101558:	02d557b3          	divu	a5,a0,a3
2010155c:	63f00613          	li	a2,1599
20101560:	00479713          	slli	a4,a5,0x4
20101564:	02d577b3          	remu	a5,a0,a3
20101568:	0792                	slli	a5,a5,0x4
2010156a:	03278793          	addi	a5,a5,50
2010156e:	00f67a63          	bgeu	a2,a5,20101582 <USART_Init+0xa6>
20101572:	01070793          	addi	a5,a4,16 # fffff010 <_eusrstack+0xdfe7f010>
20101576:	0807c7b3          	zext.h	a5,a5
2010157a:	a41e                	sh	a5,8(s0)
2010157c:	0141                	addi	sp,sp,16
2010157e:	d2bfe06f          	j	201002a8 <__riscv_restore_0>
20101582:	02d7d7b3          	divu	a5,a5,a3
20101586:	8fd9                	or	a5,a5,a4
20101588:	b7fd                	j	20101576 <USART_Init+0x9a>

2010158a <USART_Cmd>:
2010158a:	255e                	lhu	a5,12(a0)
2010158c:	c589                	beqz	a1,20101596 <USART_Cmd+0xc>
2010158e:	28d79793          	bseti	a5,a5,0xd
20101592:	a55e                	sh	a5,12(a0)
20101594:	8082                	ret
20101596:	7779                	lui	a4,0xffffe
20101598:	177d                	addi	a4,a4,-1 # ffffdfff <_eusrstack+0xdfe7dfff>
2010159a:	8ff9                	and	a5,a5,a4
2010159c:	bfdd                	j	20101592 <USART_Cmd+0x8>

2010159e <USART_SendData>:
2010159e:	1ff5f593          	andi	a1,a1,511
201015a2:	a14e                	sh	a1,4(a0)
201015a4:	8082                	ret

201015a6 <USART_ReceiveData>:
201015a6:	214a                	lhu	a0,4(a0)
201015a8:	1ff57513          	andi	a0,a0,511
201015ac:	8082                	ret

201015ae <USART_GetFlagStatus>:
201015ae:	210a                	lhu	a0,0(a0)
201015b0:	8d6d                	and	a0,a0,a1
201015b2:	00a03533          	snez	a0,a0
201015b6:	8082                	ret

201015b8 <Delay_Init>:
201015b8:	9681a783          	lw	a5,-1688(gp) # 20110348 <HCLKClock>
201015bc:	000f4737          	lui	a4,0xf4
201015c0:	24070713          	addi	a4,a4,576 # f4240 <_data_lma+0xede0c>
201015c4:	02e7d7b3          	divu	a5,a5,a4
201015c8:	96f19823          	sh	a5,-1680(gp) # 20110350 <p_us>
201015cc:	3e800713          	li	a4,1000
201015d0:	02e787b3          	mul	a5,a5,a4
201015d4:	96f1a623          	sw	a5,-1684(gp) # 2011034c <p_ms>
201015d8:	8082                	ret

201015da <Delay_Ms>:
201015da:	e000f7b7          	lui	a5,0xe000f
201015de:	43d8                	lw	a4,4(a5)
201015e0:	9b79                	andi	a4,a4,-2
201015e2:	c3d8                	sw	a4,4(a5)
201015e4:	96c1a703          	lw	a4,-1684(gp) # 2011034c <p_ms>
201015e8:	0007a423          	sw	zero,8(a5) # e000f008 <_eusrstack+0xbfe8f008>
201015ec:	02e50533          	mul	a0,a0,a4
201015f0:	4711                	li	a4,4
201015f2:	cb88                	sw	a0,16(a5)
201015f4:	c398                	sw	a4,0(a5)
201015f6:	4398                	lw	a4,0(a5)
201015f8:	00176713          	ori	a4,a4,1
201015fc:	c398                	sw	a4,0(a5)
201015fe:	43d8                	lw	a4,4(a5)
20101600:	8b05                	andi	a4,a4,1
20101602:	df75                	beqz	a4,201015fe <Delay_Ms+0x24>
20101604:	4398                	lw	a4,0(a5)
20101606:	9b79                	andi	a4,a4,-2
20101608:	c398                	sw	a4,0(a5)
2010160a:	8082                	ret

2010160c <USART_Printf_Init>:
2010160c:	c79fe2ef          	jal	t0,20100284 <__riscv_save_0>
20101610:	842a                	mv	s0,a0
20101612:	6511                	lui	a0,0x4
20101614:	1101                	addi	sp,sp,-32
20101616:	4585                	li	a1,1
20101618:	0515                	addi	a0,a0,5 # 4005 <__stack_size+0x3805>
2010161a:	400114b7          	lui	s1,0x40011
2010161e:	c202                	sw	zero,4(sp)
20101620:	c402                	sw	zero,8(sp)
20101622:	c602                	sw	zero,12(sp)
20101624:	c802                	sw	zero,16(sp)
20101626:	ca02                	sw	zero,20(sp)
20101628:	cc02                	sw	zero,24(sp)
2010162a:	ce02                	sw	zero,28(sp)
2010162c:	337d                	jal	201013da <RCC_HB2PeriphClockCmd>
2010162e:	461d                	li	a2,7
20101630:	80048513          	addi	a0,s1,-2048 # 40010800 <_eusrstack+0x1fe90800>
20101634:	45a5                	li	a1,9
20101636:	ff4ff0ef          	jal	ra,20100e2a <GPIO_PinAFConfig>
2010163a:	20000793          	li	a5,512
2010163e:	827c                	sh	a5,4(sp)
20101640:	478d                	li	a5,3
20101642:	c43e                	sw	a5,8(sp)
20101644:	004c                	addi	a1,sp,4
20101646:	47e1                	li	a5,24
20101648:	80048513          	addi	a0,s1,-2048
2010164c:	c63e                	sw	a5,12(sp)
2010164e:	efcff0ef          	jal	ra,20100d4a <GPIO_Init>
20101652:	c822                	sw	s0,16(sp)
20101654:	40014437          	lui	s0,0x40014
20101658:	000807b7          	lui	a5,0x80
2010165c:	080c                	addi	a1,sp,16
2010165e:	80040513          	addi	a0,s0,-2048 # 40013800 <_eusrstack+0x1fe93800>
20101662:	cc3e                	sw	a5,24(sp)
20101664:	ca02                	sw	zero,20(sp)
20101666:	00011e23          	sh	zero,28(sp)
2010166a:	3d8d                	jal	201014dc <USART_Init>
2010166c:	4585                	li	a1,1
2010166e:	80040513          	addi	a0,s0,-2048
20101672:	3f21                	jal	2010158a <USART_Cmd>
20101674:	6105                	addi	sp,sp,32
20101676:	c33fe06f          	j	201002a8 <__riscv_restore_0>

2010167a <_write>:
2010167a:	bf1fe2ef          	jal	t0,2010026a <__riscv_save_4>
2010167e:	40014937          	lui	s2,0x40014
20101682:	89ae                	mv	s3,a1
20101684:	8432                	mv	s0,a2
20101686:	4481                	li	s1,0
20101688:	80090913          	addi	s2,s2,-2048 # 40013800 <_eusrstack+0x1fe93800>
2010168c:	0084c563          	blt	s1,s0,20101696 <_write+0x1c>
20101690:	8522                	mv	a0,s0
20101692:	c0dfe06f          	j	2010029e <__riscv_restore_4>
20101696:	04000593          	li	a1,64
2010169a:	854a                	mv	a0,s2
2010169c:	3f09                	jal	201015ae <USART_GetFlagStatus>
2010169e:	dd65                	beqz	a0,20101696 <_write+0x1c>
201016a0:	009987b3          	add	a5,s3,s1
201016a4:	00078583          	lb	a1,0(a5) # 80000 <_data_lma+0x79bcc>
201016a8:	854a                	mv	a0,s2
201016aa:	0485                	addi	s1,s1,1
201016ac:	0805c5b3          	zext.h	a1,a1
201016b0:	35fd                	jal	2010159e <USART_SendData>
201016b2:	bfe9                	j	2010168c <_write+0x12>

201016b4 <_sbrk>:
201016b4:	87aa                	mv	a5,a0
201016b6:	8201a503          	lw	a0,-2016(gp) # 20110200 <curbrk.0>
201016ba:	b8c18713          	addi	a4,gp,-1140 # 2011056c <_ebss>
201016be:	97aa                	add	a5,a5,a0
201016c0:	00e7eb63          	bltu	a5,a4,201016d6 <_sbrk+0x22>
201016c4:	20180737          	lui	a4,0x20180
201016c8:	80070713          	addi	a4,a4,-2048 # 2017f800 <_heap_end>
201016cc:	00f76563          	bltu	a4,a5,201016d6 <_sbrk+0x22>
201016d0:	82f1a023          	sw	a5,-2016(gp) # 20110200 <curbrk.0>
201016d4:	8082                	ret
201016d6:	557d                	li	a0,-1
201016d8:	8082                	ret

201016da <sinf>:
201016da:	3f4917b7          	lui	a5,0x3f491
201016de:	fd878793          	addi	a5,a5,-40 # 3f490fd8 <_eusrstack+0x1f310fd8>
201016e2:	49f51713          	bclri	a4,a0,0x1f
201016e6:	00e7e763          	bltu	a5,a4,201016f4 <sinf+0x1a>
201016ea:	4601                	li	a2,0
201016ec:	00000593          	li	a1,0
201016f0:	4ae0106f          	j	20102b9e <__kernel_sinf>
201016f4:	1101                	addi	sp,sp,-32
201016f6:	ce06                	sw	ra,28(sp)
201016f8:	7f8007b7          	lui	a5,0x7f800
201016fc:	00f76863          	bltu	a4,a5,2010170c <sinf+0x32>
20101700:	85aa                	mv	a1,a0
20101702:	598020ef          	jal	ra,20103c9a <__subsf3>
20101706:	40f2                	lw	ra,28(sp)
20101708:	6105                	addi	sp,sp,32
2010170a:	8082                	ret
2010170c:	002c                	addi	a1,sp,8
2010170e:	0bd000ef          	jal	ra,20101fca <__ieee754_rem_pio2f>
20101712:	00357793          	andi	a5,a0,3
20101716:	4705                	li	a4,1
20101718:	45b2                	lw	a1,12(sp)
2010171a:	4522                	lw	a0,8(sp)
2010171c:	00e78a63          	beq	a5,a4,20101730 <sinf+0x56>
20101720:	4709                	li	a4,2
20101722:	00e78a63          	beq	a5,a4,20101736 <sinf+0x5c>
20101726:	ef91                	bnez	a5,20101742 <sinf+0x68>
20101728:	4605                	li	a2,1
2010172a:	474010ef          	jal	ra,20102b9e <__kernel_sinf>
2010172e:	bfe1                	j	20101706 <sinf+0x2c>
20101730:	513000ef          	jal	ra,20102442 <__kernel_cosf>
20101734:	bfc9                	j	20101706 <sinf+0x2c>
20101736:	4605                	li	a2,1
20101738:	466010ef          	jal	ra,20102b9e <__kernel_sinf>
2010173c:	69f51513          	binvi	a0,a0,0x1f
20101740:	b7d9                	j	20101706 <sinf+0x2c>
20101742:	501000ef          	jal	ra,20102442 <__kernel_cosf>
20101746:	bfdd                	j	2010173c <sinf+0x62>

20101748 <powf>:
20101748:	1141                	addi	sp,sp,-16
2010174a:	c422                	sw	s0,8(sp)
2010174c:	c226                	sw	s1,4(sp)
2010174e:	c04a                	sw	s2,0(sp)
20101750:	842e                	mv	s0,a1
20101752:	c606                	sw	ra,12(sp)
20101754:	892a                	mv	s2,a0
20101756:	2065                	jal	201017fe <__ieee754_powf>
20101758:	84aa                	mv	s1,a0
2010175a:	85a2                	mv	a1,s0
2010175c:	8522                	mv	a0,s0
2010175e:	0b5020ef          	jal	ra,20104012 <__unordsf2>
20101762:	e151                	bnez	a0,201017e6 <powf+0x9e>
20101764:	00000593          	li	a1,0
20101768:	854a                	mv	a0,s2
2010176a:	0de020ef          	jal	ra,20103848 <__eqsf2>
2010176e:	e51d                	bnez	a0,2010179c <powf+0x54>
20101770:	00000593          	li	a1,0
20101774:	8522                	mv	a0,s0
20101776:	0d2020ef          	jal	ra,20103848 <__eqsf2>
2010177a:	cd2d                	beqz	a0,201017f4 <powf+0xac>
2010177c:	8522                	mv	a0,s0
2010177e:	584010ef          	jal	ra,20102d02 <finitef>
20101782:	c135                	beqz	a0,201017e6 <powf+0x9e>
20101784:	00000593          	li	a1,0
20101788:	8522                	mv	a0,s0
2010178a:	1b2020ef          	jal	ra,2010393c <__lesf2>
2010178e:	04055c63          	bgez	a0,201017e6 <powf+0x9e>
20101792:	2d1020ef          	jal	ra,20104262 <__errno>
20101796:	02200793          	li	a5,34
2010179a:	a035                	j	201017c6 <powf+0x7e>
2010179c:	8526                	mv	a0,s1
2010179e:	564010ef          	jal	ra,20102d02 <finitef>
201017a2:	e505                	bnez	a0,201017ca <powf+0x82>
201017a4:	854a                	mv	a0,s2
201017a6:	55c010ef          	jal	ra,20102d02 <finitef>
201017aa:	c105                	beqz	a0,201017ca <powf+0x82>
201017ac:	8522                	mv	a0,s0
201017ae:	554010ef          	jal	ra,20102d02 <finitef>
201017b2:	cd01                	beqz	a0,201017ca <powf+0x82>
201017b4:	85a6                	mv	a1,s1
201017b6:	8526                	mv	a0,s1
201017b8:	05b020ef          	jal	ra,20104012 <__unordsf2>
201017bc:	d979                	beqz	a0,20101792 <powf+0x4a>
201017be:	2a5020ef          	jal	ra,20104262 <__errno>
201017c2:	02100793          	li	a5,33
201017c6:	c11c                	sw	a5,0(a0)
201017c8:	a839                	j	201017e6 <powf+0x9e>
201017ca:	00000593          	li	a1,0
201017ce:	8526                	mv	a0,s1
201017d0:	078020ef          	jal	ra,20103848 <__eqsf2>
201017d4:	e909                	bnez	a0,201017e6 <powf+0x9e>
201017d6:	854a                	mv	a0,s2
201017d8:	52a010ef          	jal	ra,20102d02 <finitef>
201017dc:	c509                	beqz	a0,201017e6 <powf+0x9e>
201017de:	8522                	mv	a0,s0
201017e0:	522010ef          	jal	ra,20102d02 <finitef>
201017e4:	f55d                	bnez	a0,20101792 <powf+0x4a>
201017e6:	40b2                	lw	ra,12(sp)
201017e8:	4422                	lw	s0,8(sp)
201017ea:	4902                	lw	s2,0(sp)
201017ec:	8526                	mv	a0,s1
201017ee:	4492                	lw	s1,4(sp)
201017f0:	0141                	addi	sp,sp,16
201017f2:	8082                	ret
201017f4:	0000f497          	auipc	s1,0xf
201017f8:	a384a483          	lw	s1,-1480(s1) # 2011022c <_impure_ptr+0x20>
201017fc:	b7ed                	j	201017e6 <powf+0x9e>

201017fe <__ieee754_powf>:
201017fe:	715d                	addi	sp,sp,-80
20101800:	c2a6                	sw	s1,68(sp)
20101802:	c0ca                	sw	s2,64(sp)
20101804:	da56                	sw	s5,52(sp)
20101806:	c686                	sw	ra,76(sp)
20101808:	c4a2                	sw	s0,72(sp)
2010180a:	de4e                	sw	s3,60(sp)
2010180c:	dc52                	sw	s4,56(sp)
2010180e:	d85a                	sw	s6,48(sp)
20101810:	d65e                	sw	s7,44(sp)
20101812:	d462                	sw	s8,40(sp)
20101814:	d266                	sw	s9,36(sp)
20101816:	d06a                	sw	s10,32(sp)
20101818:	ce6e                	sw	s11,28(sp)
2010181a:	84aa                	mv	s1,a0
2010181c:	8aae                	mv	s5,a1
2010181e:	49f59913          	bclri	s2,a1,0x1f
20101822:	02091c63          	bnez	s2,2010185a <__ieee754_powf+0x5c>
20101826:	69651793          	binvi	a5,a0,0x16
2010182a:	0786                	slli	a5,a5,0x1
2010182c:	ff800737          	lui	a4,0xff800
20101830:	78f77763          	bgeu	a4,a5,20101fbe <__ieee754_powf+0x7c0>
20101834:	85d6                	mv	a1,s5
20101836:	8526                	mv	a0,s1
20101838:	1fb010ef          	jal	ra,20103232 <__addsf3>
2010183c:	40b6                	lw	ra,76(sp)
2010183e:	4426                	lw	s0,72(sp)
20101840:	4496                	lw	s1,68(sp)
20101842:	4906                	lw	s2,64(sp)
20101844:	59f2                	lw	s3,60(sp)
20101846:	5a62                	lw	s4,56(sp)
20101848:	5ad2                	lw	s5,52(sp)
2010184a:	5b42                	lw	s6,48(sp)
2010184c:	5bb2                	lw	s7,44(sp)
2010184e:	5c22                	lw	s8,40(sp)
20101850:	5c92                	lw	s9,36(sp)
20101852:	5d02                	lw	s10,32(sp)
20101854:	4df2                	lw	s11,28(sp)
20101856:	6161                	addi	sp,sp,80
20101858:	8082                	ret
2010185a:	7f8007b7          	lui	a5,0x7f800
2010185e:	8b2a                	mv	s6,a0
20101860:	49f51a13          	bclri	s4,a0,0x1f
20101864:	0147e463          	bltu	a5,s4,2010186c <__ieee754_powf+0x6e>
20101868:	0127f963          	bgeu	a5,s2,2010187a <__ieee754_powf+0x7c>
2010186c:	3f8007b7          	lui	a5,0x3f800
20101870:	fcfb12e3          	bne	s6,a5,20101834 <__ieee754_powf+0x36>
20101874:	696a9793          	binvi	a5,s5,0x16
20101878:	bf4d                	j	2010182a <__ieee754_powf+0x2c>
2010187a:	89ae                	mv	s3,a1
2010187c:	8bd2                	mv	s7,s4
2010187e:	06055163          	bgez	a0,201018e0 <__ieee754_powf+0xe2>
20101882:	4b800737          	lui	a4,0x4b800
20101886:	02e96163          	bltu	s2,a4,201018a8 <__ieee754_powf+0xaa>
2010188a:	4409                	li	s0,2
2010188c:	06f91563          	bne	s2,a5,201018f6 <__ieee754_powf+0xf8>
20101890:	3f8007b7          	lui	a5,0x3f800
20101894:	72fa0563          	beq	s4,a5,20101fbe <__ieee754_powf+0x7c0>
20101898:	00000513          	li	a0,0
2010189c:	0947f463          	bgeu	a5,s4,20101924 <__ieee754_powf+0x126>
201018a0:	f809cee3          	bltz	s3,2010183c <__ieee754_powf+0x3e>
201018a4:	8556                	mv	a0,s5
201018a6:	bf59                	j	2010183c <__ieee754_powf+0x3e>
201018a8:	3f8006b7          	lui	a3,0x3f800
201018ac:	08d96163          	bltu	s2,a3,2010192e <__ieee754_powf+0x130>
201018b0:	41795713          	srai	a4,s2,0x17
201018b4:	09600793          	li	a5,150
201018b8:	8f99                	sub	a5,a5,a4
201018ba:	40f95733          	sra	a4,s2,a5
201018be:	00f717b3          	sll	a5,a4,a5
201018c2:	0b279663          	bne	a5,s2,2010196e <__ieee754_powf+0x170>
201018c6:	0cd91063          	bne	s2,a3,20101986 <__ieee754_powf+0x188>
201018ca:	8526                	mv	a0,s1
201018cc:	f609d8e3          	bgez	s3,2010183c <__ieee754_powf+0x3e>
201018d0:	85a6                	mv	a1,s1
201018d2:	0000f517          	auipc	a0,0xf
201018d6:	95a52503          	lw	a0,-1702(a0) # 2011022c <_impure_ptr+0x20>
201018da:	4b1010ef          	jal	ra,2010358a <__divsf3>
201018de:	bfb9                	j	2010183c <__ieee754_powf+0x3e>
201018e0:	faf908e3          	beq	s2,a5,20101890 <__ieee754_powf+0x92>
201018e4:	3f8007b7          	lui	a5,0x3f800
201018e8:	fef901e3          	beq	s2,a5,201018ca <__ieee754_powf+0xcc>
201018ec:	400007b7          	lui	a5,0x40000
201018f0:	4401                	li	s0,0
201018f2:	08f58563          	beq	a1,a5,2010197c <__ieee754_powf+0x17e>
201018f6:	3f0007b7          	lui	a5,0x3f000
201018fa:	04f99363          	bne	s3,a5,20101940 <__ieee754_powf+0x142>
201018fe:	080b4c63          	bltz	s6,20101996 <__ieee754_powf+0x198>
20101902:	4426                	lw	s0,72(sp)
20101904:	40b6                	lw	ra,76(sp)
20101906:	4906                	lw	s2,64(sp)
20101908:	59f2                	lw	s3,60(sp)
2010190a:	5a62                	lw	s4,56(sp)
2010190c:	5ad2                	lw	s5,52(sp)
2010190e:	5b42                	lw	s6,48(sp)
20101910:	5bb2                	lw	s7,44(sp)
20101912:	5c22                	lw	s8,40(sp)
20101914:	5c92                	lw	s9,36(sp)
20101916:	5d02                	lw	s10,32(sp)
20101918:	4df2                	lw	s11,28(sp)
2010191a:	8526                	mv	a0,s1
2010191c:	4496                	lw	s1,68(sp)
2010191e:	6161                	addi	sp,sp,80
20101920:	2150006f          	j	20102334 <__ieee754_sqrtf>
20101924:	f009dce3          	bgez	s3,2010183c <__ieee754_powf+0x3e>
20101928:	69fa9513          	binvi	a0,s5,0x1f
2010192c:	bf01                	j	2010183c <__ieee754_powf+0x3e>
2010192e:	400007b7          	lui	a5,0x40000
20101932:	04f58563          	beq	a1,a5,2010197c <__ieee754_powf+0x17e>
20101936:	3f0007b7          	lui	a5,0x3f000
2010193a:	4401                	li	s0,0
2010193c:	04f58d63          	beq	a1,a5,20101996 <__ieee754_powf+0x198>
20101940:	8526                	mv	a0,s1
20101942:	3ba010ef          	jal	ra,20102cfc <fabsf>
20101946:	7f8007b7          	lui	a5,0x7f800
2010194a:	00fa0863          	beq	s4,a5,2010195a <__ieee754_powf+0x15c>
2010194e:	000a0663          	beqz	s4,2010195a <__ieee754_powf+0x15c>
20101952:	3f8007b7          	lui	a5,0x3f800
20101956:	06fa1c63          	bne	s4,a5,201019ce <__ieee754_powf+0x1d0>
2010195a:	0409d763          	bgez	s3,201019a8 <__ieee754_powf+0x1aa>
2010195e:	85aa                	mv	a1,a0
20101960:	0000f517          	auipc	a0,0xf
20101964:	8cc52503          	lw	a0,-1844(a0) # 2011022c <_impure_ptr+0x20>
20101968:	423010ef          	jal	ra,2010358a <__divsf3>
2010196c:	a835                	j	201019a8 <__ieee754_powf+0x1aa>
2010196e:	f4d90ee3          	beq	s2,a3,201018ca <__ieee754_powf+0xcc>
20101972:	400007b7          	lui	a5,0x40000
20101976:	4401                	li	s0,0
20101978:	fcf594e3          	bne	a1,a5,20101940 <__ieee754_powf+0x142>
2010197c:	85a6                	mv	a1,s1
2010197e:	8526                	mv	a0,s1
20101980:	054020ef          	jal	ra,201039d4 <__mulsf3>
20101984:	bd65                	j	2010183c <__ieee754_powf+0x3e>
20101986:	400007b7          	lui	a5,0x40000
2010198a:	fef589e3          	beq	a1,a5,2010197c <__ieee754_powf+0x17e>
2010198e:	8b05                	andi	a4,a4,1
20101990:	4409                	li	s0,2
20101992:	8c19                	sub	s0,s0,a4
20101994:	b775                	j	20101940 <__ieee754_powf+0x142>
20101996:	8526                	mv	a0,s1
20101998:	364010ef          	jal	ra,20102cfc <fabsf>
2010199c:	7f8007b7          	lui	a5,0x7f800
201019a0:	00fa0463          	beq	s4,a5,201019a8 <__ieee754_powf+0x1aa>
201019a4:	fa0a17e3          	bnez	s4,20101952 <__ieee754_powf+0x154>
201019a8:	e80b5ae3          	bgez	s6,2010183c <__ieee754_powf+0x3e>
201019ac:	c08007b7          	lui	a5,0xc0800
201019b0:	97d2                	add	a5,a5,s4
201019b2:	8fc1                	or	a5,a5,s0
201019b4:	e799                	bnez	a5,201019c2 <__ieee754_powf+0x1c4>
201019b6:	85aa                	mv	a1,a0
201019b8:	852e                	mv	a0,a1
201019ba:	2e0020ef          	jal	ra,20103c9a <__subsf3>
201019be:	85aa                	mv	a1,a0
201019c0:	bf29                	j	201018da <__ieee754_powf+0xdc>
201019c2:	4785                	li	a5,1
201019c4:	e6f41ce3          	bne	s0,a5,2010183c <__ieee754_powf+0x3e>
201019c8:	69f51513          	binvi	a0,a0,0x1f
201019cc:	bd85                	j	2010183c <__ieee754_powf+0x3e>
201019ce:	01f4db13          	srli	s6,s1,0x1f
201019d2:	1b7d                	addi	s6,s6,-1
201019d4:	01646733          	or	a4,s0,s6
201019d8:	85a6                	mv	a1,s1
201019da:	df79                	beqz	a4,201019b8 <__ieee754_powf+0x1ba>
201019dc:	4d000737          	lui	a4,0x4d000
201019e0:	17277863          	bgeu	a4,s2,20101b50 <__ieee754_powf+0x352>
201019e4:	ff378713          	addi	a4,a5,-13 # c07ffff3 <_eusrstack+0xa067fff3>
201019e8:	03476563          	bltu	a4,s4,20101a12 <__ieee754_powf+0x214>
201019ec:	0209d863          	bgez	s3,20101a1c <__ieee754_powf+0x21e>
201019f0:	4501                	li	a0,0
201019f2:	4426                	lw	s0,72(sp)
201019f4:	40b6                	lw	ra,76(sp)
201019f6:	4496                	lw	s1,68(sp)
201019f8:	4906                	lw	s2,64(sp)
201019fa:	59f2                	lw	s3,60(sp)
201019fc:	5a62                	lw	s4,56(sp)
201019fe:	5ad2                	lw	s5,52(sp)
20101a00:	5b42                	lw	s6,48(sp)
20101a02:	5bb2                	lw	s7,44(sp)
20101a04:	5c22                	lw	s8,40(sp)
20101a06:	5c92                	lw	s9,36(sp)
20101a08:	5d02                	lw	s10,32(sp)
20101a0a:	4df2                	lw	s11,28(sp)
20101a0c:	6161                	addi	sp,sp,80
20101a0e:	2e40106f          	j	20102cf2 <__math_oflowf>
20101a12:	079d                	addi	a5,a5,7
20101a14:	0347f563          	bgeu	a5,s4,20101a3e <__ieee754_powf+0x240>
20101a18:	fd304ce3          	bgtz	s3,201019f0 <__ieee754_powf+0x1f2>
20101a1c:	4501                	li	a0,0
20101a1e:	4426                	lw	s0,72(sp)
20101a20:	40b6                	lw	ra,76(sp)
20101a22:	4496                	lw	s1,68(sp)
20101a24:	4906                	lw	s2,64(sp)
20101a26:	59f2                	lw	s3,60(sp)
20101a28:	5a62                	lw	s4,56(sp)
20101a2a:	5ad2                	lw	s5,52(sp)
20101a2c:	5b42                	lw	s6,48(sp)
20101a2e:	5bb2                	lw	s7,44(sp)
20101a30:	5c22                	lw	s8,40(sp)
20101a32:	5c92                	lw	s9,36(sp)
20101a34:	5d02                	lw	s10,32(sp)
20101a36:	4df2                	lw	s11,28(sp)
20101a38:	6161                	addi	sp,sp,80
20101a3a:	2ae0106f          	j	20102ce8 <__math_uflowf>
20101a3e:	0000e597          	auipc	a1,0xe
20101a42:	7ee5a583          	lw	a1,2030(a1) # 2011022c <_impure_ptr+0x20>
20101a46:	254020ef          	jal	ra,20103c9a <__subsf3>
20101a4a:	0000e597          	auipc	a1,0xe
20101a4e:	7ea5a583          	lw	a1,2026(a1) # 20110234 <_impure_ptr+0x28>
20101a52:	84aa                	mv	s1,a0
20101a54:	781010ef          	jal	ra,201039d4 <__mulsf3>
20101a58:	892a                	mv	s2,a0
20101a5a:	0000e597          	auipc	a1,0xe
20101a5e:	7de5a583          	lw	a1,2014(a1) # 20110238 <_impure_ptr+0x2c>
20101a62:	8526                	mv	a0,s1
20101a64:	771010ef          	jal	ra,201039d4 <__mulsf3>
20101a68:	89aa                	mv	s3,a0
20101a6a:	0000e597          	auipc	a1,0xe
20101a6e:	7d25a583          	lw	a1,2002(a1) # 2011023c <_impure_ptr+0x30>
20101a72:	8526                	mv	a0,s1
20101a74:	761010ef          	jal	ra,201039d4 <__mulsf3>
20101a78:	85aa                	mv	a1,a0
20101a7a:	0000e517          	auipc	a0,0xe
20101a7e:	7c652503          	lw	a0,1990(a0) # 20110240 <_impure_ptr+0x34>
20101a82:	218020ef          	jal	ra,20103c9a <__subsf3>
20101a86:	85a6                	mv	a1,s1
20101a88:	74d010ef          	jal	ra,201039d4 <__mulsf3>
20101a8c:	85aa                	mv	a1,a0
20101a8e:	0000e517          	auipc	a0,0xe
20101a92:	79a52503          	lw	a0,1946(a0) # 20110228 <_impure_ptr+0x1c>
20101a96:	204020ef          	jal	ra,20103c9a <__subsf3>
20101a9a:	8a2a                	mv	s4,a0
20101a9c:	85a6                	mv	a1,s1
20101a9e:	8526                	mv	a0,s1
20101aa0:	735010ef          	jal	ra,201039d4 <__mulsf3>
20101aa4:	85aa                	mv	a1,a0
20101aa6:	8552                	mv	a0,s4
20101aa8:	72d010ef          	jal	ra,201039d4 <__mulsf3>
20101aac:	0000e597          	auipc	a1,0xe
20101ab0:	7985a583          	lw	a1,1944(a1) # 20110244 <_impure_ptr+0x38>
20101ab4:	721010ef          	jal	ra,201039d4 <__mulsf3>
20101ab8:	85aa                	mv	a1,a0
20101aba:	854e                	mv	a0,s3
20101abc:	1de020ef          	jal	ra,20103c9a <__subsf3>
20101ac0:	85aa                	mv	a1,a0
20101ac2:	84aa                	mv	s1,a0
20101ac4:	854a                	mv	a0,s2
20101ac6:	76c010ef          	jal	ra,20103232 <__addsf3>
20101aca:	77fd                	lui	a5,0xfffff
20101acc:	8d7d                	and	a0,a0,a5
20101ace:	8a2a                	mv	s4,a0
20101ad0:	85ca                	mv	a1,s2
20101ad2:	1c8020ef          	jal	ra,20103c9a <__subsf3>
20101ad6:	85aa                	mv	a1,a0
20101ad8:	147d                	addi	s0,s0,-1
20101ada:	8526                	mv	a0,s1
20101adc:	1be020ef          	jal	ra,20103c9a <__subsf3>
20101ae0:	01646433          	or	s0,s0,s6
20101ae4:	892a                	mv	s2,a0
20101ae6:	2e040063          	beqz	s0,20101dc6 <__ieee754_powf+0x5c8>
20101aea:	0000e497          	auipc	s1,0xe
20101aee:	7424a483          	lw	s1,1858(s1) # 2011022c <_impure_ptr+0x20>
20101af2:	747d                	lui	s0,0xfffff
20101af4:	01547433          	and	s0,s0,s5
20101af8:	85a2                	mv	a1,s0
20101afa:	8556                	mv	a0,s5
20101afc:	19e020ef          	jal	ra,20103c9a <__subsf3>
20101b00:	85d2                	mv	a1,s4
20101b02:	6d3010ef          	jal	ra,201039d4 <__mulsf3>
20101b06:	89aa                	mv	s3,a0
20101b08:	85d6                	mv	a1,s5
20101b0a:	854a                	mv	a0,s2
20101b0c:	6c9010ef          	jal	ra,201039d4 <__mulsf3>
20101b10:	85aa                	mv	a1,a0
20101b12:	854e                	mv	a0,s3
20101b14:	71e010ef          	jal	ra,20103232 <__addsf3>
20101b18:	85a2                	mv	a1,s0
20101b1a:	89aa                	mv	s3,a0
20101b1c:	8552                	mv	a0,s4
20101b1e:	6b7010ef          	jal	ra,201039d4 <__mulsf3>
20101b22:	85aa                	mv	a1,a0
20101b24:	842a                	mv	s0,a0
20101b26:	854e                	mv	a0,s3
20101b28:	70a010ef          	jal	ra,20103232 <__addsf3>
20101b2c:	8aaa                	mv	s5,a0
20101b2e:	8a2a                	mv	s4,a0
20101b30:	49f51793          	bclri	a5,a0,0x1f
20101b34:	2ca05563          	blez	a0,20101dfe <__ieee754_powf+0x600>
20101b38:	43000737          	lui	a4,0x43000
20101b3c:	28f77a63          	bgeu	a4,a5,20101dd0 <__ieee754_powf+0x5d2>
20101b40:	00000593          	li	a1,0
20101b44:	8526                	mv	a0,s1
20101b46:	5f7010ef          	jal	ra,2010393c <__lesf2>
20101b4a:	00052513          	slti	a0,a0,0
20101b4e:	b555                	j	201019f2 <__ieee754_powf+0x1f4>
20101b50:	7f8007b7          	lui	a5,0x7f800
20101b54:	8fe5                	and	a5,a5,s1
20101b56:	4701                	li	a4,0
20101b58:	eb89                	bnez	a5,20101b6a <__ieee754_powf+0x36c>
20101b5a:	0000e597          	auipc	a1,0xe
20101b5e:	6ee5a583          	lw	a1,1774(a1) # 20110248 <_impure_ptr+0x3c>
20101b62:	673010ef          	jal	ra,201039d4 <__mulsf3>
20101b66:	8baa                	mv	s7,a0
20101b68:	5721                	li	a4,-24
20101b6a:	417bd793          	srai	a5,s7,0x17
20101b6e:	f8178793          	addi	a5,a5,-127 # 7f7fff81 <_eusrstack+0x5f67ff81>
20101b72:	008006b7          	lui	a3,0x800
20101b76:	97ba                	add	a5,a5,a4
20101b78:	fff68713          	addi	a4,a3,-1 # 7fffff <_data_lma+0x7f9bcb>
20101b7c:	00ebf533          	and	a0,s7,a4
20101b80:	001cc737          	lui	a4,0x1cc
20101b84:	3f8004b7          	lui	s1,0x3f800
20101b88:	47170713          	addi	a4,a4,1137 # 1cc471 <_data_lma+0x1c603d>
20101b8c:	8cc9                	or	s1,s1,a0
20101b8e:	4a01                	li	s4,0
20101b90:	00a75c63          	bge	a4,a0,20101ba8 <__ieee754_powf+0x3aa>
20101b94:	005db737          	lui	a4,0x5db
20101b98:	3d670713          	addi	a4,a4,982 # 5db3d6 <_data_lma+0x5d4fa2>
20101b9c:	4a05                	li	s4,1
20101b9e:	00a75563          	bge	a4,a0,20101ba8 <__ieee754_powf+0x3aa>
20101ba2:	0785                	addi	a5,a5,1
20101ba4:	8c95                	sub	s1,s1,a3
20101ba6:	4a01                	li	s4,0
20101ba8:	94c18713          	addi	a4,gp,-1716 # 2011032c <bp>
20101bac:	20ea4733          	sh2add	a4,s4,a4
20101bb0:	00072d83          	lw	s11,0(a4)
20101bb4:	8526                	mv	a0,s1
20101bb6:	c63e                	sw	a5,12(sp)
20101bb8:	85ee                	mv	a1,s11
20101bba:	0e0020ef          	jal	ra,20103c9a <__subsf3>
20101bbe:	8d2a                	mv	s10,a0
20101bc0:	85a6                	mv	a1,s1
20101bc2:	856e                	mv	a0,s11
20101bc4:	66e010ef          	jal	ra,20103232 <__addsf3>
20101bc8:	85aa                	mv	a1,a0
20101bca:	0000e517          	auipc	a0,0xe
20101bce:	66252503          	lw	a0,1634(a0) # 2011022c <_impure_ptr+0x20>
20101bd2:	1b9010ef          	jal	ra,2010358a <__divsf3>
20101bd6:	8c2a                	mv	s8,a0
20101bd8:	85aa                	mv	a1,a0
20101bda:	856a                	mv	a0,s10
20101bdc:	5f9010ef          	jal	ra,201039d4 <__mulsf3>
20101be0:	797d                	lui	s2,0xfffff
20101be2:	00040737          	lui	a4,0x40
20101be6:	00a97bb3          	and	s7,s2,a0
20101bea:	89aa                	mv	s3,a0
20101bec:	4014d513          	srai	a0,s1,0x1
20101bf0:	002a1c93          	slli	s9,s4,0x2
20101bf4:	29d51513          	bseti	a0,a0,0x1d
20101bf8:	0a56                	slli	s4,s4,0x15
20101bfa:	953a                	add	a0,a0,a4
20101bfc:	9a2a                	add	s4,s4,a0
20101bfe:	85d2                	mv	a1,s4
20101c00:	855e                	mv	a0,s7
20101c02:	5d3010ef          	jal	ra,201039d4 <__mulsf3>
20101c06:	85aa                	mv	a1,a0
20101c08:	856a                	mv	a0,s10
20101c0a:	090020ef          	jal	ra,20103c9a <__subsf3>
20101c0e:	8d2a                	mv	s10,a0
20101c10:	85ee                	mv	a1,s11
20101c12:	8552                	mv	a0,s4
20101c14:	086020ef          	jal	ra,20103c9a <__subsf3>
20101c18:	85aa                	mv	a1,a0
20101c1a:	8526                	mv	a0,s1
20101c1c:	07e020ef          	jal	ra,20103c9a <__subsf3>
20101c20:	85de                	mv	a1,s7
20101c22:	5b3010ef          	jal	ra,201039d4 <__mulsf3>
20101c26:	85aa                	mv	a1,a0
20101c28:	856a                	mv	a0,s10
20101c2a:	070020ef          	jal	ra,20103c9a <__subsf3>
20101c2e:	85e2                	mv	a1,s8
20101c30:	5a5010ef          	jal	ra,201039d4 <__mulsf3>
20101c34:	8c2a                	mv	s8,a0
20101c36:	85ce                	mv	a1,s3
20101c38:	854e                	mv	a0,s3
20101c3a:	59b010ef          	jal	ra,201039d4 <__mulsf3>
20101c3e:	0000e597          	auipc	a1,0xe
20101c42:	60e5a583          	lw	a1,1550(a1) # 2011024c <_impure_ptr+0x40>
20101c46:	84aa                	mv	s1,a0
20101c48:	58d010ef          	jal	ra,201039d4 <__mulsf3>
20101c4c:	0000e597          	auipc	a1,0xe
20101c50:	6045a583          	lw	a1,1540(a1) # 20110250 <_impure_ptr+0x44>
20101c54:	5de010ef          	jal	ra,20103232 <__addsf3>
20101c58:	85a6                	mv	a1,s1
20101c5a:	57b010ef          	jal	ra,201039d4 <__mulsf3>
20101c5e:	0000e597          	auipc	a1,0xe
20101c62:	5f65a583          	lw	a1,1526(a1) # 20110254 <_impure_ptr+0x48>
20101c66:	5cc010ef          	jal	ra,20103232 <__addsf3>
20101c6a:	85a6                	mv	a1,s1
20101c6c:	569010ef          	jal	ra,201039d4 <__mulsf3>
20101c70:	0000e597          	auipc	a1,0xe
20101c74:	5d05a583          	lw	a1,1488(a1) # 20110240 <_impure_ptr+0x34>
20101c78:	5ba010ef          	jal	ra,20103232 <__addsf3>
20101c7c:	85a6                	mv	a1,s1
20101c7e:	557010ef          	jal	ra,201039d4 <__mulsf3>
20101c82:	0000e597          	auipc	a1,0xe
20101c86:	5d65a583          	lw	a1,1494(a1) # 20110258 <_impure_ptr+0x4c>
20101c8a:	5a8010ef          	jal	ra,20103232 <__addsf3>
20101c8e:	85a6                	mv	a1,s1
20101c90:	545010ef          	jal	ra,201039d4 <__mulsf3>
20101c94:	0000e597          	auipc	a1,0xe
20101c98:	5c85a583          	lw	a1,1480(a1) # 2011025c <_impure_ptr+0x50>
20101c9c:	596010ef          	jal	ra,20103232 <__addsf3>
20101ca0:	8a2a                	mv	s4,a0
20101ca2:	85a6                	mv	a1,s1
20101ca4:	8526                	mv	a0,s1
20101ca6:	52f010ef          	jal	ra,201039d4 <__mulsf3>
20101caa:	85aa                	mv	a1,a0
20101cac:	8552                	mv	a0,s4
20101cae:	527010ef          	jal	ra,201039d4 <__mulsf3>
20101cb2:	84aa                	mv	s1,a0
20101cb4:	85de                	mv	a1,s7
20101cb6:	854e                	mv	a0,s3
20101cb8:	57a010ef          	jal	ra,20103232 <__addsf3>
20101cbc:	85e2                	mv	a1,s8
20101cbe:	517010ef          	jal	ra,201039d4 <__mulsf3>
20101cc2:	85a6                	mv	a1,s1
20101cc4:	56e010ef          	jal	ra,20103232 <__addsf3>
20101cc8:	8d2a                	mv	s10,a0
20101cca:	85de                	mv	a1,s7
20101ccc:	855e                	mv	a0,s7
20101cce:	507010ef          	jal	ra,201039d4 <__mulsf3>
20101cd2:	0000e597          	auipc	a1,0xe
20101cd6:	58e5a583          	lw	a1,1422(a1) # 20110260 <_impure_ptr+0x54>
20101cda:	8daa                	mv	s11,a0
20101cdc:	556010ef          	jal	ra,20103232 <__addsf3>
20101ce0:	85ea                	mv	a1,s10
20101ce2:	550010ef          	jal	ra,20103232 <__addsf3>
20101ce6:	00a974b3          	and	s1,s2,a0
20101cea:	85a6                	mv	a1,s1
20101cec:	855e                	mv	a0,s7
20101cee:	4e7010ef          	jal	ra,201039d4 <__mulsf3>
20101cf2:	8a2a                	mv	s4,a0
20101cf4:	0000e597          	auipc	a1,0xe
20101cf8:	56c5a583          	lw	a1,1388(a1) # 20110260 <_impure_ptr+0x54>
20101cfc:	8526                	mv	a0,s1
20101cfe:	79d010ef          	jal	ra,20103c9a <__subsf3>
20101d02:	85ee                	mv	a1,s11
20101d04:	797010ef          	jal	ra,20103c9a <__subsf3>
20101d08:	85aa                	mv	a1,a0
20101d0a:	856a                	mv	a0,s10
20101d0c:	78f010ef          	jal	ra,20103c9a <__subsf3>
20101d10:	85ce                	mv	a1,s3
20101d12:	4c3010ef          	jal	ra,201039d4 <__mulsf3>
20101d16:	89aa                	mv	s3,a0
20101d18:	85a6                	mv	a1,s1
20101d1a:	8562                	mv	a0,s8
20101d1c:	4b9010ef          	jal	ra,201039d4 <__mulsf3>
20101d20:	85aa                	mv	a1,a0
20101d22:	854e                	mv	a0,s3
20101d24:	50e010ef          	jal	ra,20103232 <__addsf3>
20101d28:	89aa                	mv	s3,a0
20101d2a:	85aa                	mv	a1,a0
20101d2c:	8552                	mv	a0,s4
20101d2e:	504010ef          	jal	ra,20103232 <__addsf3>
20101d32:	00a974b3          	and	s1,s2,a0
20101d36:	0000e597          	auipc	a1,0xe
20101d3a:	52e5a583          	lw	a1,1326(a1) # 20110264 <_impure_ptr+0x58>
20101d3e:	8526                	mv	a0,s1
20101d40:	495010ef          	jal	ra,201039d4 <__mulsf3>
20101d44:	8baa                	mv	s7,a0
20101d46:	85d2                	mv	a1,s4
20101d48:	8526                	mv	a0,s1
20101d4a:	751010ef          	jal	ra,20103c9a <__subsf3>
20101d4e:	85aa                	mv	a1,a0
20101d50:	854e                	mv	a0,s3
20101d52:	749010ef          	jal	ra,20103c9a <__subsf3>
20101d56:	0000e597          	auipc	a1,0xe
20101d5a:	5125a583          	lw	a1,1298(a1) # 20110268 <_impure_ptr+0x5c>
20101d5e:	477010ef          	jal	ra,201039d4 <__mulsf3>
20101d62:	89aa                	mv	s3,a0
20101d64:	0000e597          	auipc	a1,0xe
20101d68:	5085a583          	lw	a1,1288(a1) # 2011026c <_impure_ptr+0x60>
20101d6c:	8526                	mv	a0,s1
20101d6e:	467010ef          	jal	ra,201039d4 <__mulsf3>
20101d72:	85aa                	mv	a1,a0
20101d74:	854e                	mv	a0,s3
20101d76:	4bc010ef          	jal	ra,20103232 <__addsf3>
20101d7a:	93c18713          	addi	a4,gp,-1732 # 2011031c <dp_l>
20101d7e:	9766                	add	a4,a4,s9
20101d80:	430c                	lw	a1,0(a4)
20101d82:	4b0010ef          	jal	ra,20103232 <__addsf3>
20101d86:	47b2                	lw	a5,12(sp)
20101d88:	84aa                	mv	s1,a0
20101d8a:	853e                	mv	a0,a5
20101d8c:	36e020ef          	jal	ra,201040fa <__floatsisf>
20101d90:	94418793          	addi	a5,gp,-1724 # 20110324 <dp_h>
20101d94:	97e6                	add	a5,a5,s9
20101d96:	0007ac03          	lw	s8,0(a5)
20101d9a:	89aa                	mv	s3,a0
20101d9c:	85a6                	mv	a1,s1
20101d9e:	855e                	mv	a0,s7
20101da0:	492010ef          	jal	ra,20103232 <__addsf3>
20101da4:	85e2                	mv	a1,s8
20101da6:	48c010ef          	jal	ra,20103232 <__addsf3>
20101daa:	85ce                	mv	a1,s3
20101dac:	486010ef          	jal	ra,20103232 <__addsf3>
20101db0:	00a97533          	and	a0,s2,a0
20101db4:	85ce                	mv	a1,s3
20101db6:	8a2a                	mv	s4,a0
20101db8:	6e3010ef          	jal	ra,20103c9a <__subsf3>
20101dbc:	85e2                	mv	a1,s8
20101dbe:	6dd010ef          	jal	ra,20103c9a <__subsf3>
20101dc2:	85de                	mv	a1,s7
20101dc4:	b339                	j	20101ad2 <__ieee754_powf+0x2d4>
20101dc6:	0000e497          	auipc	s1,0xe
20101dca:	46a4a483          	lw	s1,1130(s1) # 20110230 <_impure_ptr+0x24>
20101dce:	b315                	j	20101af2 <__ieee754_powf+0x2f4>
20101dd0:	04e79e63          	bne	a5,a4,20101e2c <__ieee754_powf+0x62e>
20101dd4:	0000e597          	auipc	a1,0xe
20101dd8:	49c5a583          	lw	a1,1180(a1) # 20110270 <_impure_ptr+0x64>
20101ddc:	854e                	mv	a0,s3
20101dde:	454010ef          	jal	ra,20103232 <__addsf3>
20101de2:	892a                	mv	s2,a0
20101de4:	85a2                	mv	a1,s0
20101de6:	8556                	mv	a0,s5
20101de8:	6b3010ef          	jal	ra,20103c9a <__subsf3>
20101dec:	85aa                	mv	a1,a0
20101dee:	854a                	mv	a0,s2
20101df0:	2b7010ef          	jal	ra,201038a6 <__gesf2>
20101df4:	d4a046e3          	bgtz	a0,20101b40 <__ieee754_powf+0x342>
20101df8:	08600793          	li	a5,134
20101dfc:	a835                	j	20101e38 <__ieee754_powf+0x63a>
20101dfe:	43160737          	lui	a4,0x43160
20101e02:	00f77a63          	bgeu	a4,a5,20101e16 <__ieee754_powf+0x618>
20101e06:	00000593          	li	a1,0
20101e0a:	8526                	mv	a0,s1
20101e0c:	331010ef          	jal	ra,2010393c <__lesf2>
20101e10:	00052513          	slti	a0,a0,0
20101e14:	b129                	j	20101a1e <__ieee754_powf+0x220>
20101e16:	00e79b63          	bne	a5,a4,20101e2c <__ieee754_powf+0x62e>
20101e1a:	85a2                	mv	a1,s0
20101e1c:	67f010ef          	jal	ra,20103c9a <__subsf3>
20101e20:	85ce                	mv	a1,s3
20101e22:	285010ef          	jal	ra,201038a6 <__gesf2>
20101e26:	fc0549e3          	bltz	a0,20101df8 <__ieee754_powf+0x5fa>
20101e2a:	bff1                	j	20101e06 <__ieee754_powf+0x608>
20101e2c:	3f000737          	lui	a4,0x3f000
20101e30:	4901                	li	s2,0
20101e32:	04f77663          	bgeu	a4,a5,20101e7e <__ieee754_powf+0x680>
20101e36:	87dd                	srai	a5,a5,0x17
20101e38:	008006b7          	lui	a3,0x800
20101e3c:	f8278793          	addi	a5,a5,-126
20101e40:	40f6d7b3          	sra	a5,a3,a5
20101e44:	97d6                	add	a5,a5,s5
20101e46:	4177d713          	srai	a4,a5,0x17
20101e4a:	0ff77713          	zext.b	a4,a4
20101e4e:	f8170713          	addi	a4,a4,-127 # 3effff81 <_eusrstack+0x1ee7ff81>
20101e52:	ff8005b7          	lui	a1,0xff800
20101e56:	40e5d5b3          	sra	a1,a1,a4
20101e5a:	16fd                	addi	a3,a3,-1 # 7fffff <_data_lma+0x7f9bcb>
20101e5c:	495d                	li	s2,23
20101e5e:	8dfd                	and	a1,a1,a5
20101e60:	40e90933          	sub	s2,s2,a4
20101e64:	8ff5                	and	a5,a5,a3
20101e66:	29779793          	bseti	a5,a5,0x17
20101e6a:	4127d933          	sra	s2,a5,s2
20101e6e:	000a5463          	bgez	s4,20101e76 <__ieee754_powf+0x678>
20101e72:	41200933          	neg	s2,s2
20101e76:	8522                	mv	a0,s0
20101e78:	623010ef          	jal	ra,20103c9a <__subsf3>
20101e7c:	842a                	mv	s0,a0
20101e7e:	85ce                	mv	a1,s3
20101e80:	8522                	mv	a0,s0
20101e82:	3b0010ef          	jal	ra,20103232 <__addsf3>
20101e86:	7a7d                	lui	s4,0xfffff
20101e88:	00aa7a33          	and	s4,s4,a0
20101e8c:	0000e597          	auipc	a1,0xe
20101e90:	3e85a583          	lw	a1,1000(a1) # 20110274 <_impure_ptr+0x68>
20101e94:	8552                	mv	a0,s4
20101e96:	33f010ef          	jal	ra,201039d4 <__mulsf3>
20101e9a:	8aaa                	mv	s5,a0
20101e9c:	85a2                	mv	a1,s0
20101e9e:	8552                	mv	a0,s4
20101ea0:	5fb010ef          	jal	ra,20103c9a <__subsf3>
20101ea4:	85aa                	mv	a1,a0
20101ea6:	854e                	mv	a0,s3
20101ea8:	5f3010ef          	jal	ra,20103c9a <__subsf3>
20101eac:	0000e597          	auipc	a1,0xe
20101eb0:	3cc5a583          	lw	a1,972(a1) # 20110278 <_impure_ptr+0x6c>
20101eb4:	321010ef          	jal	ra,201039d4 <__mulsf3>
20101eb8:	842a                	mv	s0,a0
20101eba:	0000e597          	auipc	a1,0xe
20101ebe:	3c25a583          	lw	a1,962(a1) # 2011027c <_impure_ptr+0x70>
20101ec2:	8552                	mv	a0,s4
20101ec4:	311010ef          	jal	ra,201039d4 <__mulsf3>
20101ec8:	85aa                	mv	a1,a0
20101eca:	8522                	mv	a0,s0
20101ecc:	366010ef          	jal	ra,20103232 <__addsf3>
20101ed0:	89aa                	mv	s3,a0
20101ed2:	85aa                	mv	a1,a0
20101ed4:	8556                	mv	a0,s5
20101ed6:	35c010ef          	jal	ra,20103232 <__addsf3>
20101eda:	85d6                	mv	a1,s5
20101edc:	842a                	mv	s0,a0
20101ede:	5bd010ef          	jal	ra,20103c9a <__subsf3>
20101ee2:	85aa                	mv	a1,a0
20101ee4:	854e                	mv	a0,s3
20101ee6:	5b5010ef          	jal	ra,20103c9a <__subsf3>
20101eea:	8a2a                	mv	s4,a0
20101eec:	85a2                	mv	a1,s0
20101eee:	8522                	mv	a0,s0
20101ef0:	2e5010ef          	jal	ra,201039d4 <__mulsf3>
20101ef4:	0000e597          	auipc	a1,0xe
20101ef8:	38c5a583          	lw	a1,908(a1) # 20110280 <_impure_ptr+0x74>
20101efc:	89aa                	mv	s3,a0
20101efe:	2d7010ef          	jal	ra,201039d4 <__mulsf3>
20101f02:	0000e597          	auipc	a1,0xe
20101f06:	3825a583          	lw	a1,898(a1) # 20110284 <_impure_ptr+0x78>
20101f0a:	591010ef          	jal	ra,20103c9a <__subsf3>
20101f0e:	85ce                	mv	a1,s3
20101f10:	2c5010ef          	jal	ra,201039d4 <__mulsf3>
20101f14:	0000e597          	auipc	a1,0xe
20101f18:	3745a583          	lw	a1,884(a1) # 20110288 <_impure_ptr+0x7c>
20101f1c:	316010ef          	jal	ra,20103232 <__addsf3>
20101f20:	85ce                	mv	a1,s3
20101f22:	2b3010ef          	jal	ra,201039d4 <__mulsf3>
20101f26:	0000e597          	auipc	a1,0xe
20101f2a:	3665a583          	lw	a1,870(a1) # 2011028c <_impure_ptr+0x80>
20101f2e:	56d010ef          	jal	ra,20103c9a <__subsf3>
20101f32:	85ce                	mv	a1,s3
20101f34:	2a1010ef          	jal	ra,201039d4 <__mulsf3>
20101f38:	0000e597          	auipc	a1,0xe
20101f3c:	3585a583          	lw	a1,856(a1) # 20110290 <_impure_ptr+0x84>
20101f40:	2f2010ef          	jal	ra,20103232 <__addsf3>
20101f44:	85ce                	mv	a1,s3
20101f46:	28f010ef          	jal	ra,201039d4 <__mulsf3>
20101f4a:	85aa                	mv	a1,a0
20101f4c:	8522                	mv	a0,s0
20101f4e:	54d010ef          	jal	ra,20103c9a <__subsf3>
20101f52:	89aa                	mv	s3,a0
20101f54:	85aa                	mv	a1,a0
20101f56:	8522                	mv	a0,s0
20101f58:	27d010ef          	jal	ra,201039d4 <__mulsf3>
20101f5c:	0000e597          	auipc	a1,0xe
20101f60:	3385a583          	lw	a1,824(a1) # 20110294 <_impure_ptr+0x88>
20101f64:	8aaa                	mv	s5,a0
20101f66:	854e                	mv	a0,s3
20101f68:	533010ef          	jal	ra,20103c9a <__subsf3>
20101f6c:	85aa                	mv	a1,a0
20101f6e:	8556                	mv	a0,s5
20101f70:	61a010ef          	jal	ra,2010358a <__divsf3>
20101f74:	89aa                	mv	s3,a0
20101f76:	85d2                	mv	a1,s4
20101f78:	8522                	mv	a0,s0
20101f7a:	25b010ef          	jal	ra,201039d4 <__mulsf3>
20101f7e:	85d2                	mv	a1,s4
20101f80:	2b2010ef          	jal	ra,20103232 <__addsf3>
20101f84:	85aa                	mv	a1,a0
20101f86:	854e                	mv	a0,s3
20101f88:	513010ef          	jal	ra,20103c9a <__subsf3>
20101f8c:	85a2                	mv	a1,s0
20101f8e:	50d010ef          	jal	ra,20103c9a <__subsf3>
20101f92:	85aa                	mv	a1,a0
20101f94:	0000e517          	auipc	a0,0xe
20101f98:	29852503          	lw	a0,664(a0) # 2011022c <_impure_ptr+0x20>
20101f9c:	4ff010ef          	jal	ra,20103c9a <__subsf3>
20101fa0:	01791793          	slli	a5,s2,0x17
20101fa4:	97aa                	add	a5,a5,a0
20101fa6:	4177d713          	srai	a4,a5,0x17
20101faa:	00e04663          	bgtz	a4,20101fb6 <__ieee754_powf+0x7b8>
20101fae:	85ca                	mv	a1,s2
20101fb0:	609000ef          	jal	ra,20102db8 <scalbnf>
20101fb4:	87aa                	mv	a5,a0
20101fb6:	85a6                	mv	a1,s1
20101fb8:	853e                	mv	a0,a5
20101fba:	9c7ff06f          	j	20101980 <__ieee754_powf+0x182>
20101fbe:	0000e517          	auipc	a0,0xe
20101fc2:	26e52503          	lw	a0,622(a0) # 2011022c <_impure_ptr+0x20>
20101fc6:	877ff06f          	j	2010183c <__ieee754_powf+0x3e>

20101fca <__ieee754_rem_pio2f>:
20101fca:	7139                	addi	sp,sp,-64
20101fcc:	3f4917b7          	lui	a5,0x3f491
20101fd0:	dc22                	sw	s0,56(sp)
20101fd2:	d84a                	sw	s2,48(sp)
20101fd4:	d05a                	sw	s6,32(sp)
20101fd6:	de06                	sw	ra,60(sp)
20101fd8:	da26                	sw	s1,52(sp)
20101fda:	d64e                	sw	s3,44(sp)
20101fdc:	d452                	sw	s4,40(sp)
20101fde:	d256                	sw	s5,36(sp)
20101fe0:	ce5e                	sw	s7,28(sp)
20101fe2:	cc62                	sw	s8,24(sp)
20101fe4:	fd878793          	addi	a5,a5,-40 # 3f490fd8 <_eusrstack+0x1f310fd8>
20101fe8:	8b2a                	mv	s6,a0
20101fea:	842e                	mv	s0,a1
20101fec:	49f51913          	bclri	s2,a0,0x1f
20101ff0:	0127e863          	bltu	a5,s2,20102000 <__ieee754_rem_pio2f+0x36>
20101ff4:	c008                	sw	a0,0(s0)
20101ff6:	00000793          	li	a5,0
20101ffa:	c1dc                	sw	a5,4(a1)
20101ffc:	4481                	li	s1,0
20101ffe:	a085                	j	2010205e <__ieee754_rem_pio2f+0x94>
20102000:	4016d7b7          	lui	a5,0x4016d
20102004:	be378793          	addi	a5,a5,-1053 # 4016cbe3 <_eusrstack+0x1ffecbe3>
20102008:	800009b7          	lui	s3,0x80000
2010200c:	8c2a                	mv	s8,a0
2010200e:	1127e163          	bltu	a5,s2,20102110 <__ieee754_rem_pio2f+0x146>
20102012:	ff098493          	addi	s1,s3,-16 # 7ffffff0 <_eusrstack+0x5fe7fff0>
20102016:	8ce9                	and	s1,s1,a0
20102018:	0000e597          	auipc	a1,0xe
2010201c:	2805a583          	lw	a1,640(a1) # 20110298 <_impure_ptr+0x8c>
20102020:	08a05363          	blez	a0,201020a6 <__ieee754_rem_pio2f+0xdc>
20102024:	477010ef          	jal	ra,20103c9a <__subsf3>
20102028:	3fc917b7          	lui	a5,0x3fc91
2010202c:	fd078793          	addi	a5,a5,-48 # 3fc90fd0 <_eusrstack+0x1fb10fd0>
20102030:	892a                	mv	s2,a0
20102032:	04f48363          	beq	s1,a5,20102078 <__ieee754_rem_pio2f+0xae>
20102036:	0000e597          	auipc	a1,0xe
2010203a:	2665a583          	lw	a1,614(a1) # 2011029c <_impure_ptr+0x90>
2010203e:	45d010ef          	jal	ra,20103c9a <__subsf3>
20102042:	85aa                	mv	a1,a0
20102044:	84aa                	mv	s1,a0
20102046:	854a                	mv	a0,s2
20102048:	453010ef          	jal	ra,20103c9a <__subsf3>
2010204c:	0000e597          	auipc	a1,0xe
20102050:	2505a583          	lw	a1,592(a1) # 2011029c <_impure_ptr+0x90>
20102054:	447010ef          	jal	ra,20103c9a <__subsf3>
20102058:	c048                	sw	a0,4(s0)
2010205a:	c004                	sw	s1,0(s0)
2010205c:	4485                	li	s1,1
2010205e:	50f2                	lw	ra,60(sp)
20102060:	5462                	lw	s0,56(sp)
20102062:	5942                	lw	s2,48(sp)
20102064:	59b2                	lw	s3,44(sp)
20102066:	5a22                	lw	s4,40(sp)
20102068:	5a92                	lw	s5,36(sp)
2010206a:	5b02                	lw	s6,32(sp)
2010206c:	4bf2                	lw	s7,28(sp)
2010206e:	4c62                	lw	s8,24(sp)
20102070:	8526                	mv	a0,s1
20102072:	54d2                	lw	s1,52(sp)
20102074:	6121                	addi	sp,sp,64
20102076:	8082                	ret
20102078:	0000e597          	auipc	a1,0xe
2010207c:	2285a583          	lw	a1,552(a1) # 201102a0 <_impure_ptr+0x94>
20102080:	41b010ef          	jal	ra,20103c9a <__subsf3>
20102084:	0000e597          	auipc	a1,0xe
20102088:	2205a583          	lw	a1,544(a1) # 201102a4 <_impure_ptr+0x98>
2010208c:	892a                	mv	s2,a0
2010208e:	40d010ef          	jal	ra,20103c9a <__subsf3>
20102092:	85aa                	mv	a1,a0
20102094:	84aa                	mv	s1,a0
20102096:	854a                	mv	a0,s2
20102098:	403010ef          	jal	ra,20103c9a <__subsf3>
2010209c:	0000e597          	auipc	a1,0xe
201020a0:	2085a583          	lw	a1,520(a1) # 201102a4 <_impure_ptr+0x98>
201020a4:	bf45                	j	20102054 <__ieee754_rem_pio2f+0x8a>
201020a6:	18c010ef          	jal	ra,20103232 <__addsf3>
201020aa:	3fc917b7          	lui	a5,0x3fc91
201020ae:	fd078793          	addi	a5,a5,-48 # 3fc90fd0 <_eusrstack+0x1fb10fd0>
201020b2:	892a                	mv	s2,a0
201020b4:	02f48763          	beq	s1,a5,201020e2 <__ieee754_rem_pio2f+0x118>
201020b8:	0000e597          	auipc	a1,0xe
201020bc:	1e45a583          	lw	a1,484(a1) # 2011029c <_impure_ptr+0x90>
201020c0:	172010ef          	jal	ra,20103232 <__addsf3>
201020c4:	85aa                	mv	a1,a0
201020c6:	84aa                	mv	s1,a0
201020c8:	854a                	mv	a0,s2
201020ca:	3d1010ef          	jal	ra,20103c9a <__subsf3>
201020ce:	0000e597          	auipc	a1,0xe
201020d2:	1ce5a583          	lw	a1,462(a1) # 2011029c <_impure_ptr+0x90>
201020d6:	15c010ef          	jal	ra,20103232 <__addsf3>
201020da:	c048                	sw	a0,4(s0)
201020dc:	c004                	sw	s1,0(s0)
201020de:	54fd                	li	s1,-1
201020e0:	bfbd                	j	2010205e <__ieee754_rem_pio2f+0x94>
201020e2:	0000e597          	auipc	a1,0xe
201020e6:	1be5a583          	lw	a1,446(a1) # 201102a0 <_impure_ptr+0x94>
201020ea:	148010ef          	jal	ra,20103232 <__addsf3>
201020ee:	0000e597          	auipc	a1,0xe
201020f2:	1b65a583          	lw	a1,438(a1) # 201102a4 <_impure_ptr+0x98>
201020f6:	892a                	mv	s2,a0
201020f8:	13a010ef          	jal	ra,20103232 <__addsf3>
201020fc:	85aa                	mv	a1,a0
201020fe:	84aa                	mv	s1,a0
20102100:	854a                	mv	a0,s2
20102102:	399010ef          	jal	ra,20103c9a <__subsf3>
20102106:	0000e597          	auipc	a1,0xe
2010210a:	19e5a583          	lw	a1,414(a1) # 201102a4 <_impure_ptr+0x98>
2010210e:	b7e1                	j	201020d6 <__ieee754_rem_pio2f+0x10c>
20102110:	434917b7          	lui	a5,0x43491
20102114:	f8078793          	addi	a5,a5,-128 # 43490f80 <_eusrstack+0x23310f80>
20102118:	1727e763          	bltu	a5,s2,20102286 <__ieee754_rem_pio2f+0x2bc>
2010211c:	3e1000ef          	jal	ra,20102cfc <fabsf>
20102120:	0000e597          	auipc	a1,0xe
20102124:	1885a583          	lw	a1,392(a1) # 201102a8 <_impure_ptr+0x9c>
20102128:	8a2a                	mv	s4,a0
2010212a:	0ab010ef          	jal	ra,201039d4 <__mulsf3>
2010212e:	0000e597          	auipc	a1,0xe
20102132:	0fa5a583          	lw	a1,250(a1) # 20110228 <_impure_ptr+0x1c>
20102136:	0fc010ef          	jal	ra,20103232 <__addsf3>
2010213a:	715010ef          	jal	ra,2010404e <__fixsfsi>
2010213e:	84aa                	mv	s1,a0
20102140:	7bb010ef          	jal	ra,201040fa <__floatsisf>
20102144:	0000e597          	auipc	a1,0xe
20102148:	1545a583          	lw	a1,340(a1) # 20110298 <_impure_ptr+0x8c>
2010214c:	8baa                	mv	s7,a0
2010214e:	087010ef          	jal	ra,201039d4 <__mulsf3>
20102152:	85aa                	mv	a1,a0
20102154:	8552                	mv	a0,s4
20102156:	345010ef          	jal	ra,20103c9a <__subsf3>
2010215a:	8aaa                	mv	s5,a0
2010215c:	0000e597          	auipc	a1,0xe
20102160:	1405a583          	lw	a1,320(a1) # 2011029c <_impure_ptr+0x90>
20102164:	855e                	mv	a0,s7
20102166:	06f010ef          	jal	ra,201039d4 <__mulsf3>
2010216a:	47fd                	li	a5,31
2010216c:	8a2a                	mv	s4,a0
2010216e:	85aa                	mv	a1,a0
20102170:	8556                	mv	a0,s5
20102172:	0297c363          	blt	a5,s1,20102198 <__ieee754_rem_pio2f+0x1ce>
20102176:	00004797          	auipc	a5,0x4
2010217a:	ae278793          	addi	a5,a5,-1310 # 20105c58 <npio2_hw>
2010217e:	20f4c7b3          	sh2add	a5,s1,a5
20102182:	ffc7a783          	lw	a5,-4(a5)
20102186:	f0098993          	addi	s3,s3,-256
2010218a:	0169f9b3          	and	s3,s3,s6
2010218e:	00f98563          	beq	s3,a5,20102198 <__ieee754_rem_pio2f+0x1ce>
20102192:	309010ef          	jal	ra,20103c9a <__subsf3>
20102196:	a831                	j	201021b2 <__ieee754_rem_pio2f+0x1e8>
20102198:	303010ef          	jal	ra,20103c9a <__subsf3>
2010219c:	01755793          	srli	a5,a0,0x17
201021a0:	41795913          	srai	s2,s2,0x17
201021a4:	0ff7f793          	zext.b	a5,a5
201021a8:	40f907b3          	sub	a5,s2,a5
201021ac:	4721                	li	a4,8
201021ae:	00f74463          	blt	a4,a5,201021b6 <__ieee754_rem_pio2f+0x1ec>
201021b2:	c008                	sw	a0,0(s0)
201021b4:	a085                	j	20102214 <__ieee754_rem_pio2f+0x24a>
201021b6:	0000e597          	auipc	a1,0xe
201021ba:	0ea5a583          	lw	a1,234(a1) # 201102a0 <_impure_ptr+0x94>
201021be:	855e                	mv	a0,s7
201021c0:	015010ef          	jal	ra,201039d4 <__mulsf3>
201021c4:	8a2a                	mv	s4,a0
201021c6:	85aa                	mv	a1,a0
201021c8:	8556                	mv	a0,s5
201021ca:	2d1010ef          	jal	ra,20103c9a <__subsf3>
201021ce:	85aa                	mv	a1,a0
201021d0:	89aa                	mv	s3,a0
201021d2:	8556                	mv	a0,s5
201021d4:	2c7010ef          	jal	ra,20103c9a <__subsf3>
201021d8:	85d2                	mv	a1,s4
201021da:	2c1010ef          	jal	ra,20103c9a <__subsf3>
201021de:	8a2a                	mv	s4,a0
201021e0:	0000e597          	auipc	a1,0xe
201021e4:	0c45a583          	lw	a1,196(a1) # 201102a4 <_impure_ptr+0x98>
201021e8:	855e                	mv	a0,s7
201021ea:	7ea010ef          	jal	ra,201039d4 <__mulsf3>
201021ee:	85d2                	mv	a1,s4
201021f0:	2ab010ef          	jal	ra,20103c9a <__subsf3>
201021f4:	85aa                	mv	a1,a0
201021f6:	8a2a                	mv	s4,a0
201021f8:	854e                	mv	a0,s3
201021fa:	2a1010ef          	jal	ra,20103c9a <__subsf3>
201021fe:	01755793          	srli	a5,a0,0x17
20102202:	0ff7f793          	zext.b	a5,a5
20102206:	40f90933          	sub	s2,s2,a5
2010220a:	47e5                	li	a5,25
2010220c:	0327ca63          	blt	a5,s2,20102240 <__ieee754_rem_pio2f+0x276>
20102210:	c008                	sw	a0,0(s0)
20102212:	8ace                	mv	s5,s3
20102214:	00042903          	lw	s2,0(s0) # fffff000 <_eusrstack+0xdfe7f000>
20102218:	8556                	mv	a0,s5
2010221a:	85ca                	mv	a1,s2
2010221c:	27f010ef          	jal	ra,20103c9a <__subsf3>
20102220:	85d2                	mv	a1,s4
20102222:	279010ef          	jal	ra,20103c9a <__subsf3>
20102226:	c048                	sw	a0,4(s0)
20102228:	e20c5be3          	bgez	s8,2010205e <__ieee754_rem_pio2f+0x94>
2010222c:	69f91913          	binvi	s2,s2,0x1f
20102230:	69f51513          	binvi	a0,a0,0x1f
20102234:	01242023          	sw	s2,0(s0)
20102238:	c048                	sw	a0,4(s0)
2010223a:	409004b3          	neg	s1,s1
2010223e:	b505                	j	2010205e <__ieee754_rem_pio2f+0x94>
20102240:	0000e597          	auipc	a1,0xe
20102244:	06c5a583          	lw	a1,108(a1) # 201102ac <_impure_ptr+0xa0>
20102248:	855e                	mv	a0,s7
2010224a:	78a010ef          	jal	ra,201039d4 <__mulsf3>
2010224e:	892a                	mv	s2,a0
20102250:	85aa                	mv	a1,a0
20102252:	854e                	mv	a0,s3
20102254:	247010ef          	jal	ra,20103c9a <__subsf3>
20102258:	85aa                	mv	a1,a0
2010225a:	8aaa                	mv	s5,a0
2010225c:	854e                	mv	a0,s3
2010225e:	23d010ef          	jal	ra,20103c9a <__subsf3>
20102262:	85ca                	mv	a1,s2
20102264:	237010ef          	jal	ra,20103c9a <__subsf3>
20102268:	892a                	mv	s2,a0
2010226a:	0000e597          	auipc	a1,0xe
2010226e:	0465a583          	lw	a1,70(a1) # 201102b0 <_impure_ptr+0xa4>
20102272:	855e                	mv	a0,s7
20102274:	760010ef          	jal	ra,201039d4 <__mulsf3>
20102278:	85ca                	mv	a1,s2
2010227a:	221010ef          	jal	ra,20103c9a <__subsf3>
2010227e:	8a2a                	mv	s4,a0
20102280:	85aa                	mv	a1,a0
20102282:	8556                	mv	a0,s5
20102284:	b739                	j	20102192 <__ieee754_rem_pio2f+0x1c8>
20102286:	7f8007b7          	lui	a5,0x7f800
2010228a:	00f96863          	bltu	s2,a5,2010229a <__ieee754_rem_pio2f+0x2d0>
2010228e:	85aa                	mv	a1,a0
20102290:	20b010ef          	jal	ra,20103c9a <__subsf3>
20102294:	c048                	sw	a0,4(s0)
20102296:	c008                	sw	a0,0(s0)
20102298:	b395                	j	20101ffc <__ieee754_rem_pio2f+0x32>
2010229a:	41795993          	srai	s3,s2,0x17
2010229e:	f7a98993          	addi	s3,s3,-134
201022a2:	01799793          	slli	a5,s3,0x17
201022a6:	40f90933          	sub	s2,s2,a5
201022aa:	854a                	mv	a0,s2
201022ac:	5a3010ef          	jal	ra,2010404e <__fixsfsi>
201022b0:	64b010ef          	jal	ra,201040fa <__floatsisf>
201022b4:	85aa                	mv	a1,a0
201022b6:	c22a                	sw	a0,4(sp)
201022b8:	854a                	mv	a0,s2
201022ba:	1e1010ef          	jal	ra,20103c9a <__subsf3>
201022be:	0000e597          	auipc	a1,0xe
201022c2:	ff65a583          	lw	a1,-10(a1) # 201102b4 <_impure_ptr+0xa8>
201022c6:	70e010ef          	jal	ra,201039d4 <__mulsf3>
201022ca:	892a                	mv	s2,a0
201022cc:	583010ef          	jal	ra,2010404e <__fixsfsi>
201022d0:	62b010ef          	jal	ra,201040fa <__floatsisf>
201022d4:	85aa                	mv	a1,a0
201022d6:	c42a                	sw	a0,8(sp)
201022d8:	84aa                	mv	s1,a0
201022da:	854a                	mv	a0,s2
201022dc:	1bf010ef          	jal	ra,20103c9a <__subsf3>
201022e0:	0000e597          	auipc	a1,0xe
201022e4:	fd45a583          	lw	a1,-44(a1) # 201102b4 <_impure_ptr+0xa8>
201022e8:	6ec010ef          	jal	ra,201039d4 <__mulsf3>
201022ec:	00000593          	li	a1,0
201022f0:	c62a                	sw	a0,12(sp)
201022f2:	556010ef          	jal	ra,20103848 <__eqsf2>
201022f6:	468d                	li	a3,3
201022f8:	e909                	bnez	a0,2010230a <__ieee754_rem_pio2f+0x340>
201022fa:	00000593          	li	a1,0
201022fe:	8526                	mv	a0,s1
20102300:	548010ef          	jal	ra,20103848 <__eqsf2>
20102304:	00a036b3          	snez	a3,a0
20102308:	0685                	addi	a3,a3,1
2010230a:	00004797          	auipc	a5,0x4
2010230e:	9ce78793          	addi	a5,a5,-1586 # 20105cd8 <two_over_pi>
20102312:	4709                	li	a4,2
20102314:	864e                	mv	a2,s3
20102316:	85a2                	mv	a1,s0
20102318:	0048                	addi	a0,sp,4
2010231a:	248d                	jal	2010257c <__kernel_rem_pio2f>
2010231c:	84aa                	mv	s1,a0
2010231e:	d40c50e3          	bgez	s8,2010205e <__ieee754_rem_pio2f+0x94>
20102322:	401c                	lw	a5,0(s0)
20102324:	69f79793          	binvi	a5,a5,0x1f
20102328:	c01c                	sw	a5,0(s0)
2010232a:	405c                	lw	a5,4(s0)
2010232c:	69f79793          	binvi	a5,a5,0x1f
20102330:	c05c                	sw	a5,4(s0)
20102332:	b721                	j	2010223a <__ieee754_rem_pio2f+0x270>

20102334 <__ieee754_sqrtf>:
20102334:	1101                	addi	sp,sp,-32
20102336:	cc22                	sw	s0,24(sp)
20102338:	ce06                	sw	ra,28(sp)
2010233a:	ca26                	sw	s1,20(sp)
2010233c:	c84a                	sw	s2,16(sp)
2010233e:	c64e                	sw	s3,12(sp)
20102340:	c452                	sw	s4,8(sp)
20102342:	7f8006b7          	lui	a3,0x7f800
20102346:	842a                	mv	s0,a0
20102348:	49f51793          	bclri	a5,a0,0x1f
2010234c:	02d7e363          	bltu	a5,a3,20102372 <__ieee754_sqrtf+0x3e>
20102350:	85aa                	mv	a1,a0
20102352:	682010ef          	jal	ra,201039d4 <__mulsf3>
20102356:	85aa                	mv	a1,a0
20102358:	8522                	mv	a0,s0
2010235a:	6d9000ef          	jal	ra,20103232 <__addsf3>
2010235e:	842a                	mv	s0,a0
20102360:	40f2                	lw	ra,28(sp)
20102362:	8522                	mv	a0,s0
20102364:	4462                	lw	s0,24(sp)
20102366:	44d2                	lw	s1,20(sp)
20102368:	4942                	lw	s2,16(sp)
2010236a:	49b2                	lw	s3,12(sp)
2010236c:	4a22                	lw	s4,8(sp)
2010236e:	6105                	addi	sp,sp,32
20102370:	8082                	ret
20102372:	d7fd                	beqz	a5,20102360 <__ieee754_sqrtf+0x2c>
20102374:	87aa                	mv	a5,a0
20102376:	00055963          	bgez	a0,20102388 <__ieee754_sqrtf+0x54>
2010237a:	85aa                	mv	a1,a0
2010237c:	11f010ef          	jal	ra,20103c9a <__subsf3>
20102380:	85aa                	mv	a1,a0
20102382:	208010ef          	jal	ra,2010358a <__divsf3>
20102386:	bfe1                	j	2010235e <__ieee754_sqrtf+0x2a>
20102388:	8ee9                	and	a3,a3,a0
2010238a:	41755713          	srai	a4,a0,0x17
2010238e:	c2dd                	beqz	a3,20102434 <__ieee754_sqrtf+0x100>
20102390:	f8170713          	addi	a4,a4,-127
20102394:	07a6                	slli	a5,a5,0x9
20102396:	83a5                	srli	a5,a5,0x9
20102398:	00177693          	andi	a3,a4,1
2010239c:	29779793          	bseti	a5,a5,0x17
201023a0:	c291                	beqz	a3,201023a4 <__ieee754_sqrtf+0x70>
201023a2:	0786                	slli	a5,a5,0x1
201023a4:	40175413          	srai	s0,a4,0x1
201023a8:	0786                	slli	a5,a5,0x1
201023aa:	4665                	li	a2,25
201023ac:	4481                	li	s1,0
201023ae:	4501                	li	a0,0
201023b0:	010006b7          	lui	a3,0x1000
201023b4:	00d505b3          	add	a1,a0,a3
201023b8:	873e                	mv	a4,a5
201023ba:	00b7c763          	blt	a5,a1,201023c8 <__ieee754_sqrtf+0x94>
201023be:	00d58533          	add	a0,a1,a3
201023c2:	40b78733          	sub	a4,a5,a1
201023c6:	94b6                	add	s1,s1,a3
201023c8:	167d                	addi	a2,a2,-1 # 40020fff <_eusrstack+0x1fea0fff>
201023ca:	00171793          	slli	a5,a4,0x1
201023ce:	8285                	srli	a3,a3,0x1
201023d0:	f275                	bnez	a2,201023b4 <__ieee754_sqrtf+0x80>
201023d2:	c331                	beqz	a4,20102416 <__ieee754_sqrtf+0xe2>
201023d4:	82818913          	addi	s2,gp,-2008 # 20110208 <one>
201023d8:	82418993          	addi	s3,gp,-2012 # 20110204 <tiny>
201023dc:	00092503          	lw	a0,0(s2) # fffff000 <_eusrstack+0xdfe7f000>
201023e0:	0009a583          	lw	a1,0(s3)
201023e4:	00092a03          	lw	s4,0(s2)
201023e8:	0b3010ef          	jal	ra,20103c9a <__subsf3>
201023ec:	85aa                	mv	a1,a0
201023ee:	8552                	mv	a0,s4
201023f0:	54c010ef          	jal	ra,2010393c <__lesf2>
201023f4:	02a04163          	bgtz	a0,20102416 <__ieee754_sqrtf+0xe2>
201023f8:	00092503          	lw	a0,0(s2)
201023fc:	0009a583          	lw	a1,0(s3)
20102400:	00092903          	lw	s2,0(s2)
20102404:	62f000ef          	jal	ra,20103232 <__addsf3>
20102408:	85aa                	mv	a1,a0
2010240a:	854a                	mv	a0,s2
2010240c:	530010ef          	jal	ra,2010393c <__lesf2>
20102410:	02055663          	bgez	a0,2010243c <__ieee754_sqrtf+0x108>
20102414:	0489                	addi	s1,s1,2
20102416:	8485                	srai	s1,s1,0x1
20102418:	3f0007b7          	lui	a5,0x3f000
2010241c:	94be                	add	s1,s1,a5
2010241e:	045e                	slli	s0,s0,0x17
20102420:	9426                	add	s0,s0,s1
20102422:	bf3d                	j	20102360 <__ieee754_sqrtf+0x2c>
20102424:	0786                	slli	a5,a5,0x1
20102426:	0685                	addi	a3,a3,1 # 1000001 <_data_lma+0xff9bcd>
20102428:	00b7f633          	and	a2,a5,a1
2010242c:	de65                	beqz	a2,20102424 <__ieee754_sqrtf+0xf0>
2010242e:	16fd                	addi	a3,a3,-1
20102430:	8f15                	sub	a4,a4,a3
20102432:	bfb9                	j	20102390 <__ieee754_sqrtf+0x5c>
20102434:	4681                	li	a3,0
20102436:	008005b7          	lui	a1,0x800
2010243a:	b7fd                	j	20102428 <__ieee754_sqrtf+0xf4>
2010243c:	0485                	addi	s1,s1,1
2010243e:	98f9                	andi	s1,s1,-2
20102440:	bfd9                	j	20102416 <__ieee754_sqrtf+0xe2>

20102442 <__kernel_cosf>:
20102442:	7179                	addi	sp,sp,-48
20102444:	d226                	sw	s1,36(sp)
20102446:	d04a                	sw	s2,32(sp)
20102448:	cc52                	sw	s4,24(sp)
2010244a:	d606                	sw	ra,44(sp)
2010244c:	d422                	sw	s0,40(sp)
2010244e:	ce4e                	sw	s3,28(sp)
20102450:	320007b7          	lui	a5,0x32000
20102454:	892a                	mv	s2,a0
20102456:	8a2e                	mv	s4,a1
20102458:	49f51493          	bclri	s1,a0,0x1f
2010245c:	00f4f663          	bgeu	s1,a5,20102468 <__kernel_cosf+0x26>
20102460:	3ef010ef          	jal	ra,2010404e <__fixsfsi>
20102464:	10050763          	beqz	a0,20102572 <__kernel_cosf+0x130>
20102468:	85ca                	mv	a1,s2
2010246a:	854a                	mv	a0,s2
2010246c:	568010ef          	jal	ra,201039d4 <__mulsf3>
20102470:	0000e597          	auipc	a1,0xe
20102474:	db85a583          	lw	a1,-584(a1) # 20110228 <_impure_ptr+0x1c>
20102478:	842a                	mv	s0,a0
2010247a:	55a010ef          	jal	ra,201039d4 <__mulsf3>
2010247e:	0000e597          	auipc	a1,0xe
20102482:	e3e5a583          	lw	a1,-450(a1) # 201102bc <_impure_ptr+0xb0>
20102486:	89aa                	mv	s3,a0
20102488:	8522                	mv	a0,s0
2010248a:	54a010ef          	jal	ra,201039d4 <__mulsf3>
2010248e:	0000e597          	auipc	a1,0xe
20102492:	e325a583          	lw	a1,-462(a1) # 201102c0 <_impure_ptr+0xb4>
20102496:	59d000ef          	jal	ra,20103232 <__addsf3>
2010249a:	85a2                	mv	a1,s0
2010249c:	538010ef          	jal	ra,201039d4 <__mulsf3>
201024a0:	0000e597          	auipc	a1,0xe
201024a4:	e245a583          	lw	a1,-476(a1) # 201102c4 <_impure_ptr+0xb8>
201024a8:	7f2010ef          	jal	ra,20103c9a <__subsf3>
201024ac:	85a2                	mv	a1,s0
201024ae:	526010ef          	jal	ra,201039d4 <__mulsf3>
201024b2:	0000e597          	auipc	a1,0xe
201024b6:	e165a583          	lw	a1,-490(a1) # 201102c8 <_impure_ptr+0xbc>
201024ba:	579000ef          	jal	ra,20103232 <__addsf3>
201024be:	85a2                	mv	a1,s0
201024c0:	514010ef          	jal	ra,201039d4 <__mulsf3>
201024c4:	0000e597          	auipc	a1,0xe
201024c8:	e085a583          	lw	a1,-504(a1) # 201102cc <_impure_ptr+0xc0>
201024cc:	7ce010ef          	jal	ra,20103c9a <__subsf3>
201024d0:	85a2                	mv	a1,s0
201024d2:	502010ef          	jal	ra,201039d4 <__mulsf3>
201024d6:	0000e597          	auipc	a1,0xe
201024da:	dfa5a583          	lw	a1,-518(a1) # 201102d0 <_impure_ptr+0xc4>
201024de:	555000ef          	jal	ra,20103232 <__addsf3>
201024e2:	85a2                	mv	a1,s0
201024e4:	4f0010ef          	jal	ra,201039d4 <__mulsf3>
201024e8:	85a2                	mv	a1,s0
201024ea:	4ea010ef          	jal	ra,201039d4 <__mulsf3>
201024ee:	842a                	mv	s0,a0
201024f0:	85d2                	mv	a1,s4
201024f2:	854a                	mv	a0,s2
201024f4:	4e0010ef          	jal	ra,201039d4 <__mulsf3>
201024f8:	85aa                	mv	a1,a0
201024fa:	8522                	mv	a0,s0
201024fc:	79e010ef          	jal	ra,20103c9a <__subsf3>
20102500:	3e99a7b7          	lui	a5,0x3e99a
20102504:	99978793          	addi	a5,a5,-1639 # 3e999999 <_eusrstack+0x1e819999>
20102508:	842a                	mv	s0,a0
2010250a:	0297e563          	bltu	a5,s1,20102534 <__kernel_cosf+0xf2>
2010250e:	85aa                	mv	a1,a0
20102510:	854e                	mv	a0,s3
20102512:	788010ef          	jal	ra,20103c9a <__subsf3>
20102516:	85aa                	mv	a1,a0
20102518:	0000e517          	auipc	a0,0xe
2010251c:	d1452503          	lw	a0,-748(a0) # 2011022c <_impure_ptr+0x20>
20102520:	77a010ef          	jal	ra,20103c9a <__subsf3>
20102524:	50b2                	lw	ra,44(sp)
20102526:	5422                	lw	s0,40(sp)
20102528:	5492                	lw	s1,36(sp)
2010252a:	5902                	lw	s2,32(sp)
2010252c:	49f2                	lw	s3,28(sp)
2010252e:	4a62                	lw	s4,24(sp)
20102530:	6145                	addi	sp,sp,48
20102532:	8082                	ret
20102534:	3f4807b7          	lui	a5,0x3f480
20102538:	0297e863          	bltu	a5,s1,20102568 <__kernel_cosf+0x126>
2010253c:	ff0007b7          	lui	a5,0xff000
20102540:	00f485b3          	add	a1,s1,a5
20102544:	0000e517          	auipc	a0,0xe
20102548:	ce852503          	lw	a0,-792(a0) # 2011022c <_impure_ptr+0x20>
2010254c:	c62e                	sw	a1,12(sp)
2010254e:	74c010ef          	jal	ra,20103c9a <__subsf3>
20102552:	45b2                	lw	a1,12(sp)
20102554:	84aa                	mv	s1,a0
20102556:	854e                	mv	a0,s3
20102558:	742010ef          	jal	ra,20103c9a <__subsf3>
2010255c:	85a2                	mv	a1,s0
2010255e:	73c010ef          	jal	ra,20103c9a <__subsf3>
20102562:	85aa                	mv	a1,a0
20102564:	8526                	mv	a0,s1
20102566:	bf6d                	j	20102520 <__kernel_cosf+0xde>
20102568:	0000e597          	auipc	a1,0xe
2010256c:	d505a583          	lw	a1,-688(a1) # 201102b8 <_impure_ptr+0xac>
20102570:	bfd1                	j	20102544 <__kernel_cosf+0x102>
20102572:	0000e517          	auipc	a0,0xe
20102576:	cba52503          	lw	a0,-838(a0) # 2011022c <_impure_ptr+0x20>
2010257a:	b76d                	j	20102524 <__kernel_cosf+0xe2>

2010257c <__kernel_rem_pio2f>:
2010257c:	7161                	addi	sp,sp,-432
2010257e:	ca3e                	sw	a5,20(sp)
20102580:	00004797          	auipc	a5,0x4
20102584:	a9c78793          	addi	a5,a5,-1380 # 2010601c <init_jk>
20102588:	20f747b3          	sh2add	a5,a4,a5
2010258c:	1a812423          	sw	s0,424(sp)
20102590:	19412c23          	sw	s4,408(sp)
20102594:	19612823          	sw	s6,400(sp)
20102598:	19712623          	sw	s7,396(sp)
2010259c:	19812423          	sw	s8,392(sp)
201025a0:	0007ab83          	lw	s7,0(a5)
201025a4:	19912223          	sw	s9,388(sp)
201025a8:	17b12e23          	sw	s11,380(sp)
201025ac:	1a112623          	sw	ra,428(sp)
201025b0:	1a912223          	sw	s1,420(sp)
201025b4:	1b212023          	sw	s2,416(sp)
201025b8:	19312e23          	sw	s3,412(sp)
201025bc:	19512a23          	sw	s5,404(sp)
201025c0:	19a12023          	sw	s10,384(sp)
201025c4:	c82a                	sw	a0,16(sp)
201025c6:	57f1                	li	a5,-4
201025c8:	8a2e                	mv	s4,a1
201025ca:	8c32                	mv	s8,a2
201025cc:	8cb6                	mv	s9,a3
201025ce:	8b3a                	mv	s6,a4
201025d0:	fff68d93          	addi	s11,a3,-1
201025d4:	4401                	li	s0,0
201025d6:	00f64763          	blt	a2,a5,201025e4 <__kernel_rem_pio2f+0x68>
201025da:	ffd60413          	addi	s0,a2,-3
201025de:	47a1                	li	a5,8
201025e0:	02f44433          	div	s0,s0,a5
201025e4:	00140d13          	addi	s10,s0,1
201025e8:	003d1793          	slli	a5,s10,0x3
201025ec:	41b40ab3          	sub	s5,s0,s11
201025f0:	c63e                	sw	a5,12(sp)
201025f2:	40fc0933          	sub	s2,s8,a5
201025f6:	01bb8d33          	add	s10,s7,s11
201025fa:	08010993          	addi	s3,sp,128
201025fe:	84d6                	mv	s1,s5
20102600:	415487b3          	sub	a5,s1,s5
20102604:	00fd5f63          	bge	s10,a5,20102622 <__kernel_rem_pio2f+0xa6>
20102608:	8ae6                	mv	s5,s9
2010260a:	1218                	addi	a4,sp,288
2010260c:	419a87b3          	sub	a5,s5,s9
20102610:	04fbcf63          	blt	s7,a5,2010266e <__kernel_rem_pio2f+0xf2>
20102614:	011c                	addi	a5,sp,128
20102616:	00000493          	li	s1,0
2010261a:	4981                	li	s3,0
2010261c:	20facd33          	sh2add	s10,s5,a5
20102620:	a081                	j	20102660 <__kernel_rem_pio2f+0xe4>
20102622:	00000513          	li	a0,0
20102626:	0004c863          	bltz	s1,20102636 <__kernel_rem_pio2f+0xba>
2010262a:	47d2                	lw	a5,20(sp)
2010262c:	20f4c7b3          	sh2add	a5,s1,a5
20102630:	4388                	lw	a0,0(a5)
20102632:	2c9010ef          	jal	ra,201040fa <__floatsisf>
20102636:	00a9a023          	sw	a0,0(s3)
2010263a:	0485                	addi	s1,s1,1
2010263c:	0991                	addi	s3,s3,4
2010263e:	b7c9                	j	20102600 <__kernel_rem_pio2f+0x84>
20102640:	47c2                	lw	a5,16(sp)
20102642:	000d2583          	lw	a1,0(s10)
20102646:	cc3a                	sw	a4,24(sp)
20102648:	20f9c6b3          	sh2add	a3,s3,a5
2010264c:	4288                	lw	a0,0(a3)
2010264e:	0985                	addi	s3,s3,1
20102650:	384010ef          	jal	ra,201039d4 <__mulsf3>
20102654:	85aa                	mv	a1,a0
20102656:	8526                	mv	a0,s1
20102658:	3db000ef          	jal	ra,20103232 <__addsf3>
2010265c:	4762                	lw	a4,24(sp)
2010265e:	84aa                	mv	s1,a0
20102660:	1d71                	addi	s10,s10,-4
20102662:	fd3ddfe3          	bge	s11,s3,20102640 <__kernel_rem_pio2f+0xc4>
20102666:	c304                	sw	s1,0(a4)
20102668:	0a85                	addi	s5,s5,1
2010266a:	0711                	addi	a4,a4,4
2010266c:	b745                	j	2010260c <__kernel_rem_pio2f+0x90>
2010266e:	181c                	addi	a5,sp,48
20102670:	20fbc7b3          	sh2add	a5,s7,a5
20102674:	d23e                	sw	a5,36(sp)
20102676:	00241793          	slli	a5,s0,0x2
2010267a:	d03e                	sw	a5,32(sp)
2010267c:	47a1                	li	a5,8
2010267e:	412787b3          	sub	a5,a5,s2
20102682:	845e                	mv	s0,s7
20102684:	ce3e                	sw	a5,28(sp)
20102686:	00241793          	slli	a5,s0,0x2
2010268a:	cc3e                	sw	a5,24(sp)
2010268c:	1a9c                	addi	a5,sp,368
2010268e:	20f447b3          	sh2add	a5,s0,a5
20102692:	fb07a983          	lw	s3,-80(a5)
20102696:	03010d13          	addi	s10,sp,48
2010269a:	84ea                	mv	s1,s10
2010269c:	8aa2                	mv	s5,s0
2010269e:	13504e63          	bgtz	s5,201027da <__kernel_rem_pio2f+0x25e>
201026a2:	85ca                	mv	a1,s2
201026a4:	854e                	mv	a0,s3
201026a6:	712000ef          	jal	ra,20102db8 <scalbnf>
201026aa:	0000e797          	auipc	a5,0xe
201026ae:	c2a78793          	addi	a5,a5,-982 # 201102d4 <_impure_ptr+0xc8>
201026b2:	438c                	lw	a1,0(a5)
201026b4:	84aa                	mv	s1,a0
201026b6:	31e010ef          	jal	ra,201039d4 <__mulsf3>
201026ba:	2d99                	jal	20102d10 <floorf>
201026bc:	0000e797          	auipc	a5,0xe
201026c0:	c1c78793          	addi	a5,a5,-996 # 201102d8 <_impure_ptr+0xcc>
201026c4:	438c                	lw	a1,0(a5)
201026c6:	30e010ef          	jal	ra,201039d4 <__mulsf3>
201026ca:	85aa                	mv	a1,a0
201026cc:	8526                	mv	a0,s1
201026ce:	5cc010ef          	jal	ra,20103c9a <__subsf3>
201026d2:	84aa                	mv	s1,a0
201026d4:	17b010ef          	jal	ra,2010404e <__fixsfsi>
201026d8:	8aaa                	mv	s5,a0
201026da:	221010ef          	jal	ra,201040fa <__floatsisf>
201026de:	85aa                	mv	a1,a0
201026e0:	8526                	mv	a0,s1
201026e2:	5b8010ef          	jal	ra,20103c9a <__subsf3>
201026e6:	89aa                	mv	s3,a0
201026e8:	13205f63          	blez	s2,20102826 <__kernel_rem_pio2f+0x2aa>
201026ec:	1a98                	addi	a4,sp,368
201026ee:	fff40793          	addi	a5,s0,-1
201026f2:	20e7c7b3          	sh2add	a5,a5,a4
201026f6:	4772                	lw	a4,28(sp)
201026f8:	ec07a483          	lw	s1,-320(a5)
201026fc:	40e4d6b3          	sra	a3,s1,a4
20102700:	9ab6                	add	s5,s5,a3
20102702:	00e696b3          	sll	a3,a3,a4
20102706:	8c95                	sub	s1,s1,a3
20102708:	ec97a023          	sw	s1,-320(a5)
2010270c:	479d                	li	a5,7
2010270e:	412787b3          	sub	a5,a5,s2
20102712:	40f4d4b3          	sra	s1,s1,a5
20102716:	04905d63          	blez	s1,20102770 <__kernel_rem_pio2f+0x1f4>
2010271a:	0a85                	addi	s5,s5,1
2010271c:	4681                	li	a3,0
2010271e:	4601                	li	a2,0
20102720:	0ff00593          	li	a1,255
20102724:	10000513          	li	a0,256
20102728:	1286c463          	blt	a3,s0,20102850 <__kernel_rem_pio2f+0x2d4>
2010272c:	01205863          	blez	s2,2010273c <__kernel_rem_pio2f+0x1c0>
20102730:	4785                	li	a5,1
20102732:	14f90863          	beq	s2,a5,20102882 <__kernel_rem_pio2f+0x306>
20102736:	4789                	li	a5,2
20102738:	16f90163          	beq	s2,a5,2010289a <__kernel_rem_pio2f+0x31e>
2010273c:	4789                	li	a5,2
2010273e:	02f49963          	bne	s1,a5,20102770 <__kernel_rem_pio2f+0x1f4>
20102742:	0000e797          	auipc	a5,0xe
20102746:	aea78793          	addi	a5,a5,-1302 # 2011022c <_impure_ptr+0x20>
2010274a:	4388                	lw	a0,0(a5)
2010274c:	85ce                	mv	a1,s3
2010274e:	d432                	sw	a2,40(sp)
20102750:	54a010ef          	jal	ra,20103c9a <__subsf3>
20102754:	5622                	lw	a2,40(sp)
20102756:	89aa                	mv	s3,a0
20102758:	ce01                	beqz	a2,20102770 <__kernel_rem_pio2f+0x1f4>
2010275a:	85ca                	mv	a1,s2
2010275c:	0000e517          	auipc	a0,0xe
20102760:	ad052503          	lw	a0,-1328(a0) # 2011022c <_impure_ptr+0x20>
20102764:	2d91                	jal	20102db8 <scalbnf>
20102766:	85aa                	mv	a1,a0
20102768:	854e                	mv	a0,s3
2010276a:	530010ef          	jal	ra,20103c9a <__subsf3>
2010276e:	89aa                	mv	s3,a0
20102770:	00000593          	li	a1,0
20102774:	854e                	mv	a0,s3
20102776:	0d2010ef          	jal	ra,20103848 <__eqsf2>
2010277a:	1c051163          	bnez	a0,2010293c <__kernel_rem_pio2f+0x3c0>
2010277e:	fff40793          	addi	a5,s0,-1
20102782:	4701                	li	a4,0
20102784:	86be                	mv	a3,a5
20102786:	1377d463          	bge	a5,s7,201028ae <__kernel_rem_pio2f+0x332>
2010278a:	16070f63          	beqz	a4,20102908 <__kernel_rem_pio2f+0x38c>
2010278e:	8436                	mv	s0,a3
20102790:	181c                	addi	a5,sp,48
20102792:	20f447b3          	sh2add	a5,s0,a5
20102796:	439c                	lw	a5,0(a5)
20102798:	1961                	addi	s2,s2,-8
2010279a:	18078f63          	beqz	a5,20102938 <__kernel_rem_pio2f+0x3bc>
2010279e:	85ca                	mv	a1,s2
201027a0:	0000e517          	auipc	a0,0xe
201027a4:	a8c52503          	lw	a0,-1396(a0) # 2011022c <_impure_ptr+0x20>
201027a8:	2d01                	jal	20102db8 <scalbnf>
201027aa:	892a                	mv	s2,a0
201027ac:	89a2                	mv	s3,s0
201027ae:	0000ec17          	auipc	s8,0xe
201027b2:	a6ec2c03          	lw	s8,-1426(s8) # 2011021c <_impure_ptr+0x10>
201027b6:	2009d663          	bgez	s3,201029c2 <__kernel_rem_pio2f+0x446>
201027ba:	8922                	mv	s2,s0
201027bc:	26094163          	bltz	s2,20102a1e <__kernel_rem_pio2f+0x4a2>
201027c0:	121c                	addi	a5,sp,288
201027c2:	00004d97          	auipc	s11,0x4
201027c6:	82ed8d93          	addi	s11,s11,-2002 # 20105ff0 <PIo2>
201027ca:	00000993          	li	s3,0
201027ce:	4c81                	li	s9,0
201027d0:	41240c33          	sub	s8,s0,s2
201027d4:	20f94d33          	sh2add	s10,s2,a5
201027d8:	ac05                	j	20102a08 <__kernel_rem_pio2f+0x48c>
201027da:	0000e797          	auipc	a5,0xe
201027de:	a4278793          	addi	a5,a5,-1470 # 2011021c <_impure_ptr+0x10>
201027e2:	438c                	lw	a1,0(a5)
201027e4:	854e                	mv	a0,s3
201027e6:	1afd                	addi	s5,s5,-1
201027e8:	1ec010ef          	jal	ra,201039d4 <__mulsf3>
201027ec:	063010ef          	jal	ra,2010404e <__fixsfsi>
201027f0:	10b010ef          	jal	ra,201040fa <__floatsisf>
201027f4:	0000e797          	auipc	a5,0xe
201027f8:	ac078793          	addi	a5,a5,-1344 # 201102b4 <_impure_ptr+0xa8>
201027fc:	438c                	lw	a1,0(a5)
201027fe:	d42a                	sw	a0,40(sp)
20102800:	1d4010ef          	jal	ra,201039d4 <__mulsf3>
20102804:	85aa                	mv	a1,a0
20102806:	854e                	mv	a0,s3
20102808:	492010ef          	jal	ra,20103c9a <__subsf3>
2010280c:	043010ef          	jal	ra,2010404e <__fixsfsi>
20102810:	121c                	addi	a5,sp,288
20102812:	c088                	sw	a0,0(s1)
20102814:	20fac6b3          	sh2add	a3,s5,a5
20102818:	5522                	lw	a0,40(sp)
2010281a:	428c                	lw	a1,0(a3)
2010281c:	0491                	addi	s1,s1,4
2010281e:	215000ef          	jal	ra,20103232 <__addsf3>
20102822:	89aa                	mv	s3,a0
20102824:	bdad                	j	2010269e <__kernel_rem_pio2f+0x122>
20102826:	00091963          	bnez	s2,20102838 <__kernel_rem_pio2f+0x2bc>
2010282a:	1a9c                	addi	a5,sp,368
2010282c:	20f447b3          	sh2add	a5,s0,a5
20102830:	ebc7a483          	lw	s1,-324(a5)
20102834:	849d                	srai	s1,s1,0x7
20102836:	b5c5                	j	20102716 <__kernel_rem_pio2f+0x19a>
20102838:	0000e797          	auipc	a5,0xe
2010283c:	9f078793          	addi	a5,a5,-1552 # 20110228 <_impure_ptr+0x1c>
20102840:	438c                	lw	a1,0(a5)
20102842:	4481                	li	s1,0
20102844:	062010ef          	jal	ra,201038a6 <__gesf2>
20102848:	f20544e3          	bltz	a0,20102770 <__kernel_rem_pio2f+0x1f4>
2010284c:	4489                	li	s1,2
2010284e:	b5f1                	j	2010271a <__kernel_rem_pio2f+0x19e>
20102850:	000d2783          	lw	a5,0(s10)
20102854:	ee01                	bnez	a2,2010286c <__kernel_rem_pio2f+0x2f0>
20102856:	c385                	beqz	a5,20102876 <__kernel_rem_pio2f+0x2fa>
20102858:	40f507b3          	sub	a5,a0,a5
2010285c:	00fd2023          	sw	a5,0(s10)
20102860:	0685                	addi	a3,a3,1
20102862:	0d11                	addi	s10,s10,4
20102864:	0086dd63          	bge	a3,s0,2010287e <__kernel_rem_pio2f+0x302>
20102868:	000d2783          	lw	a5,0(s10)
2010286c:	40f587b3          	sub	a5,a1,a5
20102870:	00fd2023          	sw	a5,0(s10)
20102874:	4785                	li	a5,1
20102876:	0685                	addi	a3,a3,1
20102878:	0d11                	addi	s10,s10,4
2010287a:	863e                	mv	a2,a5
2010287c:	b575                	j	20102728 <__kernel_rem_pio2f+0x1ac>
2010287e:	4605                	li	a2,1
20102880:	b575                	j	2010272c <__kernel_rem_pio2f+0x1b0>
20102882:	1a98                	addi	a4,sp,368
20102884:	fff40793          	addi	a5,s0,-1
20102888:	20e7c7b3          	sh2add	a5,a5,a4
2010288c:	ec07a703          	lw	a4,-320(a5)
20102890:	07f77713          	andi	a4,a4,127
20102894:	ece7a023          	sw	a4,-320(a5)
20102898:	b555                	j	2010273c <__kernel_rem_pio2f+0x1c0>
2010289a:	1a98                	addi	a4,sp,368
2010289c:	fff40793          	addi	a5,s0,-1
201028a0:	20e7c7b3          	sh2add	a5,a5,a4
201028a4:	ec07a703          	lw	a4,-320(a5)
201028a8:	03f77713          	andi	a4,a4,63
201028ac:	b7e5                	j	20102894 <__kernel_rem_pio2f+0x318>
201028ae:	1810                	addi	a2,sp,48
201028b0:	20c7c633          	sh2add	a2,a5,a2
201028b4:	4210                	lw	a2,0(a2)
201028b6:	17fd                	addi	a5,a5,-1
201028b8:	8f51                	or	a4,a4,a2
201028ba:	b5f1                	j	20102786 <__kernel_rem_pio2f+0x20a>
201028bc:	0785                	addi	a5,a5,1
201028be:	1771                	addi	a4,a4,-4
201028c0:	4314                	lw	a3,0(a4)
201028c2:	deed                	beqz	a3,201028bc <__kernel_rem_pio2f+0x340>
201028c4:	019409b3          	add	s3,s0,s9
201028c8:	00140a93          	addi	s5,s0,1
201028cc:	0118                	addi	a4,sp,128
201028ce:	943e                	add	s0,s0,a5
201028d0:	20e9c9b3          	sh2add	s3,s3,a4
201028d4:	db5449e3          	blt	s0,s5,20102686 <__kernel_rem_pio2f+0x10a>
201028d8:	4752                	lw	a4,20(sp)
201028da:	5782                	lw	a5,32(sp)
201028dc:	002a9493          	slli	s1,s5,0x2
201028e0:	20fac7b3          	sh2add	a5,s5,a5
201028e4:	97ba                	add	a5,a5,a4
201028e6:	4388                	lw	a0,0(a5)
201028e8:	013010ef          	jal	ra,201040fa <__floatsisf>
201028ec:	00a9a023          	sw	a0,0(s3)
201028f0:	86ce                	mv	a3,s3
201028f2:	4701                	li	a4,0
201028f4:	00000793          	li	a5,0
201028f8:	00eddb63          	bge	s11,a4,2010290e <__kernel_rem_pio2f+0x392>
201028fc:	1218                	addi	a4,sp,288
201028fe:	94ba                	add	s1,s1,a4
20102900:	c09c                	sw	a5,0(s1)
20102902:	0a85                	addi	s5,s5,1
20102904:	0991                	addi	s3,s3,4
20102906:	b7f9                	j	201028d4 <__kernel_rem_pio2f+0x358>
20102908:	5712                	lw	a4,36(sp)
2010290a:	4785                	li	a5,1
2010290c:	bf4d                	j	201028be <__kernel_rem_pio2f+0x342>
2010290e:	d63e                	sw	a5,44(sp)
20102910:	47c2                	lw	a5,16(sp)
20102912:	428c                	lw	a1,0(a3)
20102914:	d43a                	sw	a4,40(sp)
20102916:	20f74633          	sh2add	a2,a4,a5
2010291a:	4208                	lw	a0,0(a2)
2010291c:	cc36                	sw	a3,24(sp)
2010291e:	0b6010ef          	jal	ra,201039d4 <__mulsf3>
20102922:	57b2                	lw	a5,44(sp)
20102924:	85aa                	mv	a1,a0
20102926:	853e                	mv	a0,a5
20102928:	10b000ef          	jal	ra,20103232 <__addsf3>
2010292c:	5722                	lw	a4,40(sp)
2010292e:	46e2                	lw	a3,24(sp)
20102930:	87aa                	mv	a5,a0
20102932:	0705                	addi	a4,a4,1
20102934:	16f1                	addi	a3,a3,-4
20102936:	b7c9                	j	201028f8 <__kernel_rem_pio2f+0x37c>
20102938:	147d                	addi	s0,s0,-1
2010293a:	bd99                	j	20102790 <__kernel_rem_pio2f+0x214>
2010293c:	47b2                	lw	a5,12(sp)
2010293e:	854e                	mv	a0,s3
20102940:	418785b3          	sub	a1,a5,s8
20102944:	2995                	jal	20102db8 <scalbnf>
20102946:	0000ec97          	auipc	s9,0xe
2010294a:	96ecac83          	lw	s9,-1682(s9) # 201102b4 <_impure_ptr+0xa8>
2010294e:	85e6                	mv	a1,s9
20102950:	89aa                	mv	s3,a0
20102952:	755000ef          	jal	ra,201038a6 <__gesf2>
20102956:	04054a63          	bltz	a0,201029aa <__kernel_rem_pio2f+0x42e>
2010295a:	0000e597          	auipc	a1,0xe
2010295e:	8c25a583          	lw	a1,-1854(a1) # 2011021c <_impure_ptr+0x10>
20102962:	854e                	mv	a0,s3
20102964:	070010ef          	jal	ra,201039d4 <__mulsf3>
20102968:	6e6010ef          	jal	ra,2010404e <__fixsfsi>
2010296c:	78e010ef          	jal	ra,201040fa <__floatsisf>
20102970:	47e2                	lw	a5,24(sp)
20102972:	1818                	addi	a4,sp,48
20102974:	85e6                	mv	a1,s9
20102976:	14078793          	addi	a5,a5,320
2010297a:	00e78d33          	add	s10,a5,a4
2010297e:	8c2a                	mv	s8,a0
20102980:	054010ef          	jal	ra,201039d4 <__mulsf3>
20102984:	85aa                	mv	a1,a0
20102986:	854e                	mv	a0,s3
20102988:	312010ef          	jal	ra,20103c9a <__subsf3>
2010298c:	6c2010ef          	jal	ra,2010404e <__fixsfsi>
20102990:	ecad2023          	sw	a0,-320(s10)
20102994:	1a9c                	addi	a5,sp,368
20102996:	0405                	addi	s0,s0,1
20102998:	8562                	mv	a0,s8
2010299a:	20f449b3          	sh2add	s3,s0,a5
2010299e:	6b0010ef          	jal	ra,2010404e <__fixsfsi>
201029a2:	0921                	addi	s2,s2,8
201029a4:	eca9a023          	sw	a0,-320(s3)
201029a8:	bbdd                	j	2010279e <__kernel_rem_pio2f+0x222>
201029aa:	47e2                	lw	a5,24(sp)
201029ac:	1818                	addi	a4,sp,48
201029ae:	854e                	mv	a0,s3
201029b0:	14078793          	addi	a5,a5,320
201029b4:	00e78c33          	add	s8,a5,a4
201029b8:	696010ef          	jal	ra,2010404e <__fixsfsi>
201029bc:	ecac2023          	sw	a0,-320(s8)
201029c0:	bbf9                	j	2010279e <__kernel_rem_pio2f+0x222>
201029c2:	121c                	addi	a5,sp,288
201029c4:	20f9ccb3          	sh2add	s9,s3,a5
201029c8:	181c                	addi	a5,sp,48
201029ca:	20f9c7b3          	sh2add	a5,s3,a5
201029ce:	4388                	lw	a0,0(a5)
201029d0:	19fd                	addi	s3,s3,-1
201029d2:	728010ef          	jal	ra,201040fa <__floatsisf>
201029d6:	85ca                	mv	a1,s2
201029d8:	7fd000ef          	jal	ra,201039d4 <__mulsf3>
201029dc:	00aca023          	sw	a0,0(s9)
201029e0:	85e2                	mv	a1,s8
201029e2:	854a                	mv	a0,s2
201029e4:	7f1000ef          	jal	ra,201039d4 <__mulsf3>
201029e8:	892a                	mv	s2,a0
201029ea:	b3f1                	j	201027b6 <__kernel_rem_pio2f+0x23a>
201029ec:	000d2583          	lw	a1,0(s10)
201029f0:	000da503          	lw	a0,0(s11)
201029f4:	0c85                	addi	s9,s9,1
201029f6:	0d91                	addi	s11,s11,4
201029f8:	7dd000ef          	jal	ra,201039d4 <__mulsf3>
201029fc:	85aa                	mv	a1,a0
201029fe:	854e                	mv	a0,s3
20102a00:	033000ef          	jal	ra,20103232 <__addsf3>
20102a04:	89aa                	mv	s3,a0
20102a06:	0d11                	addi	s10,s10,4
20102a08:	019bc463          	blt	s7,s9,20102a10 <__kernel_rem_pio2f+0x494>
20102a0c:	ff9c50e3          	bge	s8,s9,201029ec <__kernel_rem_pio2f+0x470>
20102a10:	1a9c                	addi	a5,sp,368
20102a12:	20fc4c33          	sh2add	s8,s8,a5
20102a16:	197d                	addi	s2,s2,-1
20102a18:	f73c2023          	sw	s3,-160(s8)
20102a1c:	b345                	j	201027bc <__kernel_rem_pio2f+0x240>
20102a1e:	4789                	li	a5,2
20102a20:	0567c663          	blt	a5,s6,20102a6c <__kernel_rem_pio2f+0x4f0>
20102a24:	0f604263          	bgtz	s6,20102b08 <__kernel_rem_pio2f+0x58c>
20102a28:	00000513          	li	a0,0
20102a2c:	080b0763          	beqz	s6,20102aba <__kernel_rem_pio2f+0x53e>
20102a30:	1ac12083          	lw	ra,428(sp)
20102a34:	1a812403          	lw	s0,424(sp)
20102a38:	1a412483          	lw	s1,420(sp)
20102a3c:	1a012903          	lw	s2,416(sp)
20102a40:	19c12983          	lw	s3,412(sp)
20102a44:	19812a03          	lw	s4,408(sp)
20102a48:	19012b03          	lw	s6,400(sp)
20102a4c:	18c12b83          	lw	s7,396(sp)
20102a50:	18812c03          	lw	s8,392(sp)
20102a54:	18412c83          	lw	s9,388(sp)
20102a58:	18012d03          	lw	s10,384(sp)
20102a5c:	17c12d83          	lw	s11,380(sp)
20102a60:	007af513          	andi	a0,s5,7
20102a64:	19412a83          	lw	s5,404(sp)
20102a68:	615d                	addi	sp,sp,432
20102a6a:	8082                	ret
20102a6c:	478d                	li	a5,3
20102a6e:	fcfb11e3          	bne	s6,a5,20102a30 <__kernel_rem_pio2f+0x4b4>
20102a72:	099c                	addi	a5,sp,208
20102a74:	20f44933          	sh2add	s2,s0,a5
20102a78:	8ba2                	mv	s7,s0
20102a7a:	89ca                	mv	s3,s2
20102a7c:	19f1                	addi	s3,s3,-4
20102a7e:	09704f63          	bgtz	s7,20102b1c <__kernel_rem_pio2f+0x5a0>
20102a82:	8b22                	mv	s6,s0
20102a84:	4c85                	li	s9,1
20102a86:	1971                	addi	s2,s2,-4
20102a88:	0d6cc063          	blt	s9,s6,20102b48 <__kernel_rem_pio2f+0x5cc>
20102a8c:	00000513          	li	a0,0
20102a90:	4905                	li	s2,1
20102a92:	0e894163          	blt	s2,s0,20102b74 <__kernel_rem_pio2f+0x5f8>
20102a96:	474e                	lw	a4,208(sp)
20102a98:	47de                	lw	a5,212(sp)
20102a9a:	0e049563          	bnez	s1,20102b84 <__kernel_rem_pio2f+0x608>
20102a9e:	00ea2023          	sw	a4,0(s4) # fffff000 <_eusrstack+0xdfe7f000>
20102aa2:	00fa2223          	sw	a5,4(s4)
20102aa6:	00aa2423          	sw	a0,8(s4)
20102aaa:	b759                	j	20102a30 <__kernel_rem_pio2f+0x4b4>
20102aac:	099c                	addi	a5,sp,208
20102aae:	20f447b3          	sh2add	a5,s0,a5
20102ab2:	438c                	lw	a1,0(a5)
20102ab4:	147d                	addi	s0,s0,-1
20102ab6:	77c000ef          	jal	ra,20103232 <__addsf3>
20102aba:	fe0459e3          	bgez	s0,20102aac <__kernel_rem_pio2f+0x530>
20102abe:	c099                	beqz	s1,20102ac4 <__kernel_rem_pio2f+0x548>
20102ac0:	69f51513          	binvi	a0,a0,0x1f
20102ac4:	00aa2023          	sw	a0,0(s4)
20102ac8:	b7a5                	j	20102a30 <__kernel_rem_pio2f+0x4b4>
20102aca:	099c                	addi	a5,sp,208
20102acc:	20f947b3          	sh2add	a5,s2,a5
20102ad0:	438c                	lw	a1,0(a5)
20102ad2:	197d                	addi	s2,s2,-1
20102ad4:	75e000ef          	jal	ra,20103232 <__addsf3>
20102ad8:	fe0959e3          	bgez	s2,20102aca <__kernel_rem_pio2f+0x54e>
20102adc:	87aa                	mv	a5,a0
20102ade:	c099                	beqz	s1,20102ae4 <__kernel_rem_pio2f+0x568>
20102ae0:	69f51793          	binvi	a5,a0,0x1f
20102ae4:	85aa                	mv	a1,a0
20102ae6:	454e                	lw	a0,208(sp)
20102ae8:	00fa2023          	sw	a5,0(s4)
20102aec:	0d010913          	addi	s2,sp,208
20102af0:	1aa010ef          	jal	ra,20103c9a <__subsf3>
20102af4:	4985                	li	s3,1
20102af6:	0911                	addi	s2,s2,4
20102af8:	01345c63          	bge	s0,s3,20102b10 <__kernel_rem_pio2f+0x594>
20102afc:	c099                	beqz	s1,20102b02 <__kernel_rem_pio2f+0x586>
20102afe:	69f51513          	binvi	a0,a0,0x1f
20102b02:	00aa2223          	sw	a0,4(s4)
20102b06:	b72d                	j	20102a30 <__kernel_rem_pio2f+0x4b4>
20102b08:	8922                	mv	s2,s0
20102b0a:	00000513          	li	a0,0
20102b0e:	b7e9                	j	20102ad8 <__kernel_rem_pio2f+0x55c>
20102b10:	00092583          	lw	a1,0(s2)
20102b14:	0985                	addi	s3,s3,1
20102b16:	71c000ef          	jal	ra,20103232 <__addsf3>
20102b1a:	bff1                	j	20102af6 <__kernel_rem_pio2f+0x57a>
20102b1c:	0009ac83          	lw	s9,0(s3)
20102b20:	0049ac03          	lw	s8,4(s3)
20102b24:	1bfd                	addi	s7,s7,-1
20102b26:	8566                	mv	a0,s9
20102b28:	85e2                	mv	a1,s8
20102b2a:	708000ef          	jal	ra,20103232 <__addsf3>
20102b2e:	85aa                	mv	a1,a0
20102b30:	8b2a                	mv	s6,a0
20102b32:	8566                	mv	a0,s9
20102b34:	166010ef          	jal	ra,20103c9a <__subsf3>
20102b38:	85e2                	mv	a1,s8
20102b3a:	6f8000ef          	jal	ra,20103232 <__addsf3>
20102b3e:	00a9a223          	sw	a0,4(s3)
20102b42:	0169a023          	sw	s6,0(s3)
20102b46:	bf1d                	j	20102a7c <__kernel_rem_pio2f+0x500>
20102b48:	00092c03          	lw	s8,0(s2)
20102b4c:	00492b83          	lw	s7,4(s2)
20102b50:	1b7d                	addi	s6,s6,-1
20102b52:	8562                	mv	a0,s8
20102b54:	85de                	mv	a1,s7
20102b56:	6dc000ef          	jal	ra,20103232 <__addsf3>
20102b5a:	85aa                	mv	a1,a0
20102b5c:	89aa                	mv	s3,a0
20102b5e:	8562                	mv	a0,s8
20102b60:	13a010ef          	jal	ra,20103c9a <__subsf3>
20102b64:	85de                	mv	a1,s7
20102b66:	6cc000ef          	jal	ra,20103232 <__addsf3>
20102b6a:	00a92223          	sw	a0,4(s2)
20102b6e:	01392023          	sw	s3,0(s2)
20102b72:	bf11                	j	20102a86 <__kernel_rem_pio2f+0x50a>
20102b74:	099c                	addi	a5,sp,208
20102b76:	20f447b3          	sh2add	a5,s0,a5
20102b7a:	438c                	lw	a1,0(a5)
20102b7c:	147d                	addi	s0,s0,-1
20102b7e:	6b4000ef          	jal	ra,20103232 <__addsf3>
20102b82:	bf01                	j	20102a92 <__kernel_rem_pio2f+0x516>
20102b84:	69f71713          	binvi	a4,a4,0x1f
20102b88:	69f79793          	binvi	a5,a5,0x1f
20102b8c:	69f51513          	binvi	a0,a0,0x1f
20102b90:	00ea2023          	sw	a4,0(s4)
20102b94:	00fa2223          	sw	a5,4(s4)
20102b98:	00aa2423          	sw	a0,8(s4)
20102b9c:	bd51                	j	20102a30 <__kernel_rem_pio2f+0x4b4>

20102b9e <__kernel_sinf>:
20102b9e:	1101                	addi	sp,sp,-32
20102ba0:	cc22                	sw	s0,24(sp)
20102ba2:	c64e                	sw	s3,12(sp)
20102ba4:	c256                	sw	s5,4(sp)
20102ba6:	ce06                	sw	ra,28(sp)
20102ba8:	ca26                	sw	s1,20(sp)
20102baa:	c84a                	sw	s2,16(sp)
20102bac:	c452                	sw	s4,8(sp)
20102bae:	320007b7          	lui	a5,0x32000
20102bb2:	842a                	mv	s0,a0
20102bb4:	89ae                	mv	s3,a1
20102bb6:	8ab2                	mv	s5,a2
20102bb8:	49f51713          	bclri	a4,a0,0x1f
20102bbc:	00f77563          	bgeu	a4,a5,20102bc6 <__kernel_sinf+0x28>
20102bc0:	48e010ef          	jal	ra,2010404e <__fixsfsi>
20102bc4:	c549                	beqz	a0,20102c4e <__kernel_sinf+0xb0>
20102bc6:	85a2                	mv	a1,s0
20102bc8:	8522                	mv	a0,s0
20102bca:	60b000ef          	jal	ra,201039d4 <__mulsf3>
20102bce:	84aa                	mv	s1,a0
20102bd0:	85aa                	mv	a1,a0
20102bd2:	8522                	mv	a0,s0
20102bd4:	601000ef          	jal	ra,201039d4 <__mulsf3>
20102bd8:	0000d597          	auipc	a1,0xd
20102bdc:	7045a583          	lw	a1,1796(a1) # 201102dc <_impure_ptr+0xd0>
20102be0:	892a                	mv	s2,a0
20102be2:	8526                	mv	a0,s1
20102be4:	5f1000ef          	jal	ra,201039d4 <__mulsf3>
20102be8:	0000d597          	auipc	a1,0xd
20102bec:	6f85a583          	lw	a1,1784(a1) # 201102e0 <_impure_ptr+0xd4>
20102bf0:	0aa010ef          	jal	ra,20103c9a <__subsf3>
20102bf4:	85a6                	mv	a1,s1
20102bf6:	5df000ef          	jal	ra,201039d4 <__mulsf3>
20102bfa:	0000d597          	auipc	a1,0xd
20102bfe:	6ea5a583          	lw	a1,1770(a1) # 201102e4 <_impure_ptr+0xd8>
20102c02:	2d05                	jal	20103232 <__addsf3>
20102c04:	85a6                	mv	a1,s1
20102c06:	5cf000ef          	jal	ra,201039d4 <__mulsf3>
20102c0a:	0000d597          	auipc	a1,0xd
20102c0e:	6de5a583          	lw	a1,1758(a1) # 201102e8 <_impure_ptr+0xdc>
20102c12:	088010ef          	jal	ra,20103c9a <__subsf3>
20102c16:	85a6                	mv	a1,s1
20102c18:	5bd000ef          	jal	ra,201039d4 <__mulsf3>
20102c1c:	0000d597          	auipc	a1,0xd
20102c20:	6d05a583          	lw	a1,1744(a1) # 201102ec <_impure_ptr+0xe0>
20102c24:	2539                	jal	20103232 <__addsf3>
20102c26:	8a2a                	mv	s4,a0
20102c28:	020a9d63          	bnez	s5,20102c62 <__kernel_sinf+0xc4>
20102c2c:	85aa                	mv	a1,a0
20102c2e:	8526                	mv	a0,s1
20102c30:	5a5000ef          	jal	ra,201039d4 <__mulsf3>
20102c34:	0000d597          	auipc	a1,0xd
20102c38:	65c5a583          	lw	a1,1628(a1) # 20110290 <_impure_ptr+0x84>
20102c3c:	05e010ef          	jal	ra,20103c9a <__subsf3>
20102c40:	85ca                	mv	a1,s2
20102c42:	593000ef          	jal	ra,201039d4 <__mulsf3>
20102c46:	85aa                	mv	a1,a0
20102c48:	8522                	mv	a0,s0
20102c4a:	23e5                	jal	20103232 <__addsf3>
20102c4c:	842a                	mv	s0,a0
20102c4e:	40f2                	lw	ra,28(sp)
20102c50:	8522                	mv	a0,s0
20102c52:	4462                	lw	s0,24(sp)
20102c54:	44d2                	lw	s1,20(sp)
20102c56:	4942                	lw	s2,16(sp)
20102c58:	49b2                	lw	s3,12(sp)
20102c5a:	4a22                	lw	s4,8(sp)
20102c5c:	4a92                	lw	s5,4(sp)
20102c5e:	6105                	addi	sp,sp,32
20102c60:	8082                	ret
20102c62:	0000d597          	auipc	a1,0xd
20102c66:	5c65a583          	lw	a1,1478(a1) # 20110228 <_impure_ptr+0x1c>
20102c6a:	854e                	mv	a0,s3
20102c6c:	569000ef          	jal	ra,201039d4 <__mulsf3>
20102c70:	8aaa                	mv	s5,a0
20102c72:	85d2                	mv	a1,s4
20102c74:	854a                	mv	a0,s2
20102c76:	55f000ef          	jal	ra,201039d4 <__mulsf3>
20102c7a:	85aa                	mv	a1,a0
20102c7c:	8556                	mv	a0,s5
20102c7e:	01c010ef          	jal	ra,20103c9a <__subsf3>
20102c82:	85a6                	mv	a1,s1
20102c84:	551000ef          	jal	ra,201039d4 <__mulsf3>
20102c88:	85ce                	mv	a1,s3
20102c8a:	010010ef          	jal	ra,20103c9a <__subsf3>
20102c8e:	84aa                	mv	s1,a0
20102c90:	0000d597          	auipc	a1,0xd
20102c94:	6005a583          	lw	a1,1536(a1) # 20110290 <_impure_ptr+0x84>
20102c98:	854a                	mv	a0,s2
20102c9a:	53b000ef          	jal	ra,201039d4 <__mulsf3>
20102c9e:	85aa                	mv	a1,a0
20102ca0:	8526                	mv	a0,s1
20102ca2:	2b41                	jal	20103232 <__addsf3>
20102ca4:	85aa                	mv	a1,a0
20102ca6:	8522                	mv	a0,s0
20102ca8:	7f3000ef          	jal	ra,20103c9a <__subsf3>
20102cac:	b745                	j	20102c4c <__kernel_sinf+0xae>

20102cae <with_errnof>:
20102cae:	1141                	addi	sp,sp,-16
20102cb0:	c422                	sw	s0,8(sp)
20102cb2:	c226                	sw	s1,4(sp)
20102cb4:	c606                	sw	ra,12(sp)
20102cb6:	842a                	mv	s0,a0
20102cb8:	84ae                	mv	s1,a1
20102cba:	5a8010ef          	jal	ra,20104262 <__errno>
20102cbe:	c104                	sw	s1,0(a0)
20102cc0:	40b2                	lw	ra,12(sp)
20102cc2:	8522                	mv	a0,s0
20102cc4:	4422                	lw	s0,8(sp)
20102cc6:	4492                	lw	s1,4(sp)
20102cc8:	0141                	addi	sp,sp,16
20102cca:	8082                	ret

20102ccc <xflowf>:
20102ccc:	1141                	addi	sp,sp,-16
20102cce:	c606                	sw	ra,12(sp)
20102cd0:	c911                	beqz	a0,20102ce4 <xflowf+0x18>
20102cd2:	69f59513          	binvi	a0,a1,0x1f
20102cd6:	4ff000ef          	jal	ra,201039d4 <__mulsf3>
20102cda:	40b2                	lw	ra,12(sp)
20102cdc:	02200593          	li	a1,34
20102ce0:	0141                	addi	sp,sp,16
20102ce2:	b7f1                	j	20102cae <with_errnof>
20102ce4:	852e                	mv	a0,a1
20102ce6:	bfc5                	j	20102cd6 <xflowf+0xa>

20102ce8 <__math_uflowf>:
20102ce8:	0000d597          	auipc	a1,0xd
20102cec:	6085a583          	lw	a1,1544(a1) # 201102f0 <_impure_ptr+0xe4>
20102cf0:	bff1                	j	20102ccc <xflowf>

20102cf2 <__math_oflowf>:
20102cf2:	0000d597          	auipc	a1,0xd
20102cf6:	6025a583          	lw	a1,1538(a1) # 201102f4 <_impure_ptr+0xe8>
20102cfa:	bfc9                	j	20102ccc <xflowf>

20102cfc <fabsf>:
20102cfc:	49f51513          	bclri	a0,a0,0x1f
20102d00:	8082                	ret

20102d02 <finitef>:
20102d02:	7f8007b7          	lui	a5,0x7f800
20102d06:	49f51513          	bclri	a0,a0,0x1f
20102d0a:	00f52533          	slt	a0,a0,a5
20102d0e:	8082                	ret

20102d10 <floorf>:
20102d10:	1101                	addi	sp,sp,-32
20102d12:	ca26                	sw	s1,20(sp)
20102d14:	c84a                	sw	s2,16(sp)
20102d16:	49f51913          	bclri	s2,a0,0x1f
20102d1a:	01795493          	srli	s1,s2,0x17
20102d1e:	ce06                	sw	ra,28(sp)
20102d20:	cc22                	sw	s0,24(sp)
20102d22:	c64e                	sw	s3,12(sp)
20102d24:	f8148493          	addi	s1,s1,-127
20102d28:	47d9                	li	a5,22
20102d2a:	85aa                	mv	a1,a0
20102d2c:	0697c663          	blt	a5,s1,20102d98 <floorf+0x88>
20102d30:	842a                	mv	s0,a0
20102d32:	0204d763          	bgez	s1,20102d60 <floorf+0x50>
20102d36:	0000d597          	auipc	a1,0xd
20102d3a:	5c25a583          	lw	a1,1474(a1) # 201102f8 <_impure_ptr+0xec>
20102d3e:	29d5                	jal	20103232 <__addsf3>
20102d40:	00000593          	li	a1,0
20102d44:	363000ef          	jal	ra,201038a6 <__gesf2>
20102d48:	00a05a63          	blez	a0,20102d5c <floorf+0x4c>
20102d4c:	06045463          	bgez	s0,20102db4 <floorf+0xa4>
20102d50:	bf800437          	lui	s0,0xbf800
20102d54:	00091463          	bnez	s2,20102d5c <floorf+0x4c>
20102d58:	80000437          	lui	s0,0x80000
20102d5c:	85a2                	mv	a1,s0
20102d5e:	a099                	j	20102da4 <floorf+0x94>
20102d60:	008009b7          	lui	s3,0x800
20102d64:	fff98913          	addi	s2,s3,-1 # 7fffff <_data_lma+0x7f9bcb>
20102d68:	40995933          	sra	s2,s2,s1
20102d6c:	00a977b3          	and	a5,s2,a0
20102d70:	cb95                	beqz	a5,20102da4 <floorf+0x94>
20102d72:	0000d597          	auipc	a1,0xd
20102d76:	5865a583          	lw	a1,1414(a1) # 201102f8 <_impure_ptr+0xec>
20102d7a:	2965                	jal	20103232 <__addsf3>
20102d7c:	00000593          	li	a1,0
20102d80:	327000ef          	jal	ra,201038a6 <__gesf2>
20102d84:	fca05ce3          	blez	a0,20102d5c <floorf+0x4c>
20102d88:	00045563          	bgez	s0,20102d92 <floorf+0x82>
20102d8c:	4099d9b3          	sra	s3,s3,s1
20102d90:	944e                	add	s0,s0,s3
20102d92:	41247433          	andn	s0,s0,s2
20102d96:	b7d9                	j	20102d5c <floorf+0x4c>
20102d98:	7f8007b7          	lui	a5,0x7f800
20102d9c:	00f96463          	bltu	s2,a5,20102da4 <floorf+0x94>
20102da0:	2949                	jal	20103232 <__addsf3>
20102da2:	85aa                	mv	a1,a0
20102da4:	40f2                	lw	ra,28(sp)
20102da6:	4462                	lw	s0,24(sp)
20102da8:	44d2                	lw	s1,20(sp)
20102daa:	4942                	lw	s2,16(sp)
20102dac:	49b2                	lw	s3,12(sp)
20102dae:	852e                	mv	a0,a1
20102db0:	6105                	addi	sp,sp,32
20102db2:	8082                	ret
20102db4:	4401                	li	s0,0
20102db6:	b75d                	j	20102d5c <floorf+0x4c>

20102db8 <scalbnf>:
20102db8:	87aa                	mv	a5,a0
20102dba:	49f51713          	bclri	a4,a0,0x1f
20102dbe:	cf61                	beqz	a4,20102e96 <scalbnf+0xde>
20102dc0:	1141                	addi	sp,sp,-16
20102dc2:	c606                	sw	ra,12(sp)
20102dc4:	c422                	sw	s0,8(sp)
20102dc6:	7f800637          	lui	a2,0x7f800
20102dca:	00c76663          	bltu	a4,a2,20102dd6 <scalbnf+0x1e>
20102dce:	85aa                	mv	a1,a0
20102dd0:	218d                	jal	20103232 <__addsf3>
20102dd2:	87aa                	mv	a5,a0
20102dd4:	a8ad                	j	20102e4e <scalbnf+0x96>
20102dd6:	00c576b3          	and	a3,a0,a2
20102dda:	842e                	mv	s0,a1
20102ddc:	eaa1                	bnez	a3,20102e2c <scalbnf+0x74>
20102dde:	0000d597          	auipc	a1,0xd
20102de2:	51e5a583          	lw	a1,1310(a1) # 201102fc <_impure_ptr+0xf0>
20102de6:	3ef000ef          	jal	ra,201039d4 <__mulsf3>
20102dea:	7751                	lui	a4,0xffff4
20102dec:	cb070713          	addi	a4,a4,-848 # ffff3cb0 <_eusrstack+0xdfe73cb0>
20102df0:	87aa                	mv	a5,a0
20102df2:	08e44063          	blt	s0,a4,20102e72 <scalbnf+0xba>
20102df6:	41755713          	srai	a4,a0,0x17
20102dfa:	0ff77713          	zext.b	a4,a4
20102dfe:	171d                	addi	a4,a4,-25
20102e00:	66b1                	lui	a3,0xc
20102e02:	35068693          	addi	a3,a3,848 # c350 <_data_lma+0x5f1c>
20102e06:	0286d563          	bge	a3,s0,20102e30 <scalbnf+0x78>
20102e0a:	0000d517          	auipc	a0,0xd
20102e0e:	4ee52503          	lw	a0,1262(a0) # 201102f8 <_impure_ptr+0xec>
20102e12:	0007d663          	bgez	a5,20102e1e <scalbnf+0x66>
20102e16:	0000d517          	auipc	a0,0xd
20102e1a:	4ee52503          	lw	a0,1262(a0) # 20110304 <_impure_ptr+0xf8>
20102e1e:	0000d597          	auipc	a1,0xd
20102e22:	4da5a583          	lw	a1,1242(a1) # 201102f8 <_impure_ptr+0xec>
20102e26:	3af000ef          	jal	ra,201039d4 <__mulsf3>
20102e2a:	b765                	j	20102dd2 <scalbnf+0x1a>
20102e2c:	835d                	srli	a4,a4,0x17
20102e2e:	bfc9                	j	20102e00 <scalbnf+0x48>
20102e30:	008705b3          	add	a1,a4,s0
20102e34:	0fe00713          	li	a4,254
20102e38:	fcb749e3          	blt	a4,a1,20102e0a <scalbnf+0x52>
20102e3c:	00b05e63          	blez	a1,20102e58 <scalbnf+0xa0>
20102e40:	808007b7          	lui	a5,0x80800
20102e44:	17fd                	addi	a5,a5,-1 # 807fffff <_eusrstack+0x6067ffff>
20102e46:	05de                	slli	a1,a1,0x17
20102e48:	8d7d                	and	a0,a0,a5
20102e4a:	00a5e7b3          	or	a5,a1,a0
20102e4e:	40b2                	lw	ra,12(sp)
20102e50:	4422                	lw	s0,8(sp)
20102e52:	853e                	mv	a0,a5
20102e54:	0141                	addi	sp,sp,16
20102e56:	8082                	ret
20102e58:	5729                	li	a4,-22
20102e5a:	02e5d163          	bge	a1,a4,20102e7c <scalbnf+0xc4>
20102e5e:	0000d517          	auipc	a0,0xd
20102e62:	4a252503          	lw	a0,1186(a0) # 20110300 <_impure_ptr+0xf4>
20102e66:	0007d663          	bgez	a5,20102e72 <scalbnf+0xba>
20102e6a:	0000d517          	auipc	a0,0xd
20102e6e:	49e52503          	lw	a0,1182(a0) # 20110308 <_impure_ptr+0xfc>
20102e72:	0000d597          	auipc	a1,0xd
20102e76:	48e5a583          	lw	a1,1166(a1) # 20110300 <_impure_ptr+0xf4>
20102e7a:	b775                	j	20102e26 <scalbnf+0x6e>
20102e7c:	80800737          	lui	a4,0x80800
20102e80:	05e5                	addi	a1,a1,25
20102e82:	177d                	addi	a4,a4,-1 # 807fffff <_eusrstack+0x6067ffff>
20102e84:	01759793          	slli	a5,a1,0x17
20102e88:	8d79                	and	a0,a0,a4
20102e8a:	0000d597          	auipc	a1,0xd
20102e8e:	4825a583          	lw	a1,1154(a1) # 2011030c <_impure_ptr+0x100>
20102e92:	8d5d                	or	a0,a0,a5
20102e94:	bf49                	j	20102e26 <scalbnf+0x6e>
20102e96:	8082                	ret

20102e98 <__udivdi3>:
20102e98:	8832                	mv	a6,a2
20102e9a:	88aa                	mv	a7,a0
20102e9c:	872e                	mv	a4,a1
20102e9e:	eacd                	bnez	a3,20102f50 <__udivdi3+0xb8>
20102ea0:	0ec5ff63          	bgeu	a1,a2,20102f9e <__udivdi3+0x106>
20102ea4:	67c1                	lui	a5,0x10
20102ea6:	18f66a63          	bltu	a2,a5,2010303a <__udivdi3+0x1a2>
20102eaa:	010007b7          	lui	a5,0x1000
20102eae:	00f637b3          	sltu	a5,a2,a5
20102eb2:	40f007b3          	neg	a5,a5
20102eb6:	9be1                	andi	a5,a5,-8
20102eb8:	07e1                	addi	a5,a5,24 # 1000018 <_data_lma+0xff9be4>
20102eba:	00f65333          	srl	t1,a2,a5
20102ebe:	00003697          	auipc	a3,0x3
20102ec2:	21268693          	addi	a3,a3,530 # 201060d0 <__clz_tab>
20102ec6:	969a                	add	a3,a3,t1
20102ec8:	2294                	lbu	a3,0(a3)
20102eca:	02000313          	li	t1,32
20102ece:	97b6                	add	a5,a5,a3
20102ed0:	40f306b3          	sub	a3,t1,a5
20102ed4:	00f30b63          	beq	t1,a5,20102eea <__udivdi3+0x52>
20102ed8:	00d59733          	sll	a4,a1,a3
20102edc:	00f557b3          	srl	a5,a0,a5
20102ee0:	00d61833          	sll	a6,a2,a3
20102ee4:	8f5d                	or	a4,a4,a5
20102ee6:	00d518b3          	sll	a7,a0,a3
20102eea:	01085613          	srli	a2,a6,0x10
20102eee:	02c75533          	divu	a0,a4,a2
20102ef2:	080846b3          	zext.h	a3,a6
20102ef6:	0108d793          	srli	a5,a7,0x10
20102efa:	02c77733          	remu	a4,a4,a2
20102efe:	02a685b3          	mul	a1,a3,a0
20102f02:	0742                	slli	a4,a4,0x10
20102f04:	8fd9                	or	a5,a5,a4
20102f06:	00b7fa63          	bgeu	a5,a1,20102f1a <__udivdi3+0x82>
20102f0a:	97c2                	add	a5,a5,a6
20102f0c:	fff50713          	addi	a4,a0,-1
20102f10:	0107e463          	bltu	a5,a6,20102f18 <__udivdi3+0x80>
20102f14:	30b7e863          	bltu	a5,a1,20103224 <__udivdi3+0x38c>
20102f18:	853a                	mv	a0,a4
20102f1a:	8f8d                	sub	a5,a5,a1
20102f1c:	02c7d733          	divu	a4,a5,a2
20102f20:	0808c8b3          	zext.h	a7,a7
20102f24:	02c7f7b3          	remu	a5,a5,a2
20102f28:	02e686b3          	mul	a3,a3,a4
20102f2c:	07c2                	slli	a5,a5,0x10
20102f2e:	00f8e8b3          	or	a7,a7,a5
20102f32:	00d8fb63          	bgeu	a7,a3,20102f48 <__udivdi3+0xb0>
20102f36:	98c2                	add	a7,a7,a6
20102f38:	fff70793          	addi	a5,a4,-1
20102f3c:	0108e563          	bltu	a7,a6,20102f46 <__udivdi3+0xae>
20102f40:	1779                	addi	a4,a4,-2
20102f42:	00d8e363          	bltu	a7,a3,20102f48 <__udivdi3+0xb0>
20102f46:	873e                	mv	a4,a5
20102f48:	0542                	slli	a0,a0,0x10
20102f4a:	8d59                	or	a0,a0,a4
20102f4c:	4581                	li	a1,0
20102f4e:	8082                	ret
20102f50:	00d5f563          	bgeu	a1,a3,20102f5a <__udivdi3+0xc2>
20102f54:	4581                	li	a1,0
20102f56:	4501                	li	a0,0
20102f58:	8082                	ret
20102f5a:	67c1                	lui	a5,0x10
20102f5c:	18f6e563          	bltu	a3,a5,201030e6 <__udivdi3+0x24e>
20102f60:	010007b7          	lui	a5,0x1000
20102f64:	00f6b7b3          	sltu	a5,a3,a5
20102f68:	40f007b3          	neg	a5,a5
20102f6c:	9be1                	andi	a5,a5,-8
20102f6e:	07e1                	addi	a5,a5,24 # 1000018 <_data_lma+0xff9be4>
20102f70:	00f6d833          	srl	a6,a3,a5
20102f74:	00003717          	auipc	a4,0x3
20102f78:	15c70713          	addi	a4,a4,348 # 201060d0 <__clz_tab>
20102f7c:	9742                	add	a4,a4,a6
20102f7e:	2318                	lbu	a4,0(a4)
20102f80:	02000893          	li	a7,32
20102f84:	973e                	add	a4,a4,a5
20102f86:	40e88833          	sub	a6,a7,a4
20102f8a:	18e89263          	bne	a7,a4,2010310e <__udivdi3+0x276>
20102f8e:	26b6ed63          	bltu	a3,a1,20103208 <__udivdi3+0x370>
20102f92:	00c53533          	sltu	a0,a0,a2
20102f96:	00154513          	xori	a0,a0,1
20102f9a:	4581                	li	a1,0
20102f9c:	8082                	ret
20102f9e:	c645                	beqz	a2,20103046 <__udivdi3+0x1ae>
20102fa0:	67c1                	lui	a5,0x10
20102fa2:	24f67b63          	bgeu	a2,a5,201031f8 <__udivdi3+0x360>
20102fa6:	10063713          	sltiu	a4,a2,256
20102faa:	00174713          	xori	a4,a4,1
20102fae:	070e                	slli	a4,a4,0x3
20102fb0:	00e656b3          	srl	a3,a2,a4
20102fb4:	00003797          	auipc	a5,0x3
20102fb8:	11c78793          	addi	a5,a5,284 # 201060d0 <__clz_tab>
20102fbc:	97b6                	add	a5,a5,a3
20102fbe:	239c                	lbu	a5,0(a5)
20102fc0:	02000693          	li	a3,32
20102fc4:	97ba                	add	a5,a5,a4
20102fc6:	40f68eb3          	sub	t4,a3,a5
20102fca:	08f69d63          	bne	a3,a5,20103064 <__udivdi3+0x1cc>
20102fce:	40c587b3          	sub	a5,a1,a2
20102fd2:	4585                	li	a1,1
20102fd4:	01065693          	srli	a3,a2,0x10
20102fd8:	08064633          	zext.h	a2,a2
20102fdc:	02d7d533          	divu	a0,a5,a3
20102fe0:	0108d713          	srli	a4,a7,0x10
20102fe4:	02d7f7b3          	remu	a5,a5,a3
20102fe8:	02c50333          	mul	t1,a0,a2
20102fec:	07c2                	slli	a5,a5,0x10
20102fee:	8fd9                	or	a5,a5,a4
20102ff0:	0067fa63          	bgeu	a5,t1,20103004 <__udivdi3+0x16c>
20102ff4:	97c2                	add	a5,a5,a6
20102ff6:	fff50713          	addi	a4,a0,-1
20102ffa:	0107e463          	bltu	a5,a6,20103002 <__udivdi3+0x16a>
20102ffe:	2267e063          	bltu	a5,t1,2010321e <__udivdi3+0x386>
20103002:	853a                	mv	a0,a4
20103004:	406787b3          	sub	a5,a5,t1
20103008:	02d7d733          	divu	a4,a5,a3
2010300c:	0808c8b3          	zext.h	a7,a7
20103010:	02d7f7b3          	remu	a5,a5,a3
20103014:	02c70633          	mul	a2,a4,a2
20103018:	07c2                	slli	a5,a5,0x10
2010301a:	00f8e8b3          	or	a7,a7,a5
2010301e:	00c8fb63          	bgeu	a7,a2,20103034 <__udivdi3+0x19c>
20103022:	98c2                	add	a7,a7,a6
20103024:	fff70793          	addi	a5,a4,-1
20103028:	0108e563          	bltu	a7,a6,20103032 <__udivdi3+0x19a>
2010302c:	1779                	addi	a4,a4,-2
2010302e:	00c8e363          	bltu	a7,a2,20103034 <__udivdi3+0x19c>
20103032:	873e                	mv	a4,a5
20103034:	0542                	slli	a0,a0,0x10
20103036:	8d59                	or	a0,a0,a4
20103038:	8082                	ret
2010303a:	10063793          	sltiu	a5,a2,256
2010303e:	0017c793          	xori	a5,a5,1
20103042:	078e                	slli	a5,a5,0x3
20103044:	bd9d                	j	20102eba <__udivdi3+0x22>
20103046:	4681                	li	a3,0
20103048:	00003797          	auipc	a5,0x3
2010304c:	08878793          	addi	a5,a5,136 # 201060d0 <__clz_tab>
20103050:	97b6                	add	a5,a5,a3
20103052:	239c                	lbu	a5,0(a5)
20103054:	4701                	li	a4,0
20103056:	02000693          	li	a3,32
2010305a:	97ba                	add	a5,a5,a4
2010305c:	40f68eb3          	sub	t4,a3,a5
20103060:	f6f687e3          	beq	a3,a5,20102fce <__udivdi3+0x136>
20103064:	01d61833          	sll	a6,a2,t4
20103068:	00f5d333          	srl	t1,a1,a5
2010306c:	01085693          	srli	a3,a6,0x10
20103070:	02d35e33          	divu	t3,t1,a3
20103074:	01d595b3          	sll	a1,a1,t4
20103078:	00f557b3          	srl	a5,a0,a5
2010307c:	8fcd                	or	a5,a5,a1
2010307e:	08084633          	zext.h	a2,a6
20103082:	0107d713          	srli	a4,a5,0x10
20103086:	01d518b3          	sll	a7,a0,t4
2010308a:	02d37333          	remu	t1,t1,a3
2010308e:	03c605b3          	mul	a1,a2,t3
20103092:	0342                	slli	t1,t1,0x10
20103094:	00676733          	or	a4,a4,t1
20103098:	00b77b63          	bgeu	a4,a1,201030ae <__udivdi3+0x216>
2010309c:	9742                	add	a4,a4,a6
2010309e:	fffe0513          	addi	a0,t3,-1 # 1ffffff <_data_lma+0x1ff9bcb>
201030a2:	17076a63          	bltu	a4,a6,20103216 <__udivdi3+0x37e>
201030a6:	16b77863          	bgeu	a4,a1,20103216 <__udivdi3+0x37e>
201030aa:	1e79                	addi	t3,t3,-2
201030ac:	9742                	add	a4,a4,a6
201030ae:	8f0d                	sub	a4,a4,a1
201030b0:	02d75533          	divu	a0,a4,a3
201030b4:	0807c7b3          	zext.h	a5,a5
201030b8:	02d77733          	remu	a4,a4,a3
201030bc:	02a60333          	mul	t1,a2,a0
201030c0:	0742                	slli	a4,a4,0x10
201030c2:	8fd9                	or	a5,a5,a4
201030c4:	0067fb63          	bgeu	a5,t1,201030da <__udivdi3+0x242>
201030c8:	97c2                	add	a5,a5,a6
201030ca:	fff50713          	addi	a4,a0,-1
201030ce:	1507e063          	bltu	a5,a6,2010320e <__udivdi3+0x376>
201030d2:	1267fe63          	bgeu	a5,t1,2010320e <__udivdi3+0x376>
201030d6:	1579                	addi	a0,a0,-2
201030d8:	97c2                	add	a5,a5,a6
201030da:	010e1593          	slli	a1,t3,0x10
201030de:	406787b3          	sub	a5,a5,t1
201030e2:	8dc9                	or	a1,a1,a0
201030e4:	bde5                	j	20102fdc <__udivdi3+0x144>
201030e6:	1006b793          	sltiu	a5,a3,256
201030ea:	0017c793          	xori	a5,a5,1
201030ee:	078e                	slli	a5,a5,0x3
201030f0:	00f6d833          	srl	a6,a3,a5
201030f4:	00003717          	auipc	a4,0x3
201030f8:	fdc70713          	addi	a4,a4,-36 # 201060d0 <__clz_tab>
201030fc:	9742                	add	a4,a4,a6
201030fe:	2318                	lbu	a4,0(a4)
20103100:	02000893          	li	a7,32
20103104:	973e                	add	a4,a4,a5
20103106:	40e88833          	sub	a6,a7,a4
2010310a:	e8e882e3          	beq	a7,a4,20102f8e <__udivdi3+0xf6>
2010310e:	00e65e33          	srl	t3,a2,a4
20103112:	010696b3          	sll	a3,a3,a6
20103116:	00de6e33          	or	t3,t3,a3
2010311a:	00e5d8b3          	srl	a7,a1,a4
2010311e:	010e5e93          	srli	t4,t3,0x10
20103122:	03d8d7b3          	divu	a5,a7,t4
20103126:	010595b3          	sll	a1,a1,a6
2010312a:	00e55733          	srl	a4,a0,a4
2010312e:	8f4d                	or	a4,a4,a1
20103130:	080e4333          	zext.h	t1,t3
20103134:	01075693          	srli	a3,a4,0x10
20103138:	01061633          	sll	a2,a2,a6
2010313c:	03d8f8b3          	remu	a7,a7,t4
20103140:	02f305b3          	mul	a1,t1,a5
20103144:	08c2                	slli	a7,a7,0x10
20103146:	0116e6b3          	or	a3,a3,a7
2010314a:	00b6fb63          	bgeu	a3,a1,20103160 <__udivdi3+0x2c8>
2010314e:	96f2                	add	a3,a3,t3
20103150:	fff78893          	addi	a7,a5,-1
20103154:	0dc6e363          	bltu	a3,t3,2010321a <__udivdi3+0x382>
20103158:	0cb6f163          	bgeu	a3,a1,2010321a <__udivdi3+0x382>
2010315c:	17f9                	addi	a5,a5,-2
2010315e:	96f2                	add	a3,a3,t3
20103160:	8e8d                	sub	a3,a3,a1
20103162:	03d6d5b3          	divu	a1,a3,t4
20103166:	08074733          	zext.h	a4,a4
2010316a:	03d6f6b3          	remu	a3,a3,t4
2010316e:	02b308b3          	mul	a7,t1,a1
20103172:	06c2                	slli	a3,a3,0x10
20103174:	8f55                	or	a4,a4,a3
20103176:	01177b63          	bgeu	a4,a7,2010318c <__udivdi3+0x2f4>
2010317a:	9772                	add	a4,a4,t3
2010317c:	fff58693          	addi	a3,a1,-1
20103180:	09c76963          	bltu	a4,t3,20103212 <__udivdi3+0x37a>
20103184:	09177763          	bgeu	a4,a7,20103212 <__udivdi3+0x37a>
20103188:	15f9                	addi	a1,a1,-2
2010318a:	9772                	add	a4,a4,t3
2010318c:	07c2                	slli	a5,a5,0x10
2010318e:	6ec1                	lui	t4,0x10
20103190:	8fcd                	or	a5,a5,a1
20103192:	fffe8693          	addi	a3,t4,-1 # ffff <_data_lma+0x9bcb>
20103196:	00d7f5b3          	and	a1,a5,a3
2010319a:	0107d313          	srli	t1,a5,0x10
2010319e:	8ef1                	and	a3,a3,a2
201031a0:	8241                	srli	a2,a2,0x10
201031a2:	02d58e33          	mul	t3,a1,a3
201031a6:	41170733          	sub	a4,a4,a7
201031aa:	02d306b3          	mul	a3,t1,a3
201031ae:	010e5893          	srli	a7,t3,0x10
201031b2:	02c585b3          	mul	a1,a1,a2
201031b6:	95b6                	add	a1,a1,a3
201031b8:	95c6                	add	a1,a1,a7
201031ba:	02c30333          	mul	t1,t1,a2
201031be:	00d5f363          	bgeu	a1,a3,201031c4 <__udivdi3+0x32c>
201031c2:	9376                	add	t1,t1,t4
201031c4:	0105d693          	srli	a3,a1,0x10
201031c8:	969a                	add	a3,a3,t1
201031ca:	02d76363          	bltu	a4,a3,201031f0 <__udivdi3+0x358>
201031ce:	00d70563          	beq	a4,a3,201031d8 <__udivdi3+0x340>
201031d2:	853e                	mv	a0,a5
201031d4:	4581                	li	a1,0
201031d6:	8082                	ret
201031d8:	66c1                	lui	a3,0x10
201031da:	16fd                	addi	a3,a3,-1 # ffff <_data_lma+0x9bcb>
201031dc:	00d5f733          	and	a4,a1,a3
201031e0:	0742                	slli	a4,a4,0x10
201031e2:	00de7e33          	and	t3,t3,a3
201031e6:	01051533          	sll	a0,a0,a6
201031ea:	9772                	add	a4,a4,t3
201031ec:	fee573e3          	bgeu	a0,a4,201031d2 <__udivdi3+0x33a>
201031f0:	fff78513          	addi	a0,a5,-1
201031f4:	4581                	li	a1,0
201031f6:	8082                	ret
201031f8:	010007b7          	lui	a5,0x1000
201031fc:	02f67763          	bgeu	a2,a5,2010322a <__udivdi3+0x392>
20103200:	01065693          	srli	a3,a2,0x10
20103204:	4741                	li	a4,16
20103206:	b37d                	j	20102fb4 <__udivdi3+0x11c>
20103208:	4581                	li	a1,0
2010320a:	4505                	li	a0,1
2010320c:	8082                	ret
2010320e:	853a                	mv	a0,a4
20103210:	b5e9                	j	201030da <__udivdi3+0x242>
20103212:	85b6                	mv	a1,a3
20103214:	bfa5                	j	2010318c <__udivdi3+0x2f4>
20103216:	8e2a                	mv	t3,a0
20103218:	bd59                	j	201030ae <__udivdi3+0x216>
2010321a:	87c6                	mv	a5,a7
2010321c:	b791                	j	20103160 <__udivdi3+0x2c8>
2010321e:	1579                	addi	a0,a0,-2
20103220:	97c2                	add	a5,a5,a6
20103222:	b3cd                	j	20103004 <__udivdi3+0x16c>
20103224:	1579                	addi	a0,a0,-2
20103226:	97c2                	add	a5,a5,a6
20103228:	b9cd                	j	20102f1a <__udivdi3+0x82>
2010322a:	01865693          	srli	a3,a2,0x18
2010322e:	4761                	li	a4,24
20103230:	b351                	j	20102fb4 <__udivdi3+0x11c>

20103232 <__addsf3>:
20103232:	00800737          	lui	a4,0x800
20103236:	177d                	addi	a4,a4,-1 # 7fffff <_data_lma+0x7f9bcb>
20103238:	01755693          	srli	a3,a0,0x17
2010323c:	0175d613          	srli	a2,a1,0x17
20103240:	00a777b3          	and	a5,a4,a0
20103244:	0ff6f313          	zext.b	t1,a3
20103248:	8f6d                	and	a4,a4,a1
2010324a:	01f55813          	srli	a6,a0,0x1f
2010324e:	0ff67613          	zext.b	a2,a2
20103252:	81fd                	srli	a1,a1,0x1f
20103254:	88c2                	mv	a7,a6
20103256:	078e                	slli	a5,a5,0x3
20103258:	070e                	slli	a4,a4,0x3
2010325a:	40c306b3          	sub	a3,t1,a2
2010325e:	04b80163          	beq	a6,a1,201032a0 <__addsf3+0x6e>
20103262:	00d05f63          	blez	a3,20103280 <__addsf3+0x4e>
20103266:	ee21                	bnez	a2,201032be <__addsf3+0x8c>
20103268:	10070a63          	beqz	a4,2010337c <__addsf3+0x14a>
2010326c:	fff68613          	addi	a2,a3,-1
20103270:	2a060c63          	beqz	a2,20103528 <__addsf3+0x2f6>
20103274:	0ff00593          	li	a1,255
20103278:	16b68d63          	beq	a3,a1,201033f2 <__addsf3+0x1c0>
2010327c:	86b2                	mv	a3,a2
2010327e:	a0b1                	j	201032ca <__addsf3+0x98>
20103280:	cad5                	beqz	a3,20103334 <__addsf3+0x102>
20103282:	406606b3          	sub	a3,a2,t1
20103286:	1c031c63          	bnez	t1,2010345e <__addsf3+0x22c>
2010328a:	c7fd                	beqz	a5,20103378 <__addsf3+0x146>
2010328c:	fff68513          	addi	a0,a3,-1
20103290:	2c050763          	beqz	a0,2010355e <__addsf3+0x32c>
20103294:	0ff00813          	li	a6,255
20103298:	15068b63          	beq	a3,a6,201033ee <__addsf3+0x1bc>
2010329c:	86aa                	mv	a3,a0
2010329e:	a2f1                	j	2010346a <__addsf3+0x238>
201032a0:	14d05b63          	blez	a3,201033f6 <__addsf3+0x1c4>
201032a4:	ce5d                	beqz	a2,20103362 <__addsf3+0x130>
201032a6:	0ff00613          	li	a2,255
201032aa:	14c30463          	beq	t1,a2,201033f2 <__addsf3+0x1c0>
201032ae:	29a71713          	bseti	a4,a4,0x1a
201032b2:	466d                	li	a2,27
201032b4:	1ed65a63          	bge	a2,a3,201034a8 <__addsf3+0x276>
201032b8:	0785                	addi	a5,a5,1 # 1000001 <_data_lma+0xff9bcd>
201032ba:	869a                	mv	a3,t1
201032bc:	a081                	j	201032fc <__addsf3+0xca>
201032be:	0ff00613          	li	a2,255
201032c2:	12c30863          	beq	t1,a2,201033f2 <__addsf3+0x1c0>
201032c6:	29a71713          	bseti	a4,a4,0x1a
201032ca:	45ed                	li	a1,27
201032cc:	4605                	li	a2,1
201032ce:	00d5cd63          	blt	a1,a3,201032e8 <__addsf3+0xb6>
201032d2:	02000613          	li	a2,32
201032d6:	8e15                	sub	a2,a2,a3
201032d8:	00c71633          	sll	a2,a4,a2
201032dc:	00d756b3          	srl	a3,a4,a3
201032e0:	00c03733          	snez	a4,a2
201032e4:	00e6e633          	or	a2,a3,a4
201032e8:	8f91                	sub	a5,a5,a2
201032ea:	04000737          	lui	a4,0x4000
201032ee:	00e7f6b3          	and	a3,a5,a4
201032f2:	eedd                	bnez	a3,201033b0 <__addsf3+0x17e>
201032f4:	0077f713          	andi	a4,a5,7
201032f8:	869a                	mv	a3,t1
201032fa:	c349                	beqz	a4,2010337c <__addsf3+0x14a>
201032fc:	00f7f713          	andi	a4,a5,15
20103300:	4611                	li	a2,4
20103302:	00c70363          	beq	a4,a2,20103308 <__addsf3+0xd6>
20103306:	0791                	addi	a5,a5,4
20103308:	04000737          	lui	a4,0x4000
2010330c:	8f7d                	and	a4,a4,a5
2010330e:	c73d                	beqz	a4,2010337c <__addsf3+0x14a>
20103310:	00168513          	addi	a0,a3,1
20103314:	0ff00713          	li	a4,255
20103318:	88c2                	mv	a7,a6
2010331a:	08e50263          	beq	a0,a4,2010339e <__addsf3+0x16c>
2010331e:	00679713          	slli	a4,a5,0x6
20103322:	0ff57513          	zext.b	a0,a0
20103326:	8325                	srli	a4,a4,0x9
20103328:	055e                	slli	a0,a0,0x17
2010332a:	8d59                	or	a0,a0,a4
2010332c:	01f89793          	slli	a5,a7,0x1f
20103330:	8d5d                	or	a0,a0,a5
20103332:	8082                	ret
20103334:	00130613          	addi	a2,t1,1
20103338:	0fe67613          	andi	a2,a2,254
2010333c:	14061b63          	bnez	a2,20103492 <__addsf3+0x260>
20103340:	0a031463          	bnez	t1,201033e8 <__addsf3+0x1b6>
20103344:	20078963          	beqz	a5,20103556 <__addsf3+0x324>
20103348:	10070263          	beqz	a4,2010344c <__addsf3+0x21a>
2010334c:	40e78533          	sub	a0,a5,a4
20103350:	04000637          	lui	a2,0x4000
20103354:	8e69                	and	a2,a2,a0
20103356:	22060663          	beqz	a2,20103582 <__addsf3+0x350>
2010335a:	40f707b3          	sub	a5,a4,a5
2010335e:	882e                	mv	a6,a1
20103360:	a041                	j	201033e0 <__addsf3+0x1ae>
20103362:	cf09                	beqz	a4,2010337c <__addsf3+0x14a>
20103364:	fff68613          	addi	a2,a3,-1
20103368:	1a060863          	beqz	a2,20103518 <__addsf3+0x2e6>
2010336c:	0ff00593          	li	a1,255
20103370:	08b68163          	beq	a3,a1,201033f2 <__addsf3+0x1c0>
20103374:	86b2                	mv	a3,a2
20103376:	bf35                	j	201032b2 <__addsf3+0x80>
20103378:	882e                	mv	a6,a1
2010337a:	87ba                	mv	a5,a4
2010337c:	0ff00713          	li	a4,255
20103380:	838d                	srli	a5,a5,0x3
20103382:	0ce69763          	bne	a3,a4,20103450 <__addsf3+0x21e>
20103386:	c3dd                	beqz	a5,2010342c <__addsf3+0x1fa>
20103388:	0ff00513          	li	a0,255
2010338c:	4881                	li	a7,0
2010338e:	00400737          	lui	a4,0x400
20103392:	055e                	slli	a0,a0,0x17
20103394:	8d59                	or	a0,a0,a4
20103396:	01f89793          	slli	a5,a7,0x1f
2010339a:	8d5d                	or	a0,a0,a5
2010339c:	8082                	ret
2010339e:	0ff00513          	li	a0,255
201033a2:	4701                	li	a4,0
201033a4:	055e                	slli	a0,a0,0x17
201033a6:	8d59                	or	a0,a0,a4
201033a8:	01f89793          	slli	a5,a7,0x1f
201033ac:	8d5d                	or	a0,a0,a5
201033ae:	8082                	ret
201033b0:	177d                	addi	a4,a4,-1 # 3fffff <_data_lma+0x3f9bcb>
201033b2:	00e7f633          	and	a2,a5,a4
201033b6:	60061793          	clz	a5,a2
201033ba:	17ed                	addi	a5,a5,-5
201033bc:	00f61633          	sll	a2,a2,a5
201033c0:	0667c163          	blt	a5,t1,20103422 <__addsf3+0x1f0>
201033c4:	406786b3          	sub	a3,a5,t1
201033c8:	0685                	addi	a3,a3,1
201033ca:	02000793          	li	a5,32
201033ce:	8f95                	sub	a5,a5,a3
201033d0:	00f617b3          	sll	a5,a2,a5
201033d4:	00f037b3          	snez	a5,a5
201033d8:	00d65633          	srl	a2,a2,a3
201033dc:	8fd1                	or	a5,a5,a2
201033de:	4681                	li	a3,0
201033e0:	0077f713          	andi	a4,a5,7
201033e4:	ff01                	bnez	a4,201032fc <__addsf3+0xca>
201033e6:	b70d                	j	20103308 <__addsf3+0xd6>
201033e8:	14079563          	bnez	a5,20103532 <__addsf3+0x300>
201033ec:	df51                	beqz	a4,20103388 <__addsf3+0x156>
201033ee:	882e                	mv	a6,a1
201033f0:	87ba                	mv	a5,a4
201033f2:	838d                	srli	a5,a5,0x3
201033f4:	bf49                	j	20103386 <__addsf3+0x154>
201033f6:	c2a1                	beqz	a3,20103436 <__addsf3+0x204>
201033f8:	406606b3          	sub	a3,a2,t1
201033fc:	0e031663          	bnez	t1,201034e8 <__addsf3+0x2b6>
20103400:	dfad                	beqz	a5,2010337a <__addsf3+0x148>
20103402:	fff68593          	addi	a1,a3,-1
20103406:	10058963          	beqz	a1,20103518 <__addsf3+0x2e6>
2010340a:	0ff00513          	li	a0,255
2010340e:	fea681e3          	beq	a3,a0,201033f0 <__addsf3+0x1be>
20103412:	86ae                	mv	a3,a1
20103414:	45ed                	li	a1,27
20103416:	12d5d263          	bge	a1,a3,2010353a <__addsf3+0x308>
2010341a:	00170793          	addi	a5,a4,1
2010341e:	86b2                	mv	a3,a2
20103420:	bdf1                	j	201032fc <__addsf3+0xca>
20103422:	40f306b3          	sub	a3,t1,a5
20103426:	49a61793          	bclri	a5,a2,0x1a
2010342a:	bf5d                	j	201033e0 <__addsf3+0x1ae>
2010342c:	88c2                	mv	a7,a6
2010342e:	0ff00513          	li	a0,255
20103432:	4701                	li	a4,0
20103434:	bdd5                	j	20103328 <__addsf3+0xf6>
20103436:	00130693          	addi	a3,t1,1
2010343a:	0fe6f613          	andi	a2,a3,254
2010343e:	ee45                	bnez	a2,201034f6 <__addsf3+0x2c4>
20103440:	0e031763          	bnez	t1,2010352e <__addsf3+0x2fc>
20103444:	12078263          	beqz	a5,20103568 <__addsf3+0x336>
20103448:	12071263          	bnez	a4,2010356c <__addsf3+0x33a>
2010344c:	838d                	srli	a5,a5,0x3
2010344e:	4681                	li	a3,0
20103450:	07a6                	slli	a5,a5,0x9
20103452:	0097d713          	srli	a4,a5,0x9
20103456:	0ff6f513          	zext.b	a0,a3
2010345a:	88c2                	mv	a7,a6
2010345c:	b5f1                	j	20103328 <__addsf3+0xf6>
2010345e:	0ff00513          	li	a0,255
20103462:	f8a606e3          	beq	a2,a0,201033ee <__addsf3+0x1bc>
20103466:	29a79793          	bseti	a5,a5,0x1a
2010346a:	486d                	li	a6,27
2010346c:	4505                	li	a0,1
2010346e:	00d84d63          	blt	a6,a3,20103488 <__addsf3+0x256>
20103472:	02000513          	li	a0,32
20103476:	8d15                	sub	a0,a0,a3
20103478:	00a79533          	sll	a0,a5,a0
2010347c:	00d7d6b3          	srl	a3,a5,a3
20103480:	00a037b3          	snez	a5,a0
20103484:	00f6e533          	or	a0,a3,a5
20103488:	40a707b3          	sub	a5,a4,a0
2010348c:	8332                	mv	t1,a2
2010348e:	882e                	mv	a6,a1
20103490:	bda9                	j	201032ea <__addsf3+0xb8>
20103492:	40e78633          	sub	a2,a5,a4
20103496:	040006b7          	lui	a3,0x4000
2010349a:	8ef1                	and	a3,a3,a2
2010349c:	eab5                	bnez	a3,20103510 <__addsf3+0x2de>
2010349e:	fe01                	bnez	a2,201033b6 <__addsf3+0x184>
201034a0:	4881                	li	a7,0
201034a2:	4501                	li	a0,0
201034a4:	4701                	li	a4,0
201034a6:	b549                	j	20103328 <__addsf3+0xf6>
201034a8:	02000613          	li	a2,32
201034ac:	8e15                	sub	a2,a2,a3
201034ae:	00c71633          	sll	a2,a4,a2
201034b2:	00d75733          	srl	a4,a4,a3
201034b6:	00c036b3          	snez	a3,a2
201034ba:	8f55                	or	a4,a4,a3
201034bc:	97ba                	add	a5,a5,a4
201034be:	04000737          	lui	a4,0x4000
201034c2:	8f7d                	and	a4,a4,a5
201034c4:	e20708e3          	beqz	a4,201032f4 <__addsf3+0xc2>
201034c8:	00130693          	addi	a3,t1,1
201034cc:	0ff00513          	li	a0,255
201034d0:	4701                	li	a4,0
201034d2:	e4a68be3          	beq	a3,a0,20103328 <__addsf3+0xf6>
201034d6:	7e000637          	lui	a2,0x7e000
201034da:	0017d713          	srli	a4,a5,0x1
201034de:	167d                	addi	a2,a2,-1 # 7dffffff <_eusrstack+0x5de7ffff>
201034e0:	8b85                	andi	a5,a5,1
201034e2:	8f71                	and	a4,a4,a2
201034e4:	8fd9                	or	a5,a5,a4
201034e6:	bded                	j	201033e0 <__addsf3+0x1ae>
201034e8:	0ff00593          	li	a1,255
201034ec:	f0b602e3          	beq	a2,a1,201033f0 <__addsf3+0x1be>
201034f0:	29a79793          	bseti	a5,a5,0x1a
201034f4:	b705                	j	20103414 <__addsf3+0x1e2>
201034f6:	0ff00613          	li	a2,255
201034fa:	eac682e3          	beq	a3,a2,2010339e <__addsf3+0x16c>
201034fe:	973e                	add	a4,a4,a5
20103500:	00175793          	srli	a5,a4,0x1
20103504:	0077f613          	andi	a2,a5,7
20103508:	de061ae3          	bnez	a2,201032fc <__addsf3+0xca>
2010350c:	838d                	srli	a5,a5,0x3
2010350e:	b789                	j	20103450 <__addsf3+0x21e>
20103510:	40f70633          	sub	a2,a4,a5
20103514:	882e                	mv	a6,a1
20103516:	b545                	j	201033b6 <__addsf3+0x184>
20103518:	97ba                	add	a5,a5,a4
2010351a:	04000737          	lui	a4,0x4000
2010351e:	8f7d                	and	a4,a4,a5
20103520:	4689                	li	a3,2
20103522:	4305                	li	t1,1
20103524:	fb4d                	bnez	a4,201034d6 <__addsf3+0x2a4>
20103526:	b3f9                	j	201032f4 <__addsf3+0xc2>
20103528:	8f99                	sub	a5,a5,a4
2010352a:	4305                	li	t1,1
2010352c:	bb7d                	j	201032ea <__addsf3+0xb8>
2010352e:	ec0781e3          	beqz	a5,201033f0 <__addsf3+0x1be>
20103532:	e4071be3          	bnez	a4,20103388 <__addsf3+0x156>
20103536:	838d                	srli	a5,a5,0x3
20103538:	b5b9                	j	20103386 <__addsf3+0x154>
2010353a:	02000593          	li	a1,32
2010353e:	8d95                	sub	a1,a1,a3
20103540:	00b795b3          	sll	a1,a5,a1
20103544:	00d7d6b3          	srl	a3,a5,a3
20103548:	00b037b3          	snez	a5,a1
2010354c:	8edd                	or	a3,a3,a5
2010354e:	00e687b3          	add	a5,a3,a4
20103552:	8332                	mv	t1,a2
20103554:	b7ad                	j	201034be <__addsf3+0x28c>
20103556:	d729                	beqz	a4,201034a0 <__addsf3+0x26e>
20103558:	882e                	mv	a6,a1
2010355a:	87ba                	mv	a5,a4
2010355c:	bdc5                	j	2010344c <__addsf3+0x21a>
2010355e:	40f707b3          	sub	a5,a4,a5
20103562:	882e                	mv	a6,a1
20103564:	4305                	li	t1,1
20103566:	b351                	j	201032ea <__addsf3+0xb8>
20103568:	87ba                	mv	a5,a4
2010356a:	b5cd                	j	2010344c <__addsf3+0x21a>
2010356c:	97ba                	add	a5,a5,a4
2010356e:	04000637          	lui	a2,0x4000
20103572:	8e7d                	and	a2,a2,a5
20103574:	4681                	li	a3,0
20103576:	da59                	beqz	a2,2010350c <__addsf3+0x2da>
20103578:	49a79793          	bclri	a5,a5,0x1a
2010357c:	4685                	li	a3,1
2010357e:	838d                	srli	a5,a5,0x3
20103580:	bdc1                	j	20103450 <__addsf3+0x21e>
20103582:	87aa                	mv	a5,a0
20103584:	dd11                	beqz	a0,201034a0 <__addsf3+0x26e>
20103586:	838d                	srli	a5,a5,0x3
20103588:	b5e1                	j	20103450 <__addsf3+0x21e>

2010358a <__divsf3>:
2010358a:	01755793          	srli	a5,a0,0x17
2010358e:	00951893          	slli	a7,a0,0x9
20103592:	0ff7f793          	zext.b	a5,a5
20103596:	0098d893          	srli	a7,a7,0x9
2010359a:	817d                	srli	a0,a0,0x1f
2010359c:	cbf1                	beqz	a5,20103670 <__divsf3+0xe6>
2010359e:	0ff00713          	li	a4,255
201035a2:	0ce78d63          	beq	a5,a4,2010367c <__divsf3+0xf2>
201035a6:	088e                	slli	a7,a7,0x3
201035a8:	f8178613          	addi	a2,a5,-127
201035ac:	4701                	li	a4,0
201035ae:	4e01                	li	t3,0
201035b0:	29a89893          	bseti	a7,a7,0x1a
201035b4:	0175d793          	srli	a5,a1,0x17
201035b8:	00959693          	slli	a3,a1,0x9
201035bc:	0ff7f793          	zext.b	a5,a5
201035c0:	82a5                	srli	a3,a3,0x9
201035c2:	81fd                	srli	a1,a1,0x1f
201035c4:	c7c9                	beqz	a5,2010364e <__divsf3+0xc4>
201035c6:	0ff00813          	li	a6,255
201035ca:	0d078063          	beq	a5,a6,2010368a <__divsf3+0x100>
201035ce:	068e                	slli	a3,a3,0x3
201035d0:	f8178793          	addi	a5,a5,-127
201035d4:	4e81                	li	t4,0
201035d6:	29a69693          	bseti	a3,a3,0x1a
201035da:	433d                	li	t1,15
201035dc:	00b54833          	xor	a6,a0,a1
201035e0:	8e1d                	sub	a2,a2,a5
201035e2:	1ae36663          	bltu	t1,a4,2010378e <__divsf3+0x204>
201035e6:	00003317          	auipc	t1,0x3
201035ea:	a4230313          	addi	t1,t1,-1470 # 20106028 <init_jk+0xc>
201035ee:	20674733          	sh2add	a4,a4,t1
201035f2:	431c                	lw	a5,0(a4)
201035f4:	979a                	add	a5,a5,t1
201035f6:	8782                	jr	a5
201035f8:	0ff00793          	li	a5,255
201035fc:	4701                	li	a4,0
201035fe:	01779513          	slli	a0,a5,0x17
20103602:	8d59                	or	a0,a0,a4
20103604:	087e                	slli	a6,a6,0x1f
20103606:	01056533          	or	a0,a0,a6
2010360a:	8082                	ret
2010360c:	478d                	li	a5,3
2010360e:	02fe0463          	beq	t3,a5,20103636 <__divsf3+0xac>
20103612:	4785                	li	a5,1
20103614:	0efe1b63          	bne	t3,a5,2010370a <__divsf3+0x180>
20103618:	882a                	mv	a6,a0
2010361a:	4781                	li	a5,0
2010361c:	4701                	li	a4,0
2010361e:	01779513          	slli	a0,a5,0x17
20103622:	8d59                	or	a0,a0,a4
20103624:	087e                	slli	a6,a6,0x1f
20103626:	01056533          	or	a0,a0,a6
2010362a:	8082                	ret
2010362c:	478d                	li	a5,3
2010362e:	852e                	mv	a0,a1
20103630:	88b6                	mv	a7,a3
20103632:	0cfe9c63          	bne	t4,a5,2010370a <__divsf3+0x180>
20103636:	0ff00793          	li	a5,255
2010363a:	00400737          	lui	a4,0x400
2010363e:	01779513          	slli	a0,a5,0x17
20103642:	4801                	li	a6,0
20103644:	8d59                	or	a0,a0,a4
20103646:	087e                	slli	a6,a6,0x1f
20103648:	01056533          	or	a0,a0,a6
2010364c:	8082                	ret
2010364e:	eac1                	bnez	a3,201036de <__divsf3+0x154>
20103650:	00176713          	ori	a4,a4,1
20103654:	47b5                	li	a5,13
20103656:	00b54833          	xor	a6,a0,a1
2010365a:	f8e7efe3          	bltu	a5,a4,201035f8 <__divsf3+0x6e>
2010365e:	00003697          	auipc	a3,0x3
20103662:	a0a68693          	addi	a3,a3,-1526 # 20106068 <init_jk+0x4c>
20103666:	20d74733          	sh2add	a4,a4,a3
2010366a:	431c                	lw	a5,0(a4)
2010366c:	97b6                	add	a5,a5,a3
2010366e:	8782                	jr	a5
20103670:	04089a63          	bnez	a7,201036c4 <__divsf3+0x13a>
20103674:	4711                	li	a4,4
20103676:	4601                	li	a2,0
20103678:	4e05                	li	t3,1
2010367a:	bf2d                	j	201035b4 <__divsf3+0x2a>
2010367c:	02089f63          	bnez	a7,201036ba <__divsf3+0x130>
20103680:	4721                	li	a4,8
20103682:	0ff00613          	li	a2,255
20103686:	4e09                	li	t3,2
20103688:	b735                	j	201035b4 <__divsf3+0x2a>
2010368a:	e295                	bnez	a3,201036ae <__divsf3+0x124>
2010368c:	00276713          	ori	a4,a4,2
20103690:	1775                	addi	a4,a4,-3 # 3ffffd <_data_lma+0x3f9bc9>
20103692:	46ad                	li	a3,11
20103694:	00b54833          	xor	a6,a0,a1
20103698:	f8e6e1e3          	bltu	a3,a4,2010361a <__divsf3+0x90>
2010369c:	00003697          	auipc	a3,0x3
201036a0:	a0468693          	addi	a3,a3,-1532 # 201060a0 <init_jk+0x84>
201036a4:	20d74733          	sh2add	a4,a4,a3
201036a8:	4318                	lw	a4,0(a4)
201036aa:	9736                	add	a4,a4,a3
201036ac:	8702                	jr	a4
201036ae:	00376713          	ori	a4,a4,3
201036b2:	0ff00793          	li	a5,255
201036b6:	4e8d                	li	t4,3
201036b8:	b70d                	j	201035da <__divsf3+0x50>
201036ba:	4731                	li	a4,12
201036bc:	0ff00613          	li	a2,255
201036c0:	4e0d                	li	t3,3
201036c2:	bdcd                	j	201035b4 <__divsf3+0x2a>
201036c4:	60089713          	clz	a4,a7
201036c8:	ffb70793          	addi	a5,a4,-5
201036cc:	00f898b3          	sll	a7,a7,a5
201036d0:	f8a00793          	li	a5,-118
201036d4:	40e78633          	sub	a2,a5,a4
201036d8:	4e01                	li	t3,0
201036da:	4701                	li	a4,0
201036dc:	bde1                	j	201035b4 <__divsf3+0x2a>
201036de:	60069813          	clz	a6,a3
201036e2:	ffb80793          	addi	a5,a6,-5
201036e6:	00f696b3          	sll	a3,a3,a5
201036ea:	f8a00793          	li	a5,-118
201036ee:	410787b3          	sub	a5,a5,a6
201036f2:	4e81                	li	t4,0
201036f4:	b5dd                	j	201035da <__divsf3+0x50>
201036f6:	f0160613          	addi	a2,a2,-255 # 3ffff01 <_data_lma+0x3ff9acd>
201036fa:	4789                	li	a5,2
201036fc:	f0fe18e3          	bne	t3,a5,2010360c <__divsf3+0x82>
20103700:	882a                	mv	a6,a0
20103702:	0ff00793          	li	a5,255
20103706:	4701                	li	a4,0
20103708:	bddd                	j	201035fe <__divsf3+0x74>
2010370a:	882a                	mv	a6,a0
2010370c:	07f60793          	addi	a5,a2,127
20103710:	02f05e63          	blez	a5,2010374c <__divsf3+0x1c2>
20103714:	0078f713          	andi	a4,a7,7
20103718:	c719                	beqz	a4,20103726 <__divsf3+0x19c>
2010371a:	00f8f713          	andi	a4,a7,15
2010371e:	4691                	li	a3,4
20103720:	00d70363          	beq	a4,a3,20103726 <__divsf3+0x19c>
20103724:	0891                	addi	a7,a7,4
20103726:	08000737          	lui	a4,0x8000
2010372a:	00e8f733          	and	a4,a7,a4
2010372e:	c709                	beqz	a4,20103738 <__divsf3+0x1ae>
20103730:	08060793          	addi	a5,a2,128
20103734:	49b89893          	bclri	a7,a7,0x1b
20103738:	0fe00713          	li	a4,254
2010373c:	eaf74ee3          	blt	a4,a5,201035f8 <__divsf3+0x6e>
20103740:	00689713          	slli	a4,a7,0x6
20103744:	8325                	srli	a4,a4,0x9
20103746:	0ff7f793          	zext.b	a5,a5
2010374a:	bd55                	j	201035fe <__divsf3+0x74>
2010374c:	4685                	li	a3,1
2010374e:	c799                	beqz	a5,2010375c <__divsf3+0x1d2>
20103750:	8e9d                	sub	a3,a3,a5
20103752:	45ed                	li	a1,27
20103754:	4781                	li	a5,0
20103756:	4701                	li	a4,0
20103758:	ead5c3e3          	blt	a1,a3,201035fe <__divsf3+0x74>
2010375c:	09e60713          	addi	a4,a2,158
20103760:	00e89733          	sll	a4,a7,a4
20103764:	00e03733          	snez	a4,a4
20103768:	00d8d7b3          	srl	a5,a7,a3
2010376c:	8fd9                	or	a5,a5,a4
2010376e:	0077f713          	andi	a4,a5,7
20103772:	c719                	beqz	a4,20103780 <__divsf3+0x1f6>
20103774:	00f7f713          	andi	a4,a5,15
20103778:	4691                	li	a3,4
2010377a:	00d70363          	beq	a4,a3,20103780 <__divsf3+0x1f6>
2010377e:	0791                	addi	a5,a5,4
20103780:	04000737          	lui	a4,0x4000
20103784:	8f7d                	and	a4,a4,a5
20103786:	cb55                	beqz	a4,2010383a <__divsf3+0x2b0>
20103788:	4785                	li	a5,1
2010378a:	4701                	li	a4,0
2010378c:	bd8d                	j	201035fe <__divsf3+0x74>
2010378e:	6741                	lui	a4,0x10
20103790:	00569313          	slli	t1,a3,0x5
20103794:	177d                	addi	a4,a4,-1 # ffff <_data_lma+0x9bcb>
20103796:	01035593          	srli	a1,t1,0x10
2010379a:	00e37733          	and	a4,t1,a4
2010379e:	06d8f863          	bgeu	a7,a3,2010380e <__divsf3+0x284>
201037a2:	02b8d6b3          	divu	a3,a7,a1
201037a6:	87c6                	mv	a5,a7
201037a8:	167d                	addi	a2,a2,-1
201037aa:	4881                	li	a7,0
201037ac:	02e68533          	mul	a0,a3,a4
201037b0:	02b7f7b3          	remu	a5,a5,a1
201037b4:	07c2                	slli	a5,a5,0x10
201037b6:	0117e7b3          	or	a5,a5,a7
201037ba:	00a7f863          	bgeu	a5,a0,201037ca <__divsf3+0x240>
201037be:	979a                	add	a5,a5,t1
201037c0:	fff68893          	addi	a7,a3,-1
201037c4:	0667f663          	bgeu	a5,t1,20103830 <__divsf3+0x2a6>
201037c8:	86c6                	mv	a3,a7
201037ca:	8f89                	sub	a5,a5,a0
201037cc:	02b7d533          	divu	a0,a5,a1
201037d0:	02b7f7b3          	remu	a5,a5,a1
201037d4:	02e50733          	mul	a4,a0,a4
201037d8:	07c2                	slli	a5,a5,0x10
201037da:	02e7f263          	bgeu	a5,a4,201037fe <__divsf3+0x274>
201037de:	006785b3          	add	a1,a5,t1
201037e2:	00f5b8b3          	sltu	a7,a1,a5
201037e6:	fff50e13          	addi	t3,a0,-1
201037ea:	87ae                	mv	a5,a1
201037ec:	00089863          	bnez	a7,201037fc <__divsf3+0x272>
201037f0:	00e5f663          	bgeu	a1,a4,201037fc <__divsf3+0x272>
201037f4:	1579                	addi	a0,a0,-2
201037f6:	006587b3          	add	a5,a1,t1
201037fa:	a011                	j	201037fe <__divsf3+0x274>
201037fc:	8572                	mv	a0,t3
201037fe:	06c2                	slli	a3,a3,0x10
20103800:	8f99                	sub	a5,a5,a4
20103802:	8ec9                	or	a3,a3,a0
20103804:	00f037b3          	snez	a5,a5
20103808:	00f6e8b3          	or	a7,a3,a5
2010380c:	b701                	j	2010370c <__divsf3+0x182>
2010380e:	0018d793          	srli	a5,a7,0x1
20103812:	02b7d6b3          	divu	a3,a5,a1
20103816:	08fe                	slli	a7,a7,0x1f
20103818:	0108d893          	srli	a7,a7,0x10
2010381c:	02e68533          	mul	a0,a3,a4
20103820:	bf41                	j	201037b0 <__divsf3+0x226>
20103822:	852e                	mv	a0,a1
20103824:	882a                	mv	a6,a0
20103826:	bbd5                	j	2010361a <__divsf3+0x90>
20103828:	4801                	li	a6,0
2010382a:	00400737          	lui	a4,0x400
2010382e:	bbc1                	j	201035fe <__divsf3+0x74>
20103830:	f8a7fce3          	bgeu	a5,a0,201037c8 <__divsf3+0x23e>
20103834:	16f9                	addi	a3,a3,-2
20103836:	979a                	add	a5,a5,t1
20103838:	bf49                	j	201037ca <__divsf3+0x240>
2010383a:	079a                	slli	a5,a5,0x6
2010383c:	0097d713          	srli	a4,a5,0x9
20103840:	4781                	li	a5,0
20103842:	bb75                	j	201035fe <__divsf3+0x74>
20103844:	852e                	mv	a0,a1
20103846:	bd6d                	j	20103700 <__divsf3+0x176>

20103848 <__eqsf2>:
20103848:	01755693          	srli	a3,a0,0x17
2010384c:	00800737          	lui	a4,0x800
20103850:	177d                	addi	a4,a4,-1 # 7fffff <_data_lma+0x7f9bcb>
20103852:	0175d613          	srli	a2,a1,0x17
20103856:	0ff6f693          	zext.b	a3,a3
2010385a:	0ff00813          	li	a6,255
2010385e:	00a778b3          	and	a7,a4,a0
20103862:	01f55793          	srli	a5,a0,0x1f
20103866:	8f6d                	and	a4,a4,a1
20103868:	0ff67613          	zext.b	a2,a2
2010386c:	81fd                	srli	a1,a1,0x1f
2010386e:	4505                	li	a0,1
20103870:	03068263          	beq	a3,a6,20103894 <__eqsf2+0x4c>
20103874:	01060763          	beq	a2,a6,20103882 <__eqsf2+0x3a>
20103878:	00c69463          	bne	a3,a2,20103880 <__eqsf2+0x38>
2010387c:	00e88463          	beq	a7,a4,20103884 <__eqsf2+0x3c>
20103880:	8082                	ret
20103882:	8082                	ret
20103884:	4501                	li	a0,0
20103886:	feb78de3          	beq	a5,a1,20103880 <__eqsf2+0x38>
2010388a:	4505                	li	a0,1
2010388c:	faf5                	bnez	a3,20103880 <__eqsf2+0x38>
2010388e:	01103533          	snez	a0,a7
20103892:	8082                	ret
20103894:	fed616e3          	bne	a2,a3,20103880 <__eqsf2+0x38>
20103898:	00e8e8b3          	or	a7,a7,a4
2010389c:	fe0892e3          	bnez	a7,20103880 <__eqsf2+0x38>
201038a0:	00b7c533          	xor	a0,a5,a1
201038a4:	8082                	ret

201038a6 <__gesf2>:
201038a6:	01755613          	srli	a2,a0,0x17
201038aa:	00800737          	lui	a4,0x800
201038ae:	177d                	addi	a4,a4,-1 # 7fffff <_data_lma+0x7f9bcb>
201038b0:	0175d693          	srli	a3,a1,0x17
201038b4:	0ff67613          	zext.b	a2,a2
201038b8:	0ff00813          	li	a6,255
201038bc:	00a778b3          	and	a7,a4,a0
201038c0:	01f55793          	srli	a5,a0,0x1f
201038c4:	8f6d                	and	a4,a4,a1
201038c6:	0ff6f513          	zext.b	a0,a3
201038ca:	81fd                	srli	a1,a1,0x1f
201038cc:	03060563          	beq	a2,a6,201038f6 <__gesf2+0x50>
201038d0:	01050a63          	beq	a0,a6,201038e4 <__gesf2+0x3e>
201038d4:	ea05                	bnez	a2,20103904 <__gesf2+0x5e>
201038d6:	e909                	bnez	a0,201038e8 <__gesf2+0x42>
201038d8:	c339                	beqz	a4,2010391e <__gesf2+0x78>
201038da:	04089e63          	bnez	a7,20103936 <__gesf2+0x90>
201038de:	c9a1                	beqz	a1,2010392e <__gesf2+0x88>
201038e0:	852e                	mv	a0,a1
201038e2:	8082                	ret
201038e4:	e739                	bnez	a4,20103932 <__gesf2+0x8c>
201038e6:	e219                	bnez	a2,201038ec <__gesf2+0x46>
201038e8:	fe088be3          	beqz	a7,201038de <__gesf2+0x38>
201038ec:	00b79963          	bne	a5,a1,201038fe <__gesf2+0x58>
201038f0:	cf9d                	beqz	a5,2010392e <__gesf2+0x88>
201038f2:	853e                	mv	a0,a5
201038f4:	8082                	ret
201038f6:	02089e63          	bnez	a7,20103932 <__gesf2+0x8c>
201038fa:	02c50563          	beq	a0,a2,20103924 <__gesf2+0x7e>
201038fe:	4505                	li	a0,1
20103900:	e79d                	bnez	a5,2010392e <__gesf2+0x88>
20103902:	8082                	ret
20103904:	dd6d                	beqz	a0,201038fe <__gesf2+0x58>
20103906:	feb79ce3          	bne	a5,a1,201038fe <__gesf2+0x58>
2010390a:	fec54ae3          	blt	a0,a2,201038fe <__gesf2+0x58>
2010390e:	fea641e3          	blt	a2,a0,201038f0 <__gesf2+0x4a>
20103912:	ff1766e3          	bltu	a4,a7,201038fe <__gesf2+0x58>
20103916:	4501                	li	a0,0
20103918:	fce8ece3          	bltu	a7,a4,201038f0 <__gesf2+0x4a>
2010391c:	8082                	ret
2010391e:	fe0890e3          	bnez	a7,201038fe <__gesf2+0x58>
20103922:	8082                	ret
20103924:	e719                	bnez	a4,20103932 <__gesf2+0x8c>
20103926:	fcb79ce3          	bne	a5,a1,201038fe <__gesf2+0x58>
2010392a:	4501                	li	a0,0
2010392c:	8082                	ret
2010392e:	557d                	li	a0,-1
20103930:	8082                	ret
20103932:	5579                	li	a0,-2
20103934:	8082                	ret
20103936:	fcb78ee3          	beq	a5,a1,20103912 <__gesf2+0x6c>
2010393a:	b7d1                	j	201038fe <__gesf2+0x58>

2010393c <__lesf2>:
2010393c:	01755613          	srli	a2,a0,0x17
20103940:	00800737          	lui	a4,0x800
20103944:	177d                	addi	a4,a4,-1 # 7fffff <_data_lma+0x7f9bcb>
20103946:	0175d693          	srli	a3,a1,0x17
2010394a:	0ff67613          	zext.b	a2,a2
2010394e:	0ff00813          	li	a6,255
20103952:	00a778b3          	and	a7,a4,a0
20103956:	01f55793          	srli	a5,a0,0x1f
2010395a:	8f6d                	and	a4,a4,a1
2010395c:	0ff6f513          	zext.b	a0,a3
20103960:	81fd                	srli	a1,a1,0x1f
20103962:	03060663          	beq	a2,a6,2010398e <__lesf2+0x52>
20103966:	01050a63          	beq	a0,a6,2010397a <__lesf2+0x3e>
2010396a:	ee05                	bnez	a2,201039a2 <__lesf2+0x66>
2010396c:	e911                	bnez	a0,20103980 <__lesf2+0x44>
2010396e:	cb29                	beqz	a4,201039c0 <__lesf2+0x84>
20103970:	04089f63          	bnez	a7,201039ce <__lesf2+0x92>
20103974:	c9b9                	beqz	a1,201039ca <__lesf2+0x8e>
20103976:	852e                	mv	a0,a1
20103978:	8082                	ret
2010397a:	4509                	li	a0,2
2010397c:	eb01                	bnez	a4,2010398c <__lesf2+0x50>
2010397e:	e219                	bnez	a2,20103984 <__lesf2+0x48>
20103980:	fe088ae3          	beqz	a7,20103974 <__lesf2+0x38>
20103984:	02b78b63          	beq	a5,a1,201039ba <__lesf2+0x7e>
20103988:	4505                	li	a0,1
2010398a:	e3a1                	bnez	a5,201039ca <__lesf2+0x8e>
2010398c:	8082                	ret
2010398e:	02089c63          	bnez	a7,201039c6 <__lesf2+0x8a>
20103992:	fec51be3          	bne	a0,a2,20103988 <__lesf2+0x4c>
20103996:	4509                	li	a0,2
20103998:	fb75                	bnez	a4,2010398c <__lesf2+0x50>
2010399a:	feb797e3          	bne	a5,a1,20103988 <__lesf2+0x4c>
2010399e:	4501                	li	a0,0
201039a0:	8082                	ret
201039a2:	d17d                	beqz	a0,20103988 <__lesf2+0x4c>
201039a4:	feb792e3          	bne	a5,a1,20103988 <__lesf2+0x4c>
201039a8:	fec540e3          	blt	a0,a2,20103988 <__lesf2+0x4c>
201039ac:	00a64763          	blt	a2,a0,201039ba <__lesf2+0x7e>
201039b0:	fd176ce3          	bltu	a4,a7,20103988 <__lesf2+0x4c>
201039b4:	4501                	li	a0,0
201039b6:	fce8fbe3          	bgeu	a7,a4,2010398c <__lesf2+0x50>
201039ba:	cb81                	beqz	a5,201039ca <__lesf2+0x8e>
201039bc:	853e                	mv	a0,a5
201039be:	8082                	ret
201039c0:	fc0894e3          	bnez	a7,20103988 <__lesf2+0x4c>
201039c4:	8082                	ret
201039c6:	4509                	li	a0,2
201039c8:	8082                	ret
201039ca:	557d                	li	a0,-1
201039cc:	8082                	ret
201039ce:	feb781e3          	beq	a5,a1,201039b0 <__lesf2+0x74>
201039d2:	bf5d                	j	20103988 <__lesf2+0x4c>

201039d4 <__mulsf3>:
201039d4:	01755793          	srli	a5,a0,0x17
201039d8:	00951713          	slli	a4,a0,0x9
201039dc:	0ff7f793          	zext.b	a5,a5
201039e0:	00975893          	srli	a7,a4,0x9
201039e4:	817d                	srli	a0,a0,0x1f
201039e6:	10078563          	beqz	a5,20103af0 <__mulsf3+0x11c>
201039ea:	0ff00713          	li	a4,255
201039ee:	10e78763          	beq	a5,a4,20103afc <__mulsf3+0x128>
201039f2:	088e                	slli	a7,a7,0x3
201039f4:	f8178693          	addi	a3,a5,-127
201039f8:	4701                	li	a4,0
201039fa:	4e81                	li	t4,0
201039fc:	29a89893          	bseti	a7,a7,0x1a
20103a00:	0175d793          	srli	a5,a1,0x17
20103a04:	00959813          	slli	a6,a1,0x9
20103a08:	0ff7f793          	zext.b	a5,a5
20103a0c:	00985813          	srli	a6,a6,0x9
20103a10:	81fd                	srli	a1,a1,0x1f
20103a12:	c3f9                	beqz	a5,20103ad8 <__mulsf3+0x104>
20103a14:	0ff00613          	li	a2,255
20103a18:	04c78863          	beq	a5,a2,20103a68 <__mulsf3+0x94>
20103a1c:	f8178793          	addi	a5,a5,-127
20103a20:	00d78e33          	add	t3,a5,a3
20103a24:	080e                	slli	a6,a6,0x3
20103a26:	47a9                	li	a5,10
20103a28:	4601                	li	a2,0
20103a2a:	001e0693          	addi	a3,t3,1
20103a2e:	29a81813          	bseti	a6,a6,0x1a
20103a32:	10e7c363          	blt	a5,a4,20103b38 <__mulsf3+0x164>
20103a36:	00b54333          	xor	t1,a0,a1
20103a3a:	4509                	li	a0,2
20103a3c:	8f1a                	mv	t5,t1
20103a3e:	04e54463          	blt	a0,a4,20103a86 <__mulsf3+0xb2>
20103a42:	177d                	addi	a4,a4,-1
20103a44:	4585                	li	a1,1
20103a46:	12e5ee63          	bltu	a1,a4,20103b82 <__mulsf3+0x1ae>
20103a4a:	0ca60063          	beq	a2,a0,20103b0a <__mulsf3+0x136>
20103a4e:	4785                	li	a5,1
20103a50:	837a                	mv	t1,t5
20103a52:	04f61b63          	bne	a2,a5,20103aa8 <__mulsf3+0xd4>
20103a56:	4781                	li	a5,0
20103a58:	4601                	li	a2,0
20103a5a:	01779513          	slli	a0,a5,0x17
20103a5e:	8d51                	or	a0,a0,a2
20103a60:	01f31793          	slli	a5,t1,0x1f
20103a64:	8d5d                	or	a0,a0,a5
20103a66:	8082                	ret
20103a68:	0ff68e13          	addi	t3,a3,255
20103a6c:	0a080a63          	beqz	a6,20103b20 <__mulsf3+0x14c>
20103a70:	00b54333          	xor	t1,a0,a1
20103a74:	00376713          	ori	a4,a4,3
20103a78:	4629                	li	a2,10
20103a7a:	8f1a                	mv	t5,t1
20103a7c:	10068693          	addi	a3,a3,256
20103a80:	20e64463          	blt	a2,a4,20103c88 <__mulsf3+0x2b4>
20103a84:	460d                	li	a2,3
20103a86:	28e01733          	bset	a4,zero,a4
20103a8a:	53077513          	andi	a0,a4,1328
20103a8e:	cd19                	beqz	a0,20103aac <__mulsf3+0xd8>
20103a90:	4789                	li	a5,2
20103a92:	06fe8c63          	beq	t4,a5,20103b0a <__mulsf3+0x136>
20103a96:	478d                	li	a5,3
20103a98:	02fe8463          	beq	t4,a5,20103ac0 <__mulsf3+0xec>
20103a9c:	8676                	mv	a2,t4
20103a9e:	4785                	li	a5,1
20103aa0:	8846                	mv	a6,a7
20103aa2:	837a                	mv	t1,t5
20103aa4:	faf609e3          	beq	a2,a5,20103a56 <__mulsf3+0x82>
20103aa8:	8e36                	mv	t3,a3
20103aaa:	a2a9                	j	20103bf4 <__mulsf3+0x220>
20103aac:	24077793          	andi	a5,a4,576
20103ab0:	eb81                	bnez	a5,20103ac0 <__mulsf3+0xec>
20103ab2:	08877713          	andi	a4,a4,136
20103ab6:	c771                	beqz	a4,20103b82 <__mulsf3+0x1ae>
20103ab8:	8f2e                	mv	t5,a1
20103aba:	88c2                	mv	a7,a6
20103abc:	8eb2                	mv	t4,a2
20103abe:	bfc9                	j	20103a90 <__mulsf3+0xbc>
20103ac0:	0ff00793          	li	a5,255
20103ac4:	4301                	li	t1,0
20103ac6:	00400637          	lui	a2,0x400
20103aca:	01779513          	slli	a0,a5,0x17
20103ace:	8d51                	or	a0,a0,a2
20103ad0:	01f31793          	slli	a5,t1,0x1f
20103ad4:	8d5d                	or	a0,a0,a5
20103ad6:	8082                	ret
20103ad8:	08081463          	bnez	a6,20103b60 <__mulsf3+0x18c>
20103adc:	8e36                	mv	t3,a3
20103ade:	00176713          	ori	a4,a4,1
20103ae2:	47a9                	li	a5,10
20103ae4:	4605                	li	a2,1
20103ae6:	001e0693          	addi	a3,t3,1
20103aea:	f4e7d6e3          	bge	a5,a4,20103a36 <__mulsf3+0x62>
20103aee:	a0a9                	j	20103b38 <__mulsf3+0x164>
20103af0:	04089b63          	bnez	a7,20103b46 <__mulsf3+0x172>
20103af4:	4711                	li	a4,4
20103af6:	4681                	li	a3,0
20103af8:	4e85                	li	t4,1
20103afa:	b719                	j	20103a00 <__mulsf3+0x2c>
20103afc:	04089063          	bnez	a7,20103b3c <__mulsf3+0x168>
20103b00:	4721                	li	a4,8
20103b02:	0ff00693          	li	a3,255
20103b06:	4e89                	li	t4,2
20103b08:	bde5                	j	20103a00 <__mulsf3+0x2c>
20103b0a:	0ff00793          	li	a5,255
20103b0e:	837a                	mv	t1,t5
20103b10:	4601                	li	a2,0
20103b12:	01779513          	slli	a0,a5,0x17
20103b16:	8d51                	or	a0,a0,a2
20103b18:	01f31793          	slli	a5,t1,0x1f
20103b1c:	8d5d                	or	a0,a0,a5
20103b1e:	8082                	ret
20103b20:	00276713          	ori	a4,a4,2
20103b24:	47a9                	li	a5,10
20103b26:	10068693          	addi	a3,a3,256
20103b2a:	4339                	li	t1,14
20103b2c:	4609                	li	a2,2
20103b2e:	f0e7d4e3          	bge	a5,a4,20103a36 <__mulsf3+0x62>
20103b32:	47ad                	li	a5,11
20103b34:	f8f302e3          	beq	t1,a5,20103ab8 <__mulsf3+0xe4>
20103b38:	8f2a                	mv	t5,a0
20103b3a:	bf99                	j	20103a90 <__mulsf3+0xbc>
20103b3c:	4731                	li	a4,12
20103b3e:	0ff00693          	li	a3,255
20103b42:	4e8d                	li	t4,3
20103b44:	bd75                	j	20103a00 <__mulsf3+0x2c>
20103b46:	60089713          	clz	a4,a7
20103b4a:	ffb70793          	addi	a5,a4,-5
20103b4e:	00f898b3          	sll	a7,a7,a5
20103b52:	f8a00793          	li	a5,-118
20103b56:	40e786b3          	sub	a3,a5,a4
20103b5a:	4e81                	li	t4,0
20103b5c:	4701                	li	a4,0
20103b5e:	b54d                	j	20103a00 <__mulsf3+0x2c>
20103b60:	60081793          	clz	a5,a6
20103b64:	ffb78613          	addi	a2,a5,-5
20103b68:	40f687b3          	sub	a5,a3,a5
20103b6c:	f8a78e13          	addi	t3,a5,-118
20103b70:	47a9                	li	a5,10
20103b72:	00c81833          	sll	a6,a6,a2
20103b76:	001e0693          	addi	a3,t3,1
20103b7a:	4601                	li	a2,0
20103b7c:	eae7dde3          	bge	a5,a4,20103a36 <__mulsf3+0x62>
20103b80:	bf65                	j	20103b38 <__mulsf3+0x164>
20103b82:	6ec1                	lui	t4,0x10
20103b84:	fffe8793          	addi	a5,t4,-1 # ffff <_data_lma+0x9bcb>
20103b88:	0108d593          	srli	a1,a7,0x10
20103b8c:	01085513          	srli	a0,a6,0x10
20103b90:	00f8f8b3          	and	a7,a7,a5
20103b94:	00f877b3          	and	a5,a6,a5
20103b98:	03178633          	mul	a2,a5,a7
20103b9c:	02f587b3          	mul	a5,a1,a5
20103ba0:	01065713          	srli	a4,a2,0x10
20103ba4:	031508b3          	mul	a7,a0,a7
20103ba8:	98be                	add	a7,a7,a5
20103baa:	9746                	add	a4,a4,a7
20103bac:	02a585b3          	mul	a1,a1,a0
20103bb0:	00f77363          	bgeu	a4,a5,20103bb6 <__mulsf3+0x1e2>
20103bb4:	95f6                	add	a1,a1,t4
20103bb6:	6541                	lui	a0,0x10
20103bb8:	157d                	addi	a0,a0,-1 # ffff <_data_lma+0x9bcb>
20103bba:	00a777b3          	and	a5,a4,a0
20103bbe:	8e69                	and	a2,a2,a0
20103bc0:	07c2                	slli	a5,a5,0x10
20103bc2:	97b2                	add	a5,a5,a2
20103bc4:	00679613          	slli	a2,a5,0x6
20103bc8:	01075813          	srli	a6,a4,0x10
20103bcc:	83e9                	srli	a5,a5,0x1a
20103bce:	00c03733          	snez	a4,a2
20103bd2:	982e                	add	a6,a6,a1
20103bd4:	8fd9                	or	a5,a5,a4
20103bd6:	081a                	slli	a6,a6,0x6
20103bd8:	00f86833          	or	a6,a6,a5
20103bdc:	080007b7          	lui	a5,0x8000
20103be0:	00f877b3          	and	a5,a6,a5
20103be4:	cb81                	beqz	a5,20103bf4 <__mulsf3+0x220>
20103be6:	00185793          	srli	a5,a6,0x1
20103bea:	00187813          	andi	a6,a6,1
20103bee:	0107e833          	or	a6,a5,a6
20103bf2:	8e36                	mv	t3,a3
20103bf4:	07fe0793          	addi	a5,t3,127
20103bf8:	02f05e63          	blez	a5,20103c34 <__mulsf3+0x260>
20103bfc:	00787713          	andi	a4,a6,7
20103c00:	c719                	beqz	a4,20103c0e <__mulsf3+0x23a>
20103c02:	00f87713          	andi	a4,a6,15
20103c06:	4691                	li	a3,4
20103c08:	00d70363          	beq	a4,a3,20103c0e <__mulsf3+0x23a>
20103c0c:	0811                	addi	a6,a6,4
20103c0e:	08000737          	lui	a4,0x8000
20103c12:	00e87733          	and	a4,a6,a4
20103c16:	c709                	beqz	a4,20103c20 <__mulsf3+0x24c>
20103c18:	080e0793          	addi	a5,t3,128
20103c1c:	49b81813          	bclri	a6,a6,0x1b
20103c20:	0fe00713          	li	a4,254
20103c24:	04f74963          	blt	a4,a5,20103c76 <__mulsf3+0x2a2>
20103c28:	00681613          	slli	a2,a6,0x6
20103c2c:	8225                	srli	a2,a2,0x9
20103c2e:	0ff7f793          	zext.b	a5,a5
20103c32:	b525                	j	20103a5a <__mulsf3+0x86>
20103c34:	4705                	li	a4,1
20103c36:	c799                	beqz	a5,20103c44 <__mulsf3+0x270>
20103c38:	8f1d                	sub	a4,a4,a5
20103c3a:	46ed                	li	a3,27
20103c3c:	4781                	li	a5,0
20103c3e:	4601                	li	a2,0
20103c40:	e0e6cde3          	blt	a3,a4,20103a5a <__mulsf3+0x86>
20103c44:	09ee0e13          	addi	t3,t3,158
20103c48:	01c81e33          	sll	t3,a6,t3
20103c4c:	00e857b3          	srl	a5,a6,a4
20103c50:	01c03733          	snez	a4,t3
20103c54:	8fd9                	or	a5,a5,a4
20103c56:	0077f713          	andi	a4,a5,7
20103c5a:	c719                	beqz	a4,20103c68 <__mulsf3+0x294>
20103c5c:	00f7f713          	andi	a4,a5,15
20103c60:	4691                	li	a3,4
20103c62:	00d70363          	beq	a4,a3,20103c68 <__mulsf3+0x294>
20103c66:	0791                	addi	a5,a5,4 # 8000004 <_data_lma+0x7ff9bd0>
20103c68:	04000737          	lui	a4,0x4000
20103c6c:	8f7d                	and	a4,a4,a5
20103c6e:	cb01                	beqz	a4,20103c7e <__mulsf3+0x2aa>
20103c70:	4785                	li	a5,1
20103c72:	4601                	li	a2,0
20103c74:	b3dd                	j	20103a5a <__mulsf3+0x86>
20103c76:	0ff00793          	li	a5,255
20103c7a:	4601                	li	a2,0
20103c7c:	bbf9                	j	20103a5a <__mulsf3+0x86>
20103c7e:	079a                	slli	a5,a5,0x6
20103c80:	0097d613          	srli	a2,a5,0x9
20103c84:	4781                	li	a5,0
20103c86:	bbd1                	j	20103a5a <__mulsf3+0x86>
20103c88:	4e3d                	li	t3,15
20103c8a:	4301                	li	t1,0
20103c8c:	00400637          	lui	a2,0x400
20103c90:	ddc705e3          	beq	a4,t3,20103a5a <__mulsf3+0x86>
20103c94:	432d                	li	t1,11
20103c96:	460d                	li	a2,3
20103c98:	bd69                	j	20103b32 <__mulsf3+0x15e>

20103c9a <__subsf3>:
20103c9a:	008007b7          	lui	a5,0x800
20103c9e:	17fd                	addi	a5,a5,-1 # 7fffff <_data_lma+0x7f9bcb>
20103ca0:	0175d613          	srli	a2,a1,0x17
20103ca4:	00a7f733          	and	a4,a5,a0
20103ca8:	01755693          	srli	a3,a0,0x17
20103cac:	01f55893          	srli	a7,a0,0x1f
20103cb0:	8fed                	and	a5,a5,a1
20103cb2:	0ff67613          	zext.b	a2,a2
20103cb6:	0ff00813          	li	a6,255
20103cba:	0ff6f513          	zext.b	a0,a3
20103cbe:	8346                	mv	t1,a7
20103cc0:	070e                	slli	a4,a4,0x3
20103cc2:	81fd                	srli	a1,a1,0x1f
20103cc4:	00379693          	slli	a3,a5,0x3
20103cc8:	05060263          	beq	a2,a6,20103d0c <__subsf3+0x72>
20103ccc:	0015c593          	xori	a1,a1,1
20103cd0:	40c507b3          	sub	a5,a0,a2
20103cd4:	00b88f63          	beq	a7,a1,20103cf2 <__subsf3+0x58>
20103cd8:	30f05863          	blez	a5,20103fe8 <__subsf3+0x34e>
20103cdc:	e635                	bnez	a2,20103d48 <__subsf3+0xae>
20103cde:	14068c63          	beqz	a3,20103e36 <__subsf3+0x19c>
20103ce2:	fff78613          	addi	a2,a5,-1
20103ce6:	2a060263          	beqz	a2,20103f8a <__subsf3+0x2f0>
20103cea:	03078e63          	beq	a5,a6,20103d26 <__subsf3+0x8c>
20103cee:	87b2                	mv	a5,a2
20103cf0:	a085                	j	20103d50 <__subsf3+0xb6>
20103cf2:	30f05663          	blez	a5,20103ffe <__subsf3+0x364>
20103cf6:	ca6d                	beqz	a2,20103de8 <__subsf3+0x14e>
20103cf8:	03050763          	beq	a0,a6,20103d26 <__subsf3+0x8c>
20103cfc:	29a69693          	bseti	a3,a3,0x1a
20103d00:	466d                	li	a2,27
20103d02:	14f65063          	bge	a2,a5,20103e42 <__subsf3+0x1a8>
20103d06:	0705                	addi	a4,a4,1 # 4000001 <_data_lma+0x3ff9bcd>
20103d08:	87aa                	mv	a5,a0
20103d0a:	a8ad                	j	20103d84 <__subsf3+0xea>
20103d0c:	f0150793          	addi	a5,a0,-255
20103d10:	e6cd                	bnez	a3,20103dba <__subsf3+0x120>
20103d12:	0015c593          	xori	a1,a1,1
20103d16:	0eb88263          	beq	a7,a1,20103dfa <__subsf3+0x160>
20103d1a:	18078e63          	beqz	a5,20103eb6 <__subsf3+0x21c>
20103d1e:	10050763          	beqz	a0,20103e2c <__subsf3+0x192>
20103d22:	88ae                	mv	a7,a1
20103d24:	8736                	mv	a4,a3
20103d26:	830d                	srli	a4,a4,0x3
20103d28:	0018f313          	andi	t1,a7,1
20103d2c:	0ff00513          	li	a0,255
20103d30:	cf3d                	beqz	a4,20103dae <__subsf3+0x114>
20103d32:	0ff00513          	li	a0,255
20103d36:	4301                	li	t1,0
20103d38:	00400737          	lui	a4,0x400
20103d3c:	055e                	slli	a0,a0,0x17
20103d3e:	8d59                	or	a0,a0,a4
20103d40:	01f31793          	slli	a5,t1,0x1f
20103d44:	8d5d                	or	a0,a0,a5
20103d46:	8082                	ret
20103d48:	fd050fe3          	beq	a0,a6,20103d26 <__subsf3+0x8c>
20103d4c:	29a69693          	bseti	a3,a3,0x1a
20103d50:	45ed                	li	a1,27
20103d52:	4605                	li	a2,1
20103d54:	00f5cd63          	blt	a1,a5,20103d6e <__subsf3+0xd4>
20103d58:	02000613          	li	a2,32
20103d5c:	8e1d                	sub	a2,a2,a5
20103d5e:	00c69633          	sll	a2,a3,a2
20103d62:	00f6d6b3          	srl	a3,a3,a5
20103d66:	00c037b3          	snez	a5,a2
20103d6a:	00f6e633          	or	a2,a3,a5
20103d6e:	8f11                	sub	a4,a4,a2
20103d70:	040007b7          	lui	a5,0x4000
20103d74:	00f776b3          	and	a3,a4,a5
20103d78:	10069363          	bnez	a3,20103e7e <__subsf3+0x1e4>
20103d7c:	00777693          	andi	a3,a4,7
20103d80:	87aa                	mv	a5,a0
20103d82:	cad5                	beqz	a3,20103e36 <__subsf3+0x19c>
20103d84:	00f77693          	andi	a3,a4,15
20103d88:	4611                	li	a2,4
20103d8a:	00c68363          	beq	a3,a2,20103d90 <__subsf3+0xf6>
20103d8e:	0711                	addi	a4,a4,4 # 400004 <_data_lma+0x3f9bd0>
20103d90:	040006b7          	lui	a3,0x4000
20103d94:	8ef9                	and	a3,a3,a4
20103d96:	c2c5                	beqz	a3,20103e36 <__subsf3+0x19c>
20103d98:	0785                	addi	a5,a5,1 # 4000001 <_data_lma+0x3ff9bcd>
20103d9a:	0ff00693          	li	a3,255
20103d9e:	0018f313          	andi	t1,a7,1
20103da2:	0cd78563          	beq	a5,a3,20103e6c <__subsf3+0x1d2>
20103da6:	071a                	slli	a4,a4,0x6
20103da8:	0ff7f513          	zext.b	a0,a5
20103dac:	8325                	srli	a4,a4,0x9
20103dae:	055e                	slli	a0,a0,0x17
20103db0:	8d59                	or	a0,a0,a4
20103db2:	01f31793          	slli	a5,t1,0x1f
20103db6:	8d5d                	or	a0,a0,a5
20103db8:	8082                	ret
20103dba:	f6b890e3          	bne	a7,a1,20103d1a <__subsf3+0x80>
20103dbe:	c3b1                	beqz	a5,20103e02 <__subsf3+0x168>
20103dc0:	1c051363          	bnez	a0,20103f86 <__subsf3+0x2ec>
20103dc4:	0ff00793          	li	a5,255
20103dc8:	c735                	beqz	a4,20103e34 <__subsf3+0x19a>
20103dca:	fff78593          	addi	a1,a5,-1
20103dce:	12058863          	beqz	a1,20103efe <__subsf3+0x264>
20103dd2:	0ff00513          	li	a0,255
20103dd6:	1aa78863          	beq	a5,a0,20103f86 <__subsf3+0x2ec>
20103dda:	47ed                	li	a5,27
20103ddc:	1ab7dd63          	bge	a5,a1,20103f96 <__subsf3+0x2fc>
20103de0:	00168713          	addi	a4,a3,1 # 4000001 <_data_lma+0x3ff9bcd>
20103de4:	87b2                	mv	a5,a2
20103de6:	bf79                	j	20103d84 <__subsf3+0xea>
20103de8:	c6b9                	beqz	a3,20103e36 <__subsf3+0x19c>
20103dea:	fff78613          	addi	a2,a5,-1
20103dee:	10060863          	beqz	a2,20103efe <__subsf3+0x264>
20103df2:	f3078ae3          	beq	a5,a6,20103d26 <__subsf3+0x8c>
20103df6:	87b2                	mv	a5,a2
20103df8:	b721                	j	20103d00 <__subsf3+0x66>
20103dfa:	c781                	beqz	a5,20103e02 <__subsf3+0x168>
20103dfc:	d561                	beqz	a0,20103dc4 <__subsf3+0x12a>
20103dfe:	4701                	li	a4,0
20103e00:	b71d                	j	20103d26 <__subsf3+0x8c>
20103e02:	00150793          	addi	a5,a0,1
20103e06:	0fe7f613          	andi	a2,a5,254
20103e0a:	14061863          	bnez	a2,20103f5a <__subsf3+0x2c0>
20103e0e:	16051b63          	bnez	a0,20103f84 <__subsf3+0x2ea>
20103e12:	1a070963          	beqz	a4,20103fc4 <__subsf3+0x32a>
20103e16:	1a069963          	bnez	a3,20103fc8 <__subsf3+0x32e>
20103e1a:	830d                	srli	a4,a4,0x3
20103e1c:	4781                	li	a5,0
20103e1e:	0726                	slli	a4,a4,0x9
20103e20:	8325                	srli	a4,a4,0x9
20103e22:	0ff7f513          	zext.b	a0,a5
20103e26:	0018f313          	andi	t1,a7,1
20103e2a:	b751                	j	20103dae <__subsf3+0x114>
20103e2c:	0ff00793          	li	a5,255
20103e30:	eb65                	bnez	a4,20103f20 <__subsf3+0x286>
20103e32:	88ae                	mv	a7,a1
20103e34:	8736                	mv	a4,a3
20103e36:	0ff00693          	li	a3,255
20103e3a:	830d                	srli	a4,a4,0x3
20103e3c:	eed786e3          	beq	a5,a3,20103d28 <__subsf3+0x8e>
20103e40:	bff9                	j	20103e1e <__subsf3+0x184>
20103e42:	02000613          	li	a2,32
20103e46:	8e1d                	sub	a2,a2,a5
20103e48:	00c69633          	sll	a2,a3,a2
20103e4c:	00c03633          	snez	a2,a2
20103e50:	00f6d6b3          	srl	a3,a3,a5
20103e54:	8ed1                	or	a3,a3,a2
20103e56:	9736                	add	a4,a4,a3
20103e58:	040007b7          	lui	a5,0x4000
20103e5c:	8ff9                	and	a5,a5,a4
20103e5e:	df99                	beqz	a5,20103d7c <__subsf3+0xe2>
20103e60:	00150793          	addi	a5,a0,1
20103e64:	0ff00693          	li	a3,255
20103e68:	0ad79363          	bne	a5,a3,20103f0e <__subsf3+0x274>
20103e6c:	0ff00513          	li	a0,255
20103e70:	4701                	li	a4,0
20103e72:	055e                	slli	a0,a0,0x17
20103e74:	8d59                	or	a0,a0,a4
20103e76:	01f31793          	slli	a5,t1,0x1f
20103e7a:	8d5d                	or	a0,a0,a5
20103e7c:	8082                	ret
20103e7e:	17fd                	addi	a5,a5,-1 # 3ffffff <_data_lma+0x3ff9bcb>
20103e80:	00f77633          	and	a2,a4,a5
20103e84:	60061793          	clz	a5,a2
20103e88:	17ed                	addi	a5,a5,-5
20103e8a:	00f61633          	sll	a2,a2,a5
20103e8e:	04a7c863          	blt	a5,a0,20103ede <__subsf3+0x244>
20103e92:	8f89                	sub	a5,a5,a0
20103e94:	0785                	addi	a5,a5,1
20103e96:	02000713          	li	a4,32
20103e9a:	8f1d                	sub	a4,a4,a5
20103e9c:	00e61733          	sll	a4,a2,a4
20103ea0:	00e03733          	snez	a4,a4
20103ea4:	00f65633          	srl	a2,a2,a5
20103ea8:	8f51                	or	a4,a4,a2
20103eaa:	4781                	li	a5,0
20103eac:	00777693          	andi	a3,a4,7
20103eb0:	ec069ae3          	bnez	a3,20103d84 <__subsf3+0xea>
20103eb4:	bdf1                	j	20103d90 <__subsf3+0xf6>
20103eb6:	00150793          	addi	a5,a0,1
20103eba:	0fe7f793          	andi	a5,a5,254
20103ebe:	e78d                	bnez	a5,20103ee8 <__subsf3+0x24e>
20103ec0:	e955                	bnez	a0,20103f74 <__subsf3+0x2da>
20103ec2:	cf6d                	beqz	a4,20103fbc <__subsf3+0x322>
20103ec4:	dab9                	beqz	a3,20103e1a <__subsf3+0x180>
20103ec6:	40d707b3          	sub	a5,a4,a3
20103eca:	04000637          	lui	a2,0x4000
20103ece:	8e7d                	and	a2,a2,a5
20103ed0:	10060763          	beqz	a2,20103fde <__subsf3+0x344>
20103ed4:	40e68733          	sub	a4,a3,a4
20103ed8:	4781                	li	a5,0
20103eda:	88ae                	mv	a7,a1
20103edc:	bfc1                	j	20103eac <__subsf3+0x212>
20103ede:	40f507b3          	sub	a5,a0,a5
20103ee2:	49a61713          	bclri	a4,a2,0x1a
20103ee6:	b7d9                	j	20103eac <__subsf3+0x212>
20103ee8:	40d70633          	sub	a2,a4,a3
20103eec:	040007b7          	lui	a5,0x4000
20103ef0:	8ff1                	and	a5,a5,a2
20103ef2:	e7c9                	bnez	a5,20103f7c <__subsf3+0x2e2>
20103ef4:	fa41                	bnez	a2,20103e84 <__subsf3+0x1ea>
20103ef6:	4301                	li	t1,0
20103ef8:	4501                	li	a0,0
20103efa:	4701                	li	a4,0
20103efc:	bd4d                	j	20103dae <__subsf3+0x114>
20103efe:	9736                	add	a4,a4,a3
20103f00:	040006b7          	lui	a3,0x4000
20103f04:	8ef9                	and	a3,a3,a4
20103f06:	4789                	li	a5,2
20103f08:	4505                	li	a0,1
20103f0a:	e60689e3          	beqz	a3,20103d7c <__subsf3+0xe2>
20103f0e:	7e000637          	lui	a2,0x7e000
20103f12:	00175693          	srli	a3,a4,0x1
20103f16:	167d                	addi	a2,a2,-1 # 7dffffff <_eusrstack+0x5de7ffff>
20103f18:	8b05                	andi	a4,a4,1
20103f1a:	8ef1                	and	a3,a3,a2
20103f1c:	8f55                	or	a4,a4,a3
20103f1e:	b779                	j	20103eac <__subsf3+0x212>
20103f20:	fff78813          	addi	a6,a5,-1 # 3ffffff <_data_lma+0x3ff9bcb>
20103f24:	08080763          	beqz	a6,20103fb2 <__subsf3+0x318>
20103f28:	0ff00513          	li	a0,255
20103f2c:	88ae                	mv	a7,a1
20103f2e:	04a78c63          	beq	a5,a0,20103f86 <__subsf3+0x2ec>
20103f32:	45ed                	li	a1,27
20103f34:	4785                	li	a5,1
20103f36:	0105ce63          	blt	a1,a6,20103f52 <__subsf3+0x2b8>
20103f3a:	02000793          	li	a5,32
20103f3e:	410787b3          	sub	a5,a5,a6
20103f42:	00f717b3          	sll	a5,a4,a5
20103f46:	01075833          	srl	a6,a4,a6
20103f4a:	00f037b3          	snez	a5,a5
20103f4e:	00f867b3          	or	a5,a6,a5
20103f52:	40f68733          	sub	a4,a3,a5
20103f56:	8532                	mv	a0,a2
20103f58:	bd21                	j	20103d70 <__subsf3+0xd6>
20103f5a:	0ff00613          	li	a2,255
20103f5e:	f0c787e3          	beq	a5,a2,20103e6c <__subsf3+0x1d2>
20103f62:	96ba                	add	a3,a3,a4
20103f64:	0016d713          	srli	a4,a3,0x1
20103f68:	00777613          	andi	a2,a4,7
20103f6c:	e0061ce3          	bnez	a2,20103d84 <__subsf3+0xea>
20103f70:	830d                	srli	a4,a4,0x3
20103f72:	b575                	j	20103e1e <__subsf3+0x184>
20103f74:	ef11                	bnez	a4,20103f90 <__subsf3+0x2f6>
20103f76:	da068ee3          	beqz	a3,20103d32 <__subsf3+0x98>
20103f7a:	b365                	j	20103d22 <__subsf3+0x88>
20103f7c:	40e68633          	sub	a2,a3,a4
20103f80:	88ae                	mv	a7,a1
20103f82:	b709                	j	20103e84 <__subsf3+0x1ea>
20103f84:	e711                	bnez	a4,20103f90 <__subsf3+0x2f6>
20103f86:	8736                	mv	a4,a3
20103f88:	bb79                	j	20103d26 <__subsf3+0x8c>
20103f8a:	8f15                	sub	a4,a4,a3
20103f8c:	4505                	li	a0,1
20103f8e:	b3cd                	j	20103d70 <__subsf3+0xd6>
20103f90:	d8068be3          	beqz	a3,20103d26 <__subsf3+0x8c>
20103f94:	bb79                	j	20103d32 <__subsf3+0x98>
20103f96:	02000793          	li	a5,32
20103f9a:	8f8d                	sub	a5,a5,a1
20103f9c:	00f717b3          	sll	a5,a4,a5
20103fa0:	00b755b3          	srl	a1,a4,a1
20103fa4:	00f037b3          	snez	a5,a5
20103fa8:	8ddd                	or	a1,a1,a5
20103faa:	00d58733          	add	a4,a1,a3
20103fae:	8532                	mv	a0,a2
20103fb0:	b565                	j	20103e58 <__subsf3+0x1be>
20103fb2:	40e68733          	sub	a4,a3,a4
20103fb6:	88ae                	mv	a7,a1
20103fb8:	4505                	li	a0,1
20103fba:	bb5d                	j	20103d70 <__subsf3+0xd6>
20103fbc:	de8d                	beqz	a3,20103ef6 <__subsf3+0x25c>
20103fbe:	88ae                	mv	a7,a1
20103fc0:	8736                	mv	a4,a3
20103fc2:	bda1                	j	20103e1a <__subsf3+0x180>
20103fc4:	8736                	mv	a4,a3
20103fc6:	bd91                	j	20103e1a <__subsf3+0x180>
20103fc8:	9736                	add	a4,a4,a3
20103fca:	04000637          	lui	a2,0x4000
20103fce:	8e79                	and	a2,a2,a4
20103fd0:	4781                	li	a5,0
20103fd2:	de59                	beqz	a2,20103f70 <__subsf3+0x2d6>
20103fd4:	49a71713          	bclri	a4,a4,0x1a
20103fd8:	4785                	li	a5,1
20103fda:	830d                	srli	a4,a4,0x3
20103fdc:	b589                	j	20103e1e <__subsf3+0x184>
20103fde:	df81                	beqz	a5,20103ef6 <__subsf3+0x25c>
20103fe0:	873e                	mv	a4,a5
20103fe2:	830d                	srli	a4,a4,0x3
20103fe4:	4781                	li	a5,0
20103fe6:	bd25                	j	20103e1e <__subsf3+0x184>
20103fe8:	ec0787e3          	beqz	a5,20103eb6 <__subsf3+0x21c>
20103fec:	40a60833          	sub	a6,a2,a0
20103ff0:	87c2                	mv	a5,a6
20103ff2:	e2050fe3          	beqz	a0,20103e30 <__subsf3+0x196>
20103ff6:	88ae                	mv	a7,a1
20103ff8:	29a71713          	bseti	a4,a4,0x1a
20103ffc:	bf1d                	j	20103f32 <__subsf3+0x298>
20103ffe:	e00782e3          	beqz	a5,20103e02 <__subsf3+0x168>
20104002:	40a605b3          	sub	a1,a2,a0
20104006:	e119                	bnez	a0,2010400c <__subsf3+0x372>
20104008:	87ae                	mv	a5,a1
2010400a:	bb7d                	j	20103dc8 <__subsf3+0x12e>
2010400c:	29a71713          	bseti	a4,a4,0x1a
20104010:	b3e9                	j	20103dda <__subsf3+0x140>

20104012 <__unordsf2>:
20104012:	01755693          	srli	a3,a0,0x17
20104016:	00800737          	lui	a4,0x800
2010401a:	177d                	addi	a4,a4,-1 # 7fffff <_data_lma+0x7f9bcb>
2010401c:	0175d613          	srli	a2,a1,0x17
20104020:	0ff6f693          	zext.b	a3,a3
20104024:	0ff00813          	li	a6,255
20104028:	00a777b3          	and	a5,a4,a0
2010402c:	0ff67613          	zext.b	a2,a2
20104030:	8f6d                	and	a4,a4,a1
20104032:	01068b63          	beq	a3,a6,20104048 <__unordsf2+0x36>
20104036:	0ff00793          	li	a5,255
2010403a:	4501                	li	a0,0
2010403c:	00f60363          	beq	a2,a5,20104042 <__unordsf2+0x30>
20104040:	8082                	ret
20104042:	00e03533          	snez	a0,a4
20104046:	8082                	ret
20104048:	4505                	li	a0,1
2010404a:	d7f5                	beqz	a5,20104036 <__unordsf2+0x24>
2010404c:	8082                	ret

2010404e <__fixsfsi>:
2010404e:	01755713          	srli	a4,a0,0x17
20104052:	00951793          	slli	a5,a0,0x9
20104056:	0ff77713          	zext.b	a4,a4
2010405a:	07e00613          	li	a2,126
2010405e:	0097d693          	srli	a3,a5,0x9
20104062:	01f55793          	srli	a5,a0,0x1f
20104066:	00e65b63          	bge	a2,a4,2010407c <__fixsfsi+0x2e>
2010406a:	09d00613          	li	a2,157
2010406e:	00e65963          	bge	a2,a4,20104080 <__fixsfsi+0x32>
20104072:	80000537          	lui	a0,0x80000
20104076:	157d                	addi	a0,a0,-1 # 7fffffff <_eusrstack+0x5fe7ffff>
20104078:	953e                	add	a0,a0,a5
2010407a:	8082                	ret
2010407c:	4501                	li	a0,0
2010407e:	8082                	ret
20104080:	09500613          	li	a2,149
20104084:	29769693          	bseti	a3,a3,0x17
20104088:	00e64d63          	blt	a2,a4,201040a2 <__fixsfsi+0x54>
2010408c:	09600613          	li	a2,150
20104090:	40e60733          	sub	a4,a2,a4
20104094:	00e6d6b3          	srl	a3,a3,a4
20104098:	40d00533          	neg	a0,a3
2010409c:	f3ed                	bnez	a5,2010407e <__fixsfsi+0x30>
2010409e:	8536                	mv	a0,a3
201040a0:	8082                	ret
201040a2:	f6a70713          	addi	a4,a4,-150
201040a6:	00e696b3          	sll	a3,a3,a4
201040aa:	b7fd                	j	20104098 <__fixsfsi+0x4a>

201040ac <__fixunssfsi>:
201040ac:	01755713          	srli	a4,a0,0x17
201040b0:	00951793          	slli	a5,a0,0x9
201040b4:	0ff77713          	zext.b	a4,a4
201040b8:	07e00613          	li	a2,126
201040bc:	0097d693          	srli	a3,a5,0x9
201040c0:	01f55793          	srli	a5,a0,0x1f
201040c4:	4501                	li	a0,0
201040c6:	00e65363          	bge	a2,a4,201040cc <__fixunssfsi+0x20>
201040ca:	c391                	beqz	a5,201040ce <__fixunssfsi+0x22>
201040cc:	8082                	ret
201040ce:	09e00793          	li	a5,158
201040d2:	557d                	li	a0,-1
201040d4:	fee7cce3          	blt	a5,a4,201040cc <__fixunssfsi+0x20>
201040d8:	09500613          	li	a2,149
201040dc:	29769793          	bseti	a5,a3,0x17
201040e0:	00e65763          	bge	a2,a4,201040ee <__fixunssfsi+0x42>
201040e4:	f6a70713          	addi	a4,a4,-150
201040e8:	00e79533          	sll	a0,a5,a4
201040ec:	8082                	ret
201040ee:	09600513          	li	a0,150
201040f2:	8d19                	sub	a0,a0,a4
201040f4:	00a7d533          	srl	a0,a5,a0
201040f8:	8082                	ret

201040fa <__floatsisf>:
201040fa:	cd1d                	beqz	a0,20104138 <__floatsisf+0x3e>
201040fc:	40a006b3          	neg	a3,a0
20104100:	09e00793          	li	a5,158
20104104:	0ad566b3          	max	a3,a0,a3
20104108:	09600613          	li	a2,150
2010410c:	60069593          	clz	a1,a3
20104110:	8f8d                	sub	a5,a5,a1
20104112:	01f55713          	srli	a4,a0,0x1f
20104116:	02f64963          	blt	a2,a5,20104148 <__floatsisf+0x4e>
2010411a:	4621                	li	a2,8
2010411c:	08c58a63          	beq	a1,a2,201041b0 <__floatsisf+0xb6>
20104120:	15e1                	addi	a1,a1,-8
20104122:	00b696b3          	sll	a3,a3,a1
20104126:	0ff7f513          	zext.b	a0,a5
2010412a:	06a6                	slli	a3,a3,0x9
2010412c:	82a5                	srli	a3,a3,0x9
2010412e:	055e                	slli	a0,a0,0x17
20104130:	8d55                	or	a0,a0,a3
20104132:	077e                	slli	a4,a4,0x1f
20104134:	8d59                	or	a0,a0,a4
20104136:	8082                	ret
20104138:	4701                	li	a4,0
2010413a:	4501                	li	a0,0
2010413c:	4681                	li	a3,0
2010413e:	055e                	slli	a0,a0,0x17
20104140:	8d55                	or	a0,a0,a3
20104142:	077e                	slli	a4,a4,0x1f
20104144:	8d59                	or	a0,a0,a4
20104146:	8082                	ret
20104148:	09900613          	li	a2,153
2010414c:	04f64663          	blt	a2,a5,20104198 <__floatsisf+0x9e>
20104150:	4615                	li	a2,5
20104152:	ffb58513          	addi	a0,a1,-5
20104156:	00c58463          	beq	a1,a2,2010415e <__floatsisf+0x64>
2010415a:	00a696b3          	sll	a3,a3,a0
2010415e:	0076f513          	andi	a0,a3,7
20104162:	49a69613          	bclri	a2,a3,0x1a
20104166:	cd19                	beqz	a0,20104184 <__floatsisf+0x8a>
20104168:	8abd                	andi	a3,a3,15
2010416a:	4511                	li	a0,4
2010416c:	00a68c63          	beq	a3,a0,20104184 <__floatsisf+0x8a>
20104170:	0611                	addi	a2,a2,4 # 4000004 <_data_lma+0x3ff9bd0>
20104172:	040006b7          	lui	a3,0x4000
20104176:	8ef1                	and	a3,a3,a2
20104178:	c691                	beqz	a3,20104184 <__floatsisf+0x8a>
2010417a:	09f00793          	li	a5,159
2010417e:	8f8d                	sub	a5,a5,a1
20104180:	49a61613          	bclri	a2,a2,0x1a
20104184:	00661693          	slli	a3,a2,0x6
20104188:	0ff7f513          	zext.b	a0,a5
2010418c:	82a5                	srli	a3,a3,0x9
2010418e:	055e                	slli	a0,a0,0x17
20104190:	8d55                	or	a0,a0,a3
20104192:	077e                	slli	a4,a4,0x1f
20104194:	8d59                	or	a0,a0,a4
20104196:	8082                	ret
20104198:	01b58613          	addi	a2,a1,27
2010419c:	4515                	li	a0,5
2010419e:	00c69633          	sll	a2,a3,a2
201041a2:	8d0d                	sub	a0,a0,a1
201041a4:	00a6d6b3          	srl	a3,a3,a0
201041a8:	00c03633          	snez	a2,a2
201041ac:	8ed1                	or	a3,a3,a2
201041ae:	bf45                	j	2010415e <__floatsisf+0x64>
201041b0:	06a6                	slli	a3,a3,0x9
201041b2:	82a5                	srli	a3,a3,0x9
201041b4:	09600513          	li	a0,150
201041b8:	b759                	j	2010413e <__floatsisf+0x44>

201041ba <__floatunsisf>:
201041ba:	c51d                	beqz	a0,201041e8 <__floatunsisf+0x2e>
201041bc:	09e00793          	li	a5,158
201041c0:	60051693          	clz	a3,a0
201041c4:	09600713          	li	a4,150
201041c8:	8f95                	sub	a5,a5,a3
201041ca:	02f74463          	blt	a4,a5,201041f2 <__floatunsisf+0x38>
201041ce:	4721                	li	a4,8
201041d0:	08e68363          	beq	a3,a4,20104256 <__floatunsisf+0x9c>
201041d4:	16e1                	addi	a3,a3,-8 # 3fffff8 <_data_lma+0x3ff9bc4>
201041d6:	00d51733          	sll	a4,a0,a3
201041da:	0726                	slli	a4,a4,0x9
201041dc:	0ff7f513          	zext.b	a0,a5
201041e0:	8325                	srli	a4,a4,0x9
201041e2:	055e                	slli	a0,a0,0x17
201041e4:	8d59                	or	a0,a0,a4
201041e6:	8082                	ret
201041e8:	4501                	li	a0,0
201041ea:	4701                	li	a4,0
201041ec:	055e                	slli	a0,a0,0x17
201041ee:	8d59                	or	a0,a0,a4
201041f0:	8082                	ret
201041f2:	09900713          	li	a4,153
201041f6:	04f74463          	blt	a4,a5,2010423e <__floatunsisf+0x84>
201041fa:	4715                	li	a4,5
201041fc:	ffb68613          	addi	a2,a3,-5
20104200:	00e68463          	beq	a3,a4,20104208 <__floatunsisf+0x4e>
20104204:	00c51533          	sll	a0,a0,a2
20104208:	00757613          	andi	a2,a0,7
2010420c:	49a51713          	bclri	a4,a0,0x1a
20104210:	c205                	beqz	a2,20104230 <__floatunsisf+0x76>
20104212:	893d                	andi	a0,a0,15
20104214:	4611                	li	a2,4
20104216:	00c50d63          	beq	a0,a2,20104230 <__floatunsisf+0x76>
2010421a:	0711                	addi	a4,a4,4
2010421c:	04000637          	lui	a2,0x4000
20104220:	8e79                	and	a2,a2,a4
20104222:	c619                	beqz	a2,20104230 <__floatunsisf+0x76>
20104224:	09f00513          	li	a0,159
20104228:	40d507b3          	sub	a5,a0,a3
2010422c:	49a71713          	bclri	a4,a4,0x1a
20104230:	0ff7f513          	zext.b	a0,a5
20104234:	071a                	slli	a4,a4,0x6
20104236:	8325                	srli	a4,a4,0x9
20104238:	055e                	slli	a0,a0,0x17
2010423a:	8d59                	or	a0,a0,a4
2010423c:	8082                	ret
2010423e:	01b68713          	addi	a4,a3,27
20104242:	4615                	li	a2,5
20104244:	00e51733          	sll	a4,a0,a4
20104248:	8e15                	sub	a2,a2,a3
2010424a:	00e03733          	snez	a4,a4
2010424e:	00c55533          	srl	a0,a0,a2
20104252:	8d59                	or	a0,a0,a4
20104254:	bf55                	j	20104208 <__floatunsisf+0x4e>
20104256:	0526                	slli	a0,a0,0x9
20104258:	00955713          	srli	a4,a0,0x9
2010425c:	09600513          	li	a0,150
20104260:	b771                	j	201041ec <__floatunsisf+0x32>

20104262 <__errno>:
20104262:	82c1a503          	lw	a0,-2004(gp) # 2011020c <_impure_ptr>
20104266:	8082                	ret

20104268 <iprintf>:
20104268:	715d                	addi	sp,sp,-80
2010426a:	d422                	sw	s0,40(sp)
2010426c:	d606                	sw	ra,44(sp)
2010426e:	842a                	mv	s0,a0
20104270:	da2e                	sw	a1,52(sp)
20104272:	dc32                	sw	a2,56(sp)
20104274:	de36                	sw	a3,60(sp)
20104276:	c0ba                	sw	a4,64(sp)
20104278:	c2be                	sw	a5,68(sp)
2010427a:	c4c2                	sw	a6,72(sp)
2010427c:	c6c6                	sw	a7,76(sp)
2010427e:	82c1a503          	lw	a0,-2004(gp) # 2011020c <_impure_ptr>
20104282:	c511                	beqz	a0,2010428e <iprintf+0x26>
20104284:	4d1c                	lw	a5,24(a0)
20104286:	e781                	bnez	a5,2010428e <iprintf+0x26>
20104288:	c62a                	sw	a0,12(sp)
2010428a:	2975                	jal	20104746 <__sinit>
2010428c:	4532                	lw	a0,12(sp)
2010428e:	450c                	lw	a1,8(a0)
20104290:	1854                	addi	a3,sp,52
20104292:	8622                	mv	a2,s0
20104294:	ce36                	sw	a3,28(sp)
20104296:	05e010ef          	jal	ra,201052f4 <_vfiprintf_r>
2010429a:	50b2                	lw	ra,44(sp)
2010429c:	5422                	lw	s0,40(sp)
2010429e:	6161                	addi	sp,sp,80
201042a0:	8082                	ret

201042a2 <_vsniprintf_r>:
201042a2:	7119                	addi	sp,sp,-128
201042a4:	dca2                	sw	s0,120(sp)
201042a6:	daa6                	sw	s1,116(sp)
201042a8:	de86                	sw	ra,124(sp)
201042aa:	d8ca                	sw	s2,112(sp)
201042ac:	84aa                	mv	s1,a0
201042ae:	8432                	mv	s0,a2
201042b0:	00065c63          	bgez	a2,201042c8 <_vsniprintf_r+0x26>
201042b4:	08b00793          	li	a5,139
201042b8:	c11c                	sw	a5,0(a0)
201042ba:	557d                	li	a0,-1
201042bc:	50f6                	lw	ra,124(sp)
201042be:	5466                	lw	s0,120(sp)
201042c0:	54d6                	lw	s1,116(sp)
201042c2:	5946                	lw	s2,112(sp)
201042c4:	6109                	addi	sp,sp,128
201042c6:	8082                	ret
201042c8:	20800793          	li	a5,520
201042cc:	82fc                	sh	a5,20(sp)
201042ce:	c42e                	sw	a1,8(sp)
201042d0:	cc2e                	sw	a1,24(sp)
201042d2:	8636                	mv	a2,a3
201042d4:	4781                	li	a5,0
201042d6:	86ba                	mv	a3,a4
201042d8:	c019                	beqz	s0,201042de <_vsniprintf_r+0x3c>
201042da:	fff40793          	addi	a5,s0,-1 # 7fffffff <_eusrstack+0x5fe7ffff>
201042de:	597d                	li	s2,-1
201042e0:	002c                	addi	a1,sp,8
201042e2:	8526                	mv	a0,s1
201042e4:	c83e                	sw	a5,16(sp)
201042e6:	ce3e                	sw	a5,28(sp)
201042e8:	01211b23          	sh	s2,22(sp)
201042ec:	1c3000ef          	jal	ra,20104cae <_svfiprintf_r>
201042f0:	01255563          	bge	a0,s2,201042fa <_vsniprintf_r+0x58>
201042f4:	08b00793          	li	a5,139
201042f8:	c09c                	sw	a5,0(s1)
201042fa:	d069                	beqz	s0,201042bc <_vsniprintf_r+0x1a>
201042fc:	47a2                	lw	a5,8(sp)
201042fe:	00078023          	sb	zero,0(a5)
20104302:	bf6d                	j	201042bc <_vsniprintf_r+0x1a>

20104304 <vsniprintf>:
20104304:	8736                	mv	a4,a3
20104306:	86b2                	mv	a3,a2
20104308:	862e                	mv	a2,a1
2010430a:	85aa                	mv	a1,a0
2010430c:	82c1a503          	lw	a0,-2004(gp) # 2011020c <_impure_ptr>
20104310:	f93ff06f          	j	201042a2 <_vsniprintf_r>

20104314 <__swbuf_r>:
20104314:	1101                	addi	sp,sp,-32
20104316:	cc22                	sw	s0,24(sp)
20104318:	ca26                	sw	s1,20(sp)
2010431a:	c84a                	sw	s2,16(sp)
2010431c:	ce06                	sw	ra,28(sp)
2010431e:	c64e                	sw	s3,12(sp)
20104320:	84aa                	mv	s1,a0
20104322:	892e                	mv	s2,a1
20104324:	8432                	mv	s0,a2
20104326:	c501                	beqz	a0,2010432e <__swbuf_r+0x1a>
20104328:	4d1c                	lw	a5,24(a0)
2010432a:	e391                	bnez	a5,2010432e <__swbuf_r+0x1a>
2010432c:	2929                	jal	20104746 <__sinit>
2010432e:	00002797          	auipc	a5,0x2
20104332:	ee278793          	addi	a5,a5,-286 # 20106210 <__sf_fake_stdin>
20104336:	02f41763          	bne	s0,a5,20104364 <__swbuf_r+0x50>
2010433a:	40c0                	lw	s0,4(s1)
2010433c:	4c1c                	lw	a5,24(s0)
2010433e:	c41c                	sw	a5,8(s0)
20104340:	245e                	lhu	a5,12(s0)
20104342:	8ba1                	andi	a5,a5,8
20104344:	c399                	beqz	a5,2010434a <__swbuf_r+0x36>
20104346:	481c                	lw	a5,16(s0)
20104348:	ef95                	bnez	a5,20104384 <__swbuf_r+0x70>
2010434a:	85a2                	mv	a1,s0
2010434c:	8526                	mv	a0,s1
2010434e:	2049                	jal	201043d0 <__swsetup_r>
20104350:	c915                	beqz	a0,20104384 <__swbuf_r+0x70>
20104352:	597d                	li	s2,-1
20104354:	40f2                	lw	ra,28(sp)
20104356:	4462                	lw	s0,24(sp)
20104358:	44d2                	lw	s1,20(sp)
2010435a:	49b2                	lw	s3,12(sp)
2010435c:	854a                	mv	a0,s2
2010435e:	4942                	lw	s2,16(sp)
20104360:	6105                	addi	sp,sp,32
20104362:	8082                	ret
20104364:	00002797          	auipc	a5,0x2
20104368:	e8c78793          	addi	a5,a5,-372 # 201061f0 <__sf_fake_stdout>
2010436c:	00f41463          	bne	s0,a5,20104374 <__swbuf_r+0x60>
20104370:	4480                	lw	s0,8(s1)
20104372:	b7e9                	j	2010433c <__swbuf_r+0x28>
20104374:	00002797          	auipc	a5,0x2
20104378:	e5c78793          	addi	a5,a5,-420 # 201061d0 <__sf_fake_stderr>
2010437c:	fcf410e3          	bne	s0,a5,2010433c <__swbuf_r+0x28>
20104380:	44c0                	lw	s0,12(s1)
20104382:	bf6d                	j	2010433c <__swbuf_r+0x28>
20104384:	481c                	lw	a5,16(s0)
20104386:	4008                	lw	a0,0(s0)
20104388:	0ff97993          	zext.b	s3,s2
2010438c:	0ff97913          	zext.b	s2,s2
20104390:	8d1d                	sub	a0,a0,a5
20104392:	485c                	lw	a5,20(s0)
20104394:	00f54663          	blt	a0,a5,201043a0 <__swbuf_r+0x8c>
20104398:	85a2                	mv	a1,s0
2010439a:	8526                	mv	a0,s1
2010439c:	2c91                	jal	201045f0 <_fflush_r>
2010439e:	f955                	bnez	a0,20104352 <__swbuf_r+0x3e>
201043a0:	441c                	lw	a5,8(s0)
201043a2:	0505                	addi	a0,a0,1
201043a4:	17fd                	addi	a5,a5,-1
201043a6:	c41c                	sw	a5,8(s0)
201043a8:	401c                	lw	a5,0(s0)
201043aa:	00178713          	addi	a4,a5,1
201043ae:	c018                	sw	a4,0(s0)
201043b0:	01378023          	sb	s3,0(a5)
201043b4:	485c                	lw	a5,20(s0)
201043b6:	00a78863          	beq	a5,a0,201043c6 <__swbuf_r+0xb2>
201043ba:	245e                	lhu	a5,12(s0)
201043bc:	8b85                	andi	a5,a5,1
201043be:	dbd9                	beqz	a5,20104354 <__swbuf_r+0x40>
201043c0:	47a9                	li	a5,10
201043c2:	f8f919e3          	bne	s2,a5,20104354 <__swbuf_r+0x40>
201043c6:	85a2                	mv	a1,s0
201043c8:	8526                	mv	a0,s1
201043ca:	241d                	jal	201045f0 <_fflush_r>
201043cc:	d541                	beqz	a0,20104354 <__swbuf_r+0x40>
201043ce:	b751                	j	20104352 <__swbuf_r+0x3e>

201043d0 <__swsetup_r>:
201043d0:	1141                	addi	sp,sp,-16
201043d2:	c422                	sw	s0,8(sp)
201043d4:	c226                	sw	s1,4(sp)
201043d6:	c04a                	sw	s2,0(sp)
201043d8:	c606                	sw	ra,12(sp)
201043da:	82c1a483          	lw	s1,-2004(gp) # 2011020c <_impure_ptr>
201043de:	892a                	mv	s2,a0
201043e0:	842e                	mv	s0,a1
201043e2:	c489                	beqz	s1,201043ec <__swsetup_r+0x1c>
201043e4:	4c9c                	lw	a5,24(s1)
201043e6:	e399                	bnez	a5,201043ec <__swsetup_r+0x1c>
201043e8:	8526                	mv	a0,s1
201043ea:	2eb1                	jal	20104746 <__sinit>
201043ec:	00002797          	auipc	a5,0x2
201043f0:	e2478793          	addi	a5,a5,-476 # 20106210 <__sf_fake_stdin>
201043f4:	02f41363          	bne	s0,a5,2010441a <__swsetup_r+0x4a>
201043f8:	40c0                	lw	s0,4(s1)
201043fa:	00c41783          	lh	a5,12(s0)
201043fe:	0087f713          	andi	a4,a5,8
20104402:	e725                	bnez	a4,2010446a <__swsetup_r+0x9a>
20104404:	0107f713          	andi	a4,a5,16
20104408:	eb0d                	bnez	a4,2010443a <__swsetup_r+0x6a>
2010440a:	4725                	li	a4,9
2010440c:	00e92023          	sw	a4,0(s2)
20104410:	0407e793          	ori	a5,a5,64
20104414:	a45e                	sh	a5,12(s0)
20104416:	557d                	li	a0,-1
20104418:	a071                	j	201044a4 <__swsetup_r+0xd4>
2010441a:	00002797          	auipc	a5,0x2
2010441e:	dd678793          	addi	a5,a5,-554 # 201061f0 <__sf_fake_stdout>
20104422:	00f41463          	bne	s0,a5,2010442a <__swsetup_r+0x5a>
20104426:	4480                	lw	s0,8(s1)
20104428:	bfc9                	j	201043fa <__swsetup_r+0x2a>
2010442a:	00002797          	auipc	a5,0x2
2010442e:	da678793          	addi	a5,a5,-602 # 201061d0 <__sf_fake_stderr>
20104432:	fcf414e3          	bne	s0,a5,201043fa <__swsetup_r+0x2a>
20104436:	44c0                	lw	s0,12(s1)
20104438:	b7c9                	j	201043fa <__swsetup_r+0x2a>
2010443a:	8b91                	andi	a5,a5,4
2010443c:	c39d                	beqz	a5,20104462 <__swsetup_r+0x92>
2010443e:	584c                	lw	a1,52(s0)
20104440:	c989                	beqz	a1,20104452 <__swsetup_r+0x82>
20104442:	04440793          	addi	a5,s0,68
20104446:	00f58463          	beq	a1,a5,2010444e <__swsetup_r+0x7e>
2010444a:	854a                	mv	a0,s2
2010444c:	2bad                	jal	201049c6 <_free_r>
2010444e:	02042a23          	sw	zero,52(s0)
20104452:	245e                	lhu	a5,12(s0)
20104454:	00042223          	sw	zero,4(s0)
20104458:	fdb7f793          	andi	a5,a5,-37
2010445c:	a45e                	sh	a5,12(s0)
2010445e:	481c                	lw	a5,16(s0)
20104460:	c01c                	sw	a5,0(s0)
20104462:	245e                	lhu	a5,12(s0)
20104464:	0087e793          	ori	a5,a5,8
20104468:	a45e                	sh	a5,12(s0)
2010446a:	481c                	lw	a5,16(s0)
2010446c:	eb99                	bnez	a5,20104482 <__swsetup_r+0xb2>
2010446e:	245e                	lhu	a5,12(s0)
20104470:	20000713          	li	a4,512
20104474:	2807f793          	andi	a5,a5,640
20104478:	00e78563          	beq	a5,a4,20104482 <__swsetup_r+0xb2>
2010447c:	85a2                	mv	a1,s0
2010447e:	854a                	mv	a0,s2
20104480:	2945                	jal	20104930 <__smakebuf_r>
20104482:	00c41783          	lh	a5,12(s0)
20104486:	0017f713          	andi	a4,a5,1
2010448a:	c31d                	beqz	a4,201044b0 <__swsetup_r+0xe0>
2010448c:	4858                	lw	a4,20(s0)
2010448e:	00042423          	sw	zero,8(s0)
20104492:	40e00733          	neg	a4,a4
20104496:	cc18                	sw	a4,24(s0)
20104498:	4818                	lw	a4,16(s0)
2010449a:	4501                	li	a0,0
2010449c:	e701                	bnez	a4,201044a4 <__swsetup_r+0xd4>
2010449e:	0807f713          	andi	a4,a5,128
201044a2:	f73d                	bnez	a4,20104410 <__swsetup_r+0x40>
201044a4:	40b2                	lw	ra,12(sp)
201044a6:	4422                	lw	s0,8(sp)
201044a8:	4492                	lw	s1,4(sp)
201044aa:	4902                	lw	s2,0(sp)
201044ac:	0141                	addi	sp,sp,16
201044ae:	8082                	ret
201044b0:	0027f713          	andi	a4,a5,2
201044b4:	4681                	li	a3,0
201044b6:	e311                	bnez	a4,201044ba <__swsetup_r+0xea>
201044b8:	4854                	lw	a3,20(s0)
201044ba:	c414                	sw	a3,8(s0)
201044bc:	bff1                	j	20104498 <__swsetup_r+0xc8>

201044be <__sflush_r>:
201044be:	00c59783          	lh	a5,12(a1)
201044c2:	1101                	addi	sp,sp,-32
201044c4:	cc22                	sw	s0,24(sp)
201044c6:	ca26                	sw	s1,20(sp)
201044c8:	ce06                	sw	ra,28(sp)
201044ca:	c84a                	sw	s2,16(sp)
201044cc:	c64e                	sw	s3,12(sp)
201044ce:	0087f713          	andi	a4,a5,8
201044d2:	84aa                	mv	s1,a0
201044d4:	842e                	mv	s0,a1
201044d6:	e379                	bnez	a4,2010459c <__sflush_r+0xde>
201044d8:	41d8                	lw	a4,4(a1)
201044da:	00e04563          	bgtz	a4,201044e4 <__sflush_r+0x26>
201044de:	41b8                	lw	a4,64(a1)
201044e0:	08e05663          	blez	a4,2010456c <__sflush_r+0xae>
201044e4:	5458                	lw	a4,44(s0)
201044e6:	c359                	beqz	a4,2010456c <__sflush_r+0xae>
201044e8:	0004a903          	lw	s2,0(s1)
201044ec:	0004a023          	sw	zero,0(s1)
201044f0:	500c                	lw	a1,32(s0)
201044f2:	48c7d793          	bexti	a5,a5,0xc
201044f6:	cba9                	beqz	a5,20104548 <__sflush_r+0x8a>
201044f8:	4870                	lw	a2,84(s0)
201044fa:	245e                	lhu	a5,12(s0)
201044fc:	8b91                	andi	a5,a5,4
201044fe:	c799                	beqz	a5,2010450c <__sflush_r+0x4e>
20104500:	405c                	lw	a5,4(s0)
20104502:	8e1d                	sub	a2,a2,a5
20104504:	585c                	lw	a5,52(s0)
20104506:	c399                	beqz	a5,2010450c <__sflush_r+0x4e>
20104508:	403c                	lw	a5,64(s0)
2010450a:	8e1d                	sub	a2,a2,a5
2010450c:	545c                	lw	a5,44(s0)
2010450e:	500c                	lw	a1,32(s0)
20104510:	4681                	li	a3,0
20104512:	8526                	mv	a0,s1
20104514:	9782                	jalr	a5
20104516:	57fd                	li	a5,-1
20104518:	04f50c63          	beq	a0,a5,20104570 <__sflush_r+0xb2>
2010451c:	481c                	lw	a5,16(s0)
2010451e:	6705                	lui	a4,0x1
20104520:	00042223          	sw	zero,4(s0)
20104524:	c01c                	sw	a5,0(s0)
20104526:	245e                	lhu	a5,12(s0)
20104528:	8ff9                	and	a5,a5,a4
2010452a:	c391                	beqz	a5,2010452e <__sflush_r+0x70>
2010452c:	c868                	sw	a0,84(s0)
2010452e:	584c                	lw	a1,52(s0)
20104530:	0124a023          	sw	s2,0(s1)
20104534:	cd85                	beqz	a1,2010456c <__sflush_r+0xae>
20104536:	04440793          	addi	a5,s0,68
2010453a:	00f58463          	beq	a1,a5,20104542 <__sflush_r+0x84>
2010453e:	8526                	mv	a0,s1
20104540:	2159                	jal	201049c6 <_free_r>
20104542:	02042a23          	sw	zero,52(s0)
20104546:	a01d                	j	2010456c <__sflush_r+0xae>
20104548:	4601                	li	a2,0
2010454a:	4685                	li	a3,1
2010454c:	8526                	mv	a0,s1
2010454e:	9702                	jalr	a4
20104550:	57fd                	li	a5,-1
20104552:	862a                	mv	a2,a0
20104554:	faf513e3          	bne	a0,a5,201044fa <__sflush_r+0x3c>
20104558:	409c                	lw	a5,0(s1)
2010455a:	d3c5                	beqz	a5,201044fa <__sflush_r+0x3c>
2010455c:	4775                	li	a4,29
2010455e:	00e78563          	beq	a5,a4,20104568 <__sflush_r+0xaa>
20104562:	4759                	li	a4,22
20104564:	06e79563          	bne	a5,a4,201045ce <__sflush_r+0x110>
20104568:	0124a023          	sw	s2,0(s1)
2010456c:	4501                	li	a0,0
2010456e:	a0b5                	j	201045da <__sflush_r+0x11c>
20104570:	4098                	lw	a4,0(s1)
20104572:	00c41783          	lh	a5,12(s0)
20104576:	cf01                	beqz	a4,2010458e <__sflush_r+0xd0>
20104578:	46f5                	li	a3,29
2010457a:	00d70563          	beq	a4,a3,20104584 <__sflush_r+0xc6>
2010457e:	46d9                	li	a3,22
20104580:	04d71963          	bne	a4,a3,201045d2 <__sflush_r+0x114>
20104584:	481c                	lw	a5,16(s0)
20104586:	00042223          	sw	zero,4(s0)
2010458a:	c01c                	sw	a5,0(s0)
2010458c:	b74d                	j	2010452e <__sflush_r+0x70>
2010458e:	4818                	lw	a4,16(s0)
20104590:	00042223          	sw	zero,4(s0)
20104594:	48c7d793          	bexti	a5,a5,0xc
20104598:	c018                	sw	a4,0(s0)
2010459a:	bf41                	j	2010452a <__sflush_r+0x6c>
2010459c:	0105a983          	lw	s3,16(a1)
201045a0:	fc0986e3          	beqz	s3,2010456c <__sflush_r+0xae>
201045a4:	0005a903          	lw	s2,0(a1)
201045a8:	8b8d                	andi	a5,a5,3
201045aa:	0135a023          	sw	s3,0(a1)
201045ae:	41390933          	sub	s2,s2,s3
201045b2:	4701                	li	a4,0
201045b4:	e391                	bnez	a5,201045b8 <__sflush_r+0xfa>
201045b6:	49d8                	lw	a4,20(a1)
201045b8:	c418                	sw	a4,8(s0)
201045ba:	fb2059e3          	blez	s2,2010456c <__sflush_r+0xae>
201045be:	541c                	lw	a5,40(s0)
201045c0:	500c                	lw	a1,32(s0)
201045c2:	86ca                	mv	a3,s2
201045c4:	864e                	mv	a2,s3
201045c6:	8526                	mv	a0,s1
201045c8:	9782                	jalr	a5
201045ca:	00a04f63          	bgtz	a0,201045e8 <__sflush_r+0x12a>
201045ce:	00c41783          	lh	a5,12(s0)
201045d2:	0407e793          	ori	a5,a5,64
201045d6:	a45e                	sh	a5,12(s0)
201045d8:	557d                	li	a0,-1
201045da:	40f2                	lw	ra,28(sp)
201045dc:	4462                	lw	s0,24(sp)
201045de:	44d2                	lw	s1,20(sp)
201045e0:	4942                	lw	s2,16(sp)
201045e2:	49b2                	lw	s3,12(sp)
201045e4:	6105                	addi	sp,sp,32
201045e6:	8082                	ret
201045e8:	99aa                	add	s3,s3,a0
201045ea:	40a90933          	sub	s2,s2,a0
201045ee:	b7f1                	j	201045ba <__sflush_r+0xfc>

201045f0 <_fflush_r>:
201045f0:	499c                	lw	a5,16(a1)
201045f2:	1141                	addi	sp,sp,-16
201045f4:	c606                	sw	ra,12(sp)
201045f6:	c422                	sw	s0,8(sp)
201045f8:	c226                	sw	s1,4(sp)
201045fa:	eb81                	bnez	a5,2010460a <_fflush_r+0x1a>
201045fc:	4481                	li	s1,0
201045fe:	40b2                	lw	ra,12(sp)
20104600:	4422                	lw	s0,8(sp)
20104602:	8526                	mv	a0,s1
20104604:	4492                	lw	s1,4(sp)
20104606:	0141                	addi	sp,sp,16
20104608:	8082                	ret
2010460a:	84aa                	mv	s1,a0
2010460c:	842e                	mv	s0,a1
2010460e:	c501                	beqz	a0,20104616 <_fflush_r+0x26>
20104610:	4d1c                	lw	a5,24(a0)
20104612:	e391                	bnez	a5,20104616 <_fflush_r+0x26>
20104614:	2a0d                	jal	20104746 <__sinit>
20104616:	00002797          	auipc	a5,0x2
2010461a:	bfa78793          	addi	a5,a5,-1030 # 20106210 <__sf_fake_stdin>
2010461e:	02f41d63          	bne	s0,a5,20104658 <_fflush_r+0x68>
20104622:	40c0                	lw	s0,4(s1)
20104624:	00c41783          	lh	a5,12(s0)
20104628:	dbf1                	beqz	a5,201045fc <_fflush_r+0xc>
2010462a:	5078                	lw	a4,100(s0)
2010462c:	8b05                	andi	a4,a4,1
2010462e:	e711                	bnez	a4,2010463a <_fflush_r+0x4a>
20104630:	2007f793          	andi	a5,a5,512
20104634:	e399                	bnez	a5,2010463a <_fflush_r+0x4a>
20104636:	4c28                	lw	a0,88(s0)
20104638:	2c69                	jal	201048d2 <__retarget_lock_acquire_recursive>
2010463a:	8526                	mv	a0,s1
2010463c:	85a2                	mv	a1,s0
2010463e:	e81ff0ef          	jal	ra,201044be <__sflush_r>
20104642:	507c                	lw	a5,100(s0)
20104644:	84aa                	mv	s1,a0
20104646:	8b85                	andi	a5,a5,1
20104648:	fbdd                	bnez	a5,201045fe <_fflush_r+0xe>
2010464a:	245e                	lhu	a5,12(s0)
2010464c:	2007f793          	andi	a5,a5,512
20104650:	f7dd                	bnez	a5,201045fe <_fflush_r+0xe>
20104652:	4c28                	lw	a0,88(s0)
20104654:	2441                	jal	201048d4 <__retarget_lock_release_recursive>
20104656:	b765                	j	201045fe <_fflush_r+0xe>
20104658:	00002797          	auipc	a5,0x2
2010465c:	b9878793          	addi	a5,a5,-1128 # 201061f0 <__sf_fake_stdout>
20104660:	00f41463          	bne	s0,a5,20104668 <_fflush_r+0x78>
20104664:	4480                	lw	s0,8(s1)
20104666:	bf7d                	j	20104624 <_fflush_r+0x34>
20104668:	00002797          	auipc	a5,0x2
2010466c:	b6878793          	addi	a5,a5,-1176 # 201061d0 <__sf_fake_stderr>
20104670:	faf41ae3          	bne	s0,a5,20104624 <_fflush_r+0x34>
20104674:	44c0                	lw	s0,12(s1)
20104676:	b77d                	j	20104624 <_fflush_r+0x34>

20104678 <std>:
20104678:	1141                	addi	sp,sp,-16
2010467a:	c422                	sw	s0,8(sp)
2010467c:	c606                	sw	ra,12(sp)
2010467e:	842a                	mv	s0,a0
20104680:	a54e                	sh	a1,12(a0)
20104682:	a572                	sh	a2,14(a0)
20104684:	00052023          	sw	zero,0(a0)
20104688:	00052223          	sw	zero,4(a0)
2010468c:	00052423          	sw	zero,8(a0)
20104690:	06052223          	sw	zero,100(a0)
20104694:	00052823          	sw	zero,16(a0)
20104698:	00052a23          	sw	zero,20(a0)
2010469c:	00052c23          	sw	zero,24(a0)
201046a0:	4621                	li	a2,8
201046a2:	4581                	li	a1,0
201046a4:	05c50513          	addi	a0,a0,92
201046a8:	c0dfb0ef          	jal	ra,201002b4 <memset>
201046ac:	00001797          	auipc	a5,0x1
201046b0:	f2a78793          	addi	a5,a5,-214 # 201055d6 <__sread>
201046b4:	d05c                	sw	a5,36(s0)
201046b6:	00001797          	auipc	a5,0x1
201046ba:	f4a78793          	addi	a5,a5,-182 # 20105600 <__swrite>
201046be:	d41c                	sw	a5,40(s0)
201046c0:	00001797          	auipc	a5,0x1
201046c4:	f8678793          	addi	a5,a5,-122 # 20105646 <__sseek>
201046c8:	d45c                	sw	a5,44(s0)
201046ca:	00001797          	auipc	a5,0x1
201046ce:	faa78793          	addi	a5,a5,-86 # 20105674 <__sclose>
201046d2:	40b2                	lw	ra,12(sp)
201046d4:	d000                	sw	s0,32(s0)
201046d6:	d81c                	sw	a5,48(s0)
201046d8:	4422                	lw	s0,8(sp)
201046da:	0141                	addi	sp,sp,16
201046dc:	8082                	ret

201046de <_cleanup_r>:
201046de:	00000597          	auipc	a1,0x0
201046e2:	f1258593          	addi	a1,a1,-238 # 201045f0 <_fflush_r>
201046e6:	a249                	j	20104868 <_fwalk_reent>

201046e8 <__sfmoreglue>:
201046e8:	1141                	addi	sp,sp,-16
201046ea:	c226                	sw	s1,4(sp)
201046ec:	06800793          	li	a5,104
201046f0:	fff58493          	addi	s1,a1,-1
201046f4:	02f484b3          	mul	s1,s1,a5
201046f8:	c04a                	sw	s2,0(sp)
201046fa:	892e                	mv	s2,a1
201046fc:	c422                	sw	s0,8(sp)
201046fe:	c606                	sw	ra,12(sp)
20104700:	07448593          	addi	a1,s1,116
20104704:	2e7d                	jal	20104ac2 <_malloc_r>
20104706:	842a                	mv	s0,a0
20104708:	cd01                	beqz	a0,20104720 <__sfmoreglue+0x38>
2010470a:	00052023          	sw	zero,0(a0)
2010470e:	01252223          	sw	s2,4(a0)
20104712:	0531                	addi	a0,a0,12
20104714:	c408                	sw	a0,8(s0)
20104716:	06848613          	addi	a2,s1,104
2010471a:	4581                	li	a1,0
2010471c:	b99fb0ef          	jal	ra,201002b4 <memset>
20104720:	40b2                	lw	ra,12(sp)
20104722:	8522                	mv	a0,s0
20104724:	4422                	lw	s0,8(sp)
20104726:	4492                	lw	s1,4(sp)
20104728:	4902                	lw	s2,0(sp)
2010472a:	0141                	addi	sp,sp,16
2010472c:	8082                	ret

2010472e <__sfp_lock_acquire>:
2010472e:	97818513          	addi	a0,gp,-1672 # 20110358 <__lock___sfp_recursive_mutex>
20104732:	a245                	j	201048d2 <__retarget_lock_acquire_recursive>

20104734 <__sfp_lock_release>:
20104734:	97818513          	addi	a0,gp,-1672 # 20110358 <__lock___sfp_recursive_mutex>
20104738:	aa71                	j	201048d4 <__retarget_lock_release_recursive>

2010473a <__sinit_lock_acquire>:
2010473a:	97c18513          	addi	a0,gp,-1668 # 2011035c <__lock___sinit_recursive_mutex>
2010473e:	aa51                	j	201048d2 <__retarget_lock_acquire_recursive>

20104740 <__sinit_lock_release>:
20104740:	97c18513          	addi	a0,gp,-1668 # 2011035c <__lock___sinit_recursive_mutex>
20104744:	aa41                	j	201048d4 <__retarget_lock_release_recursive>

20104746 <__sinit>:
20104746:	1141                	addi	sp,sp,-16
20104748:	c422                	sw	s0,8(sp)
2010474a:	c606                	sw	ra,12(sp)
2010474c:	842a                	mv	s0,a0
2010474e:	fedff0ef          	jal	ra,2010473a <__sinit_lock_acquire>
20104752:	4c1c                	lw	a5,24(s0)
20104754:	c791                	beqz	a5,20104760 <__sinit+0x1a>
20104756:	4422                	lw	s0,8(sp)
20104758:	40b2                	lw	ra,12(sp)
2010475a:	0141                	addi	sp,sp,16
2010475c:	fe5ff06f          	j	20104740 <__sinit_lock_release>
20104760:	00000797          	auipc	a5,0x0
20104764:	f7e78793          	addi	a5,a5,-130 # 201046de <_cleanup_r>
20104768:	d41c                	sw	a5,40(s0)
2010476a:	04042423          	sw	zero,72(s0)
2010476e:	04042623          	sw	zero,76(s0)
20104772:	04042823          	sw	zero,80(s0)
20104776:	9541a783          	lw	a5,-1708(gp) # 20110334 <_global_impure_ptr>
2010477a:	00879463          	bne	a5,s0,20104782 <__sinit+0x3c>
2010477e:	4785                	li	a5,1
20104780:	cc1c                	sw	a5,24(s0)
20104782:	8522                	mv	a0,s0
20104784:	2815                	jal	201047b8 <__sfp>
20104786:	c048                	sw	a0,4(s0)
20104788:	8522                	mv	a0,s0
2010478a:	203d                	jal	201047b8 <__sfp>
2010478c:	c408                	sw	a0,8(s0)
2010478e:	8522                	mv	a0,s0
20104790:	2025                	jal	201047b8 <__sfp>
20104792:	c448                	sw	a0,12(s0)
20104794:	4048                	lw	a0,4(s0)
20104796:	4601                	li	a2,0
20104798:	4591                	li	a1,4
2010479a:	edfff0ef          	jal	ra,20104678 <std>
2010479e:	4408                	lw	a0,8(s0)
201047a0:	4605                	li	a2,1
201047a2:	45a5                	li	a1,9
201047a4:	ed5ff0ef          	jal	ra,20104678 <std>
201047a8:	4448                	lw	a0,12(s0)
201047aa:	4609                	li	a2,2
201047ac:	45c9                	li	a1,18
201047ae:	ecbff0ef          	jal	ra,20104678 <std>
201047b2:	4785                	li	a5,1
201047b4:	cc1c                	sw	a5,24(s0)
201047b6:	b745                	j	20104756 <__sinit+0x10>

201047b8 <__sfp>:
201047b8:	1141                	addi	sp,sp,-16
201047ba:	c226                	sw	s1,4(sp)
201047bc:	c04a                	sw	s2,0(sp)
201047be:	c606                	sw	ra,12(sp)
201047c0:	c422                	sw	s0,8(sp)
201047c2:	892a                	mv	s2,a0
201047c4:	f6bff0ef          	jal	ra,2010472e <__sfp_lock_acquire>
201047c8:	9541a483          	lw	s1,-1708(gp) # 20110334 <_global_impure_ptr>
201047cc:	4c9c                	lw	a5,24(s1)
201047ce:	e781                	bnez	a5,201047d6 <__sfp+0x1e>
201047d0:	8526                	mv	a0,s1
201047d2:	f75ff0ef          	jal	ra,20104746 <__sinit>
201047d6:	04848493          	addi	s1,s1,72
201047da:	4480                	lw	s0,8(s1)
201047dc:	40dc                	lw	a5,4(s1)
201047de:	17fd                	addi	a5,a5,-1
201047e0:	0007d663          	bgez	a5,201047ec <__sfp+0x34>
201047e4:	409c                	lw	a5,0(s1)
201047e6:	c7a5                	beqz	a5,2010484e <__sfp+0x96>
201047e8:	4084                	lw	s1,0(s1)
201047ea:	bfc5                	j	201047da <__sfp+0x22>
201047ec:	00c41703          	lh	a4,12(s0)
201047f0:	ef21                	bnez	a4,20104848 <__sfp+0x90>
201047f2:	77c1                	lui	a5,0xffff0
201047f4:	0785                	addi	a5,a5,1 # ffff0001 <_eusrstack+0xdfe70001>
201047f6:	c45c                	sw	a5,12(s0)
201047f8:	05840513          	addi	a0,s0,88
201047fc:	06042223          	sw	zero,100(s0)
20104800:	28c1                	jal	201048d0 <__retarget_lock_init_recursive>
20104802:	f33ff0ef          	jal	ra,20104734 <__sfp_lock_release>
20104806:	4621                	li	a2,8
20104808:	00042023          	sw	zero,0(s0)
2010480c:	00042423          	sw	zero,8(s0)
20104810:	00042223          	sw	zero,4(s0)
20104814:	00042823          	sw	zero,16(s0)
20104818:	00042a23          	sw	zero,20(s0)
2010481c:	00042c23          	sw	zero,24(s0)
20104820:	4581                	li	a1,0
20104822:	05c40513          	addi	a0,s0,92
20104826:	a8ffb0ef          	jal	ra,201002b4 <memset>
2010482a:	02042a23          	sw	zero,52(s0)
2010482e:	02042c23          	sw	zero,56(s0)
20104832:	04042423          	sw	zero,72(s0)
20104836:	04042623          	sw	zero,76(s0)
2010483a:	40b2                	lw	ra,12(sp)
2010483c:	8522                	mv	a0,s0
2010483e:	4422                	lw	s0,8(sp)
20104840:	4492                	lw	s1,4(sp)
20104842:	4902                	lw	s2,0(sp)
20104844:	0141                	addi	sp,sp,16
20104846:	8082                	ret
20104848:	06840413          	addi	s0,s0,104
2010484c:	bf49                	j	201047de <__sfp+0x26>
2010484e:	4591                	li	a1,4
20104850:	854a                	mv	a0,s2
20104852:	e97ff0ef          	jal	ra,201046e8 <__sfmoreglue>
20104856:	c088                	sw	a0,0(s1)
20104858:	842a                	mv	s0,a0
2010485a:	f559                	bnez	a0,201047e8 <__sfp+0x30>
2010485c:	ed9ff0ef          	jal	ra,20104734 <__sfp_lock_release>
20104860:	47b1                	li	a5,12
20104862:	00f92023          	sw	a5,0(s2)
20104866:	bfd1                	j	2010483a <__sfp+0x82>

20104868 <_fwalk_reent>:
20104868:	7179                	addi	sp,sp,-48
2010486a:	d422                	sw	s0,40(sp)
2010486c:	d04a                	sw	s2,32(sp)
2010486e:	ce4e                	sw	s3,28(sp)
20104870:	cc52                	sw	s4,24(sp)
20104872:	c85a                	sw	s6,16(sp)
20104874:	c65e                	sw	s7,12(sp)
20104876:	d606                	sw	ra,44(sp)
20104878:	d226                	sw	s1,36(sp)
2010487a:	ca56                	sw	s5,20(sp)
2010487c:	892a                	mv	s2,a0
2010487e:	8a2e                	mv	s4,a1
20104880:	04850413          	addi	s0,a0,72
20104884:	4981                	li	s3,0
20104886:	4b05                	li	s6,1
20104888:	5bfd                	li	s7,-1
2010488a:	4404                	lw	s1,8(s0)
2010488c:	00442a83          	lw	s5,4(s0)
20104890:	1afd                	addi	s5,s5,-1
20104892:	020ad063          	bgez	s5,201048b2 <_fwalk_reent+0x4a>
20104896:	4000                	lw	s0,0(s0)
20104898:	f86d                	bnez	s0,2010488a <_fwalk_reent+0x22>
2010489a:	50b2                	lw	ra,44(sp)
2010489c:	5422                	lw	s0,40(sp)
2010489e:	5492                	lw	s1,36(sp)
201048a0:	5902                	lw	s2,32(sp)
201048a2:	4a62                	lw	s4,24(sp)
201048a4:	4ad2                	lw	s5,20(sp)
201048a6:	4b42                	lw	s6,16(sp)
201048a8:	4bb2                	lw	s7,12(sp)
201048aa:	854e                	mv	a0,s3
201048ac:	49f2                	lw	s3,28(sp)
201048ae:	6145                	addi	sp,sp,48
201048b0:	8082                	ret
201048b2:	24de                	lhu	a5,12(s1)
201048b4:	00fb7b63          	bgeu	s6,a5,201048ca <_fwalk_reent+0x62>
201048b8:	00e49783          	lh	a5,14(s1)
201048bc:	01778763          	beq	a5,s7,201048ca <_fwalk_reent+0x62>
201048c0:	85a6                	mv	a1,s1
201048c2:	854a                	mv	a0,s2
201048c4:	9a02                	jalr	s4
201048c6:	00a9e9b3          	or	s3,s3,a0
201048ca:	06848493          	addi	s1,s1,104
201048ce:	b7c9                	j	20104890 <_fwalk_reent+0x28>

201048d0 <__retarget_lock_init_recursive>:
201048d0:	8082                	ret

201048d2 <__retarget_lock_acquire_recursive>:
201048d2:	8082                	ret

201048d4 <__retarget_lock_release_recursive>:
201048d4:	8082                	ret

201048d6 <__swhatbuf_r>:
201048d6:	7159                	addi	sp,sp,-112
201048d8:	d4a2                	sw	s0,104(sp)
201048da:	842e                	mv	s0,a1
201048dc:	00e59583          	lh	a1,14(a1)
201048e0:	d2a6                	sw	s1,100(sp)
201048e2:	d0ca                	sw	s2,96(sp)
201048e4:	d686                	sw	ra,108(sp)
201048e6:	84b2                	mv	s1,a2
201048e8:	8936                	mv	s2,a3
201048ea:	0205d263          	bgez	a1,2010490e <__swhatbuf_r+0x38>
201048ee:	245e                	lhu	a5,12(s0)
201048f0:	0807f793          	andi	a5,a5,128
201048f4:	eb95                	bnez	a5,20104928 <__swhatbuf_r+0x52>
201048f6:	40000713          	li	a4,1024
201048fa:	50b6                	lw	ra,108(sp)
201048fc:	5426                	lw	s0,104(sp)
201048fe:	00f92023          	sw	a5,0(s2)
20104902:	c098                	sw	a4,0(s1)
20104904:	5906                	lw	s2,96(sp)
20104906:	5496                	lw	s1,100(sp)
20104908:	4501                	li	a0,0
2010490a:	6165                	addi	sp,sp,112
2010490c:	8082                	ret
2010490e:	0030                	addi	a2,sp,8
20104910:	5bd000ef          	jal	ra,201056cc <_fstat_r>
20104914:	fc054de3          	bltz	a0,201048ee <__swhatbuf_r+0x18>
20104918:	4732                	lw	a4,12(sp)
2010491a:	67bd                	lui	a5,0xf
2010491c:	8ff9                	and	a5,a5,a4
2010491e:	7779                	lui	a4,0xffffe
20104920:	97ba                	add	a5,a5,a4
20104922:	0017b793          	seqz	a5,a5
20104926:	bfc1                	j	201048f6 <__swhatbuf_r+0x20>
20104928:	4781                	li	a5,0
2010492a:	04000713          	li	a4,64
2010492e:	b7f1                	j	201048fa <__swhatbuf_r+0x24>

20104930 <__smakebuf_r>:
20104930:	25de                	lhu	a5,12(a1)
20104932:	7179                	addi	sp,sp,-48
20104934:	d422                	sw	s0,40(sp)
20104936:	d606                	sw	ra,44(sp)
20104938:	d226                	sw	s1,36(sp)
2010493a:	d04a                	sw	s2,32(sp)
2010493c:	ce4e                	sw	s3,28(sp)
2010493e:	8b89                	andi	a5,a5,2
20104940:	842e                	mv	s0,a1
20104942:	cf91                	beqz	a5,2010495e <__smakebuf_r+0x2e>
20104944:	04740793          	addi	a5,s0,71
20104948:	c01c                	sw	a5,0(s0)
2010494a:	c81c                	sw	a5,16(s0)
2010494c:	4785                	li	a5,1
2010494e:	c85c                	sw	a5,20(s0)
20104950:	50b2                	lw	ra,44(sp)
20104952:	5422                	lw	s0,40(sp)
20104954:	5492                	lw	s1,36(sp)
20104956:	5902                	lw	s2,32(sp)
20104958:	49f2                	lw	s3,28(sp)
2010495a:	6145                	addi	sp,sp,48
2010495c:	8082                	ret
2010495e:	0074                	addi	a3,sp,12
20104960:	0030                	addi	a2,sp,8
20104962:	84aa                	mv	s1,a0
20104964:	f73ff0ef          	jal	ra,201048d6 <__swhatbuf_r>
20104968:	49a2                	lw	s3,8(sp)
2010496a:	892a                	mv	s2,a0
2010496c:	8526                	mv	a0,s1
2010496e:	85ce                	mv	a1,s3
20104970:	2a89                	jal	20104ac2 <_malloc_r>
20104972:	e919                	bnez	a0,20104988 <__smakebuf_r+0x58>
20104974:	00c41783          	lh	a5,12(s0)
20104978:	2007f713          	andi	a4,a5,512
2010497c:	fb71                	bnez	a4,20104950 <__smakebuf_r+0x20>
2010497e:	9bf1                	andi	a5,a5,-4
20104980:	0027e793          	ori	a5,a5,2
20104984:	a45e                	sh	a5,12(s0)
20104986:	bf7d                	j	20104944 <__smakebuf_r+0x14>
20104988:	00000797          	auipc	a5,0x0
2010498c:	d5678793          	addi	a5,a5,-682 # 201046de <_cleanup_r>
20104990:	d49c                	sw	a5,40(s1)
20104992:	245e                	lhu	a5,12(s0)
20104994:	c008                	sw	a0,0(s0)
20104996:	c808                	sw	a0,16(s0)
20104998:	0807e793          	ori	a5,a5,128
2010499c:	a45e                	sh	a5,12(s0)
2010499e:	47b2                	lw	a5,12(sp)
201049a0:	01342a23          	sw	s3,20(s0)
201049a4:	cf81                	beqz	a5,201049bc <__smakebuf_r+0x8c>
201049a6:	00e41583          	lh	a1,14(s0)
201049aa:	8526                	mv	a0,s1
201049ac:	549000ef          	jal	ra,201056f4 <_isatty_r>
201049b0:	c511                	beqz	a0,201049bc <__smakebuf_r+0x8c>
201049b2:	245e                	lhu	a5,12(s0)
201049b4:	9bf1                	andi	a5,a5,-4
201049b6:	0017e793          	ori	a5,a5,1
201049ba:	a45e                	sh	a5,12(s0)
201049bc:	245e                	lhu	a5,12(s0)
201049be:	0127e533          	or	a0,a5,s2
201049c2:	a44a                	sh	a0,12(s0)
201049c4:	b771                	j	20104950 <__smakebuf_r+0x20>

201049c6 <_free_r>:
201049c6:	c1c5                	beqz	a1,20104a66 <_free_r+0xa0>
201049c8:	ffc5a783          	lw	a5,-4(a1)
201049cc:	1101                	addi	sp,sp,-32
201049ce:	cc22                	sw	s0,24(sp)
201049d0:	ce06                	sw	ra,28(sp)
201049d2:	ffc58413          	addi	s0,a1,-4
201049d6:	0007d363          	bgez	a5,201049dc <_free_r+0x16>
201049da:	943e                	add	s0,s0,a5
201049dc:	c62a                	sw	a0,12(sp)
201049de:	57f000ef          	jal	ra,2010575c <__malloc_lock>
201049e2:	98418713          	addi	a4,gp,-1660 # 20110364 <__malloc_free_list>
201049e6:	431c                	lw	a5,0(a4)
201049e8:	4532                	lw	a0,12(sp)
201049ea:	eb89                	bnez	a5,201049fc <_free_r+0x36>
201049ec:	00042223          	sw	zero,4(s0)
201049f0:	c300                	sw	s0,0(a4)
201049f2:	4462                	lw	s0,24(sp)
201049f4:	40f2                	lw	ra,28(sp)
201049f6:	6105                	addi	sp,sp,32
201049f8:	56d0006f          	j	20105764 <__malloc_unlock>
201049fc:	00f47d63          	bgeu	s0,a5,20104a16 <_free_r+0x50>
20104a00:	4010                	lw	a2,0(s0)
20104a02:	00c406b3          	add	a3,s0,a2
20104a06:	00d79663          	bne	a5,a3,20104a12 <_free_r+0x4c>
20104a0a:	4394                	lw	a3,0(a5)
20104a0c:	43dc                	lw	a5,4(a5)
20104a0e:	96b2                	add	a3,a3,a2
20104a10:	c014                	sw	a3,0(s0)
20104a12:	c05c                	sw	a5,4(s0)
20104a14:	bff1                	j	201049f0 <_free_r+0x2a>
20104a16:	873e                	mv	a4,a5
20104a18:	43dc                	lw	a5,4(a5)
20104a1a:	c399                	beqz	a5,20104a20 <_free_r+0x5a>
20104a1c:	fef47de3          	bgeu	s0,a5,20104a16 <_free_r+0x50>
20104a20:	4314                	lw	a3,0(a4)
20104a22:	00d70633          	add	a2,a4,a3
20104a26:	00861f63          	bne	a2,s0,20104a44 <_free_r+0x7e>
20104a2a:	4010                	lw	a2,0(s0)
20104a2c:	96b2                	add	a3,a3,a2
20104a2e:	c314                	sw	a3,0(a4)
20104a30:	00d70633          	add	a2,a4,a3
20104a34:	fac79fe3          	bne	a5,a2,201049f2 <_free_r+0x2c>
20104a38:	4390                	lw	a2,0(a5)
20104a3a:	43dc                	lw	a5,4(a5)
20104a3c:	96b2                	add	a3,a3,a2
20104a3e:	c314                	sw	a3,0(a4)
20104a40:	c35c                	sw	a5,4(a4)
20104a42:	bf45                	j	201049f2 <_free_r+0x2c>
20104a44:	00c47563          	bgeu	s0,a2,20104a4e <_free_r+0x88>
20104a48:	47b1                	li	a5,12
20104a4a:	c11c                	sw	a5,0(a0)
20104a4c:	b75d                	j	201049f2 <_free_r+0x2c>
20104a4e:	4010                	lw	a2,0(s0)
20104a50:	00c406b3          	add	a3,s0,a2
20104a54:	00d79663          	bne	a5,a3,20104a60 <_free_r+0x9a>
20104a58:	4394                	lw	a3,0(a5)
20104a5a:	43dc                	lw	a5,4(a5)
20104a5c:	96b2                	add	a3,a3,a2
20104a5e:	c014                	sw	a3,0(s0)
20104a60:	c05c                	sw	a5,4(s0)
20104a62:	c340                	sw	s0,4(a4)
20104a64:	b779                	j	201049f2 <_free_r+0x2c>
20104a66:	8082                	ret

20104a68 <sbrk_aligned>:
20104a68:	1141                	addi	sp,sp,-16
20104a6a:	c04a                	sw	s2,0(sp)
20104a6c:	98018913          	addi	s2,gp,-1664 # 20110360 <__malloc_sbrk_start>
20104a70:	00092783          	lw	a5,0(s2)
20104a74:	c422                	sw	s0,8(sp)
20104a76:	c226                	sw	s1,4(sp)
20104a78:	c606                	sw	ra,12(sp)
20104a7a:	84aa                	mv	s1,a0
20104a7c:	842e                	mv	s0,a1
20104a7e:	e791                	bnez	a5,20104a8a <sbrk_aligned+0x22>
20104a80:	4581                	li	a1,0
20104a82:	32d000ef          	jal	ra,201055ae <_sbrk_r>
20104a86:	00a92023          	sw	a0,0(s2)
20104a8a:	85a2                	mv	a1,s0
20104a8c:	8526                	mv	a0,s1
20104a8e:	321000ef          	jal	ra,201055ae <_sbrk_r>
20104a92:	597d                	li	s2,-1
20104a94:	01251a63          	bne	a0,s2,20104aa8 <sbrk_aligned+0x40>
20104a98:	547d                	li	s0,-1
20104a9a:	40b2                	lw	ra,12(sp)
20104a9c:	8522                	mv	a0,s0
20104a9e:	4422                	lw	s0,8(sp)
20104aa0:	4492                	lw	s1,4(sp)
20104aa2:	4902                	lw	s2,0(sp)
20104aa4:	0141                	addi	sp,sp,16
20104aa6:	8082                	ret
20104aa8:	00350413          	addi	s0,a0,3
20104aac:	9871                	andi	s0,s0,-4
20104aae:	fe8506e3          	beq	a0,s0,20104a9a <sbrk_aligned+0x32>
20104ab2:	40a405b3          	sub	a1,s0,a0
20104ab6:	8526                	mv	a0,s1
20104ab8:	2f7000ef          	jal	ra,201055ae <_sbrk_r>
20104abc:	fd251fe3          	bne	a0,s2,20104a9a <sbrk_aligned+0x32>
20104ac0:	bfe1                	j	20104a98 <sbrk_aligned+0x30>

20104ac2 <_malloc_r>:
20104ac2:	1101                	addi	sp,sp,-32
20104ac4:	ca26                	sw	s1,20(sp)
20104ac6:	00358493          	addi	s1,a1,3
20104aca:	98f1                	andi	s1,s1,-4
20104acc:	c84a                	sw	s2,16(sp)
20104ace:	04a1                	addi	s1,s1,8
20104ad0:	47b1                	li	a5,12
20104ad2:	ce06                	sw	ra,28(sp)
20104ad4:	cc22                	sw	s0,24(sp)
20104ad6:	c64e                	sw	s3,12(sp)
20104ad8:	892a                	mv	s2,a0
20104ada:	0af4f4b3          	maxu	s1,s1,a5
20104ade:	0004c463          	bltz	s1,20104ae6 <_malloc_r+0x24>
20104ae2:	00b4fd63          	bgeu	s1,a1,20104afc <_malloc_r+0x3a>
20104ae6:	47b1                	li	a5,12
20104ae8:	00f92023          	sw	a5,0(s2)
20104aec:	4501                	li	a0,0
20104aee:	40f2                	lw	ra,28(sp)
20104af0:	4462                	lw	s0,24(sp)
20104af2:	44d2                	lw	s1,20(sp)
20104af4:	4942                	lw	s2,16(sp)
20104af6:	49b2                	lw	s3,12(sp)
20104af8:	6105                	addi	sp,sp,32
20104afa:	8082                	ret
20104afc:	461000ef          	jal	ra,2010575c <__malloc_lock>
20104b00:	98418993          	addi	s3,gp,-1660 # 20110364 <__malloc_free_list>
20104b04:	0009a783          	lw	a5,0(s3)
20104b08:	843e                	mv	s0,a5
20104b0a:	e829                	bnez	s0,20104b5c <_malloc_r+0x9a>
20104b0c:	85a6                	mv	a1,s1
20104b0e:	854a                	mv	a0,s2
20104b10:	f59ff0ef          	jal	ra,20104a68 <sbrk_aligned>
20104b14:	57fd                	li	a5,-1
20104b16:	842a                	mv	s0,a0
20104b18:	0af51a63          	bne	a0,a5,20104bcc <_malloc_r+0x10a>
20104b1c:	0009a403          	lw	s0,0(s3)
20104b20:	87a2                	mv	a5,s0
20104b22:	ebd9                	bnez	a5,20104bb8 <_malloc_r+0xf6>
20104b24:	00042983          	lw	s3,0(s0)
20104b28:	4581                	li	a1,0
20104b2a:	854a                	mv	a0,s2
20104b2c:	99a2                	add	s3,s3,s0
20104b2e:	281000ef          	jal	ra,201055ae <_sbrk_r>
20104b32:	08a99663          	bne	s3,a0,20104bbe <_malloc_r+0xfc>
20104b36:	401c                	lw	a5,0(s0)
20104b38:	048d                	addi	s1,s1,3
20104b3a:	854a                	mv	a0,s2
20104b3c:	8c9d                	sub	s1,s1,a5
20104b3e:	98f1                	andi	s1,s1,-4
20104b40:	47b1                	li	a5,12
20104b42:	04a1                	addi	s1,s1,8
20104b44:	0af4f4b3          	maxu	s1,s1,a5
20104b48:	85a6                	mv	a1,s1
20104b4a:	f1fff0ef          	jal	ra,20104a68 <sbrk_aligned>
20104b4e:	57fd                	li	a5,-1
20104b50:	06f50763          	beq	a0,a5,20104bbe <_malloc_r+0xfc>
20104b54:	401c                	lw	a5,0(s0)
20104b56:	97a6                	add	a5,a5,s1
20104b58:	c01c                	sw	a5,0(s0)
20104b5a:	a015                	j	20104b7e <_malloc_r+0xbc>
20104b5c:	4014                	lw	a3,0(s0)
20104b5e:	8e85                	sub	a3,a3,s1
20104b60:	0406c963          	bltz	a3,20104bb2 <_malloc_r+0xf0>
20104b64:	472d                	li	a4,11
20104b66:	02d77e63          	bgeu	a4,a3,20104ba2 <_malloc_r+0xe0>
20104b6a:	c004                	sw	s1,0(s0)
20104b6c:	00940733          	add	a4,s0,s1
20104b70:	02879763          	bne	a5,s0,20104b9e <_malloc_r+0xdc>
20104b74:	00e9a023          	sw	a4,0(s3)
20104b78:	405c                	lw	a5,4(s0)
20104b7a:	c314                	sw	a3,0(a4)
20104b7c:	c35c                	sw	a5,4(a4)
20104b7e:	854a                	mv	a0,s2
20104b80:	3e5000ef          	jal	ra,20105764 <__malloc_unlock>
20104b84:	00b40513          	addi	a0,s0,11
20104b88:	00440793          	addi	a5,s0,4
20104b8c:	9961                	andi	a0,a0,-8
20104b8e:	40f50733          	sub	a4,a0,a5
20104b92:	f4f50ee3          	beq	a0,a5,20104aee <_malloc_r+0x2c>
20104b96:	943a                	add	s0,s0,a4
20104b98:	8f89                	sub	a5,a5,a0
20104b9a:	c01c                	sw	a5,0(s0)
20104b9c:	bf89                	j	20104aee <_malloc_r+0x2c>
20104b9e:	c3d8                	sw	a4,4(a5)
20104ba0:	bfe1                	j	20104b78 <_malloc_r+0xb6>
20104ba2:	4058                	lw	a4,4(s0)
20104ba4:	00879563          	bne	a5,s0,20104bae <_malloc_r+0xec>
20104ba8:	00e9a023          	sw	a4,0(s3)
20104bac:	bfc9                	j	20104b7e <_malloc_r+0xbc>
20104bae:	c3d8                	sw	a4,4(a5)
20104bb0:	b7f9                	j	20104b7e <_malloc_r+0xbc>
20104bb2:	87a2                	mv	a5,s0
20104bb4:	4040                	lw	s0,4(s0)
20104bb6:	bf91                	j	20104b0a <_malloc_r+0x48>
20104bb8:	843e                	mv	s0,a5
20104bba:	43dc                	lw	a5,4(a5)
20104bbc:	b79d                	j	20104b22 <_malloc_r+0x60>
20104bbe:	47b1                	li	a5,12
20104bc0:	00f92023          	sw	a5,0(s2)
20104bc4:	854a                	mv	a0,s2
20104bc6:	39f000ef          	jal	ra,20105764 <__malloc_unlock>
20104bca:	b70d                	j	20104aec <_malloc_r+0x2a>
20104bcc:	c104                	sw	s1,0(a0)
20104bce:	bf45                	j	20104b7e <_malloc_r+0xbc>

20104bd0 <__ssputs_r>:
20104bd0:	1101                	addi	sp,sp,-32
20104bd2:	c84a                	sw	s2,16(sp)
20104bd4:	0085a903          	lw	s2,8(a1)
20104bd8:	cc22                	sw	s0,24(sp)
20104bda:	c64e                	sw	s3,12(sp)
20104bdc:	c452                	sw	s4,8(sp)
20104bde:	c256                	sw	s5,4(sp)
20104be0:	ce06                	sw	ra,28(sp)
20104be2:	ca26                	sw	s1,20(sp)
20104be4:	c05a                	sw	s6,0(sp)
20104be6:	0005aa03          	lw	s4,0(a1)
20104bea:	842e                	mv	s0,a1
20104bec:	8ab2                	mv	s5,a2
20104bee:	89b6                	mv	s3,a3
20104bf0:	0726e563          	bltu	a3,s2,20104c5a <__ssputs_r+0x8a>
20104bf4:	00c59783          	lh	a5,12(a1)
20104bf8:	4807f713          	andi	a4,a5,1152
20104bfc:	cf29                	beqz	a4,20104c56 <__ssputs_r+0x86>
20104bfe:	4858                	lw	a4,20(s0)
20104c00:	448d                	li	s1,3
20104c02:	498c                	lw	a1,16(a1)
20104c04:	02e484b3          	mul	s1,s1,a4
20104c08:	4709                	li	a4,2
20104c0a:	40ba0a33          	sub	s4,s4,a1
20104c0e:	4007f793          	andi	a5,a5,1024
20104c12:	8b2a                	mv	s6,a0
20104c14:	02e4c4b3          	div	s1,s1,a4
20104c18:	00168713          	addi	a4,a3,1
20104c1c:	9752                	add	a4,a4,s4
20104c1e:	0ae4f4b3          	maxu	s1,s1,a4
20104c22:	c7a5                	beqz	a5,20104c8a <__ssputs_r+0xba>
20104c24:	85a6                	mv	a1,s1
20104c26:	e9dff0ef          	jal	ra,20104ac2 <_malloc_r>
20104c2a:	892a                	mv	s2,a0
20104c2c:	c925                	beqz	a0,20104c9c <__ssputs_r+0xcc>
20104c2e:	480c                	lw	a1,16(s0)
20104c30:	8652                	mv	a2,s4
20104c32:	e92fb0ef          	jal	ra,201002c4 <memcpy>
20104c36:	245e                	lhu	a5,12(s0)
20104c38:	b7f7f793          	andi	a5,a5,-1153
20104c3c:	0807e793          	ori	a5,a5,128
20104c40:	a45e                	sh	a5,12(s0)
20104c42:	01242823          	sw	s2,16(s0)
20104c46:	c844                	sw	s1,20(s0)
20104c48:	9952                	add	s2,s2,s4
20104c4a:	414484b3          	sub	s1,s1,s4
20104c4e:	01242023          	sw	s2,0(s0)
20104c52:	c404                	sw	s1,8(s0)
20104c54:	894e                	mv	s2,s3
20104c56:	0129f363          	bgeu	s3,s2,20104c5c <__ssputs_r+0x8c>
20104c5a:	894e                	mv	s2,s3
20104c5c:	4008                	lw	a0,0(s0)
20104c5e:	864a                	mv	a2,s2
20104c60:	85d6                	mv	a1,s5
20104c62:	e78fb0ef          	jal	ra,201002da <memmove>
20104c66:	441c                	lw	a5,8(s0)
20104c68:	4501                	li	a0,0
20104c6a:	412787b3          	sub	a5,a5,s2
20104c6e:	c41c                	sw	a5,8(s0)
20104c70:	401c                	lw	a5,0(s0)
20104c72:	97ca                	add	a5,a5,s2
20104c74:	c01c                	sw	a5,0(s0)
20104c76:	40f2                	lw	ra,28(sp)
20104c78:	4462                	lw	s0,24(sp)
20104c7a:	44d2                	lw	s1,20(sp)
20104c7c:	4942                	lw	s2,16(sp)
20104c7e:	49b2                	lw	s3,12(sp)
20104c80:	4a22                	lw	s4,8(sp)
20104c82:	4a92                	lw	s5,4(sp)
20104c84:	4b02                	lw	s6,0(sp)
20104c86:	6105                	addi	sp,sp,32
20104c88:	8082                	ret
20104c8a:	8626                	mv	a2,s1
20104c8c:	2e1000ef          	jal	ra,2010576c <_realloc_r>
20104c90:	892a                	mv	s2,a0
20104c92:	f945                	bnez	a0,20104c42 <__ssputs_r+0x72>
20104c94:	480c                	lw	a1,16(s0)
20104c96:	855a                	mv	a0,s6
20104c98:	d2fff0ef          	jal	ra,201049c6 <_free_r>
20104c9c:	47b1                	li	a5,12
20104c9e:	00fb2023          	sw	a5,0(s6)
20104ca2:	245e                	lhu	a5,12(s0)
20104ca4:	557d                	li	a0,-1
20104ca6:	0407e793          	ori	a5,a5,64
20104caa:	a45e                	sh	a5,12(s0)
20104cac:	b7e9                	j	20104c76 <__ssputs_r+0xa6>

20104cae <_svfiprintf_r>:
20104cae:	25de                	lhu	a5,12(a1)
20104cb0:	7135                	addi	sp,sp,-160
20104cb2:	cd22                	sw	s0,152(sp)
20104cb4:	cb26                	sw	s1,148(sp)
20104cb6:	c94a                	sw	s2,144(sp)
20104cb8:	c552                	sw	s4,136(sp)
20104cba:	cf06                	sw	ra,156(sp)
20104cbc:	c74e                	sw	s3,140(sp)
20104cbe:	c356                	sw	s5,132(sp)
20104cc0:	c15a                	sw	s6,128(sp)
20104cc2:	dede                	sw	s7,124(sp)
20104cc4:	dce2                	sw	s8,120(sp)
20104cc6:	0807f793          	andi	a5,a5,128
20104cca:	8a2a                	mv	s4,a0
20104ccc:	892e                	mv	s2,a1
20104cce:	84b2                	mv	s1,a2
20104cd0:	8436                	mv	s0,a3
20104cd2:	c3a1                	beqz	a5,20104d12 <_svfiprintf_r+0x64>
20104cd4:	499c                	lw	a5,16(a1)
20104cd6:	ef95                	bnez	a5,20104d12 <_svfiprintf_r+0x64>
20104cd8:	04000593          	li	a1,64
20104cdc:	de7ff0ef          	jal	ra,20104ac2 <_malloc_r>
20104ce0:	00a92023          	sw	a0,0(s2)
20104ce4:	00a92823          	sw	a0,16(s2)
20104ce8:	e10d                	bnez	a0,20104d0a <_svfiprintf_r+0x5c>
20104cea:	47b1                	li	a5,12
20104cec:	00fa2023          	sw	a5,0(s4)
20104cf0:	557d                	li	a0,-1
20104cf2:	40fa                	lw	ra,156(sp)
20104cf4:	446a                	lw	s0,152(sp)
20104cf6:	44da                	lw	s1,148(sp)
20104cf8:	494a                	lw	s2,144(sp)
20104cfa:	49ba                	lw	s3,140(sp)
20104cfc:	4a2a                	lw	s4,136(sp)
20104cfe:	4a9a                	lw	s5,132(sp)
20104d00:	4b0a                	lw	s6,128(sp)
20104d02:	5bf6                	lw	s7,124(sp)
20104d04:	5c66                	lw	s8,120(sp)
20104d06:	610d                	addi	sp,sp,160
20104d08:	8082                	ret
20104d0a:	04000793          	li	a5,64
20104d0e:	00f92a23          	sw	a5,20(s2)
20104d12:	02000793          	li	a5,32
20104d16:	02f104a3          	sb	a5,41(sp)
20104d1a:	03000793          	li	a5,48
20104d1e:	d202                	sw	zero,36(sp)
20104d20:	02f10523          	sb	a5,42(sp)
20104d24:	c622                	sw	s0,12(sp)
20104d26:	02500b93          	li	s7,37
20104d2a:	00001a97          	auipc	s5,0x1
20104d2e:	506a8a93          	addi	s5,s5,1286 # 20106230 <__sf_fake_stdin+0x20>
20104d32:	4b29                	li	s6,10
20104d34:	8426                	mv	s0,s1
20104d36:	201c                	lbu	a5,0(s0)
20104d38:	c399                	beqz	a5,20104d3e <_svfiprintf_r+0x90>
20104d3a:	09779963          	bne	a5,s7,20104dcc <_svfiprintf_r+0x11e>
20104d3e:	40940c33          	sub	s8,s0,s1
20104d42:	00940e63          	beq	s0,s1,20104d5e <_svfiprintf_r+0xb0>
20104d46:	86e2                	mv	a3,s8
20104d48:	8626                	mv	a2,s1
20104d4a:	85ca                	mv	a1,s2
20104d4c:	8552                	mv	a0,s4
20104d4e:	e83ff0ef          	jal	ra,20104bd0 <__ssputs_r>
20104d52:	57fd                	li	a5,-1
20104d54:	18f50763          	beq	a0,a5,20104ee2 <_svfiprintf_r+0x234>
20104d58:	5792                	lw	a5,36(sp)
20104d5a:	97e2                	add	a5,a5,s8
20104d5c:	d23e                	sw	a5,36(sp)
20104d5e:	201c                	lbu	a5,0(s0)
20104d60:	18078163          	beqz	a5,20104ee2 <_svfiprintf_r+0x234>
20104d64:	57fd                	li	a5,-1
20104d66:	00140493          	addi	s1,s0,1
20104d6a:	c802                	sw	zero,16(sp)
20104d6c:	ce02                	sw	zero,28(sp)
20104d6e:	ca3e                	sw	a5,20(sp)
20104d70:	cc02                	sw	zero,24(sp)
20104d72:	040109a3          	sb	zero,83(sp)
20104d76:	d482                	sw	zero,104(sp)
20104d78:	208c                	lbu	a1,0(s1)
20104d7a:	4615                	li	a2,5
20104d7c:	8556                	mv	a0,s5
20104d7e:	1c7000ef          	jal	ra,20105744 <memchr>
20104d82:	47c2                	lw	a5,16(sp)
20104d84:	00148413          	addi	s0,s1,1
20104d88:	e521                	bnez	a0,20104dd0 <_svfiprintf_r+0x122>
20104d8a:	0107f713          	andi	a4,a5,16
20104d8e:	c709                	beqz	a4,20104d98 <_svfiprintf_r+0xea>
20104d90:	02000713          	li	a4,32
20104d94:	04e109a3          	sb	a4,83(sp)
20104d98:	0087f713          	andi	a4,a5,8
20104d9c:	c709                	beqz	a4,20104da6 <_svfiprintf_r+0xf8>
20104d9e:	02b00713          	li	a4,43
20104da2:	04e109a3          	sb	a4,83(sp)
20104da6:	2094                	lbu	a3,0(s1)
20104da8:	02a00713          	li	a4,42
20104dac:	02e68963          	beq	a3,a4,20104dde <_svfiprintf_r+0x130>
20104db0:	47f2                	lw	a5,28(sp)
20104db2:	8426                	mv	s0,s1
20104db4:	4681                	li	a3,0
20104db6:	4625                	li	a2,9
20104db8:	2018                	lbu	a4,0(s0)
20104dba:	00140593          	addi	a1,s0,1
20104dbe:	fd070713          	addi	a4,a4,-48 # ffffdfd0 <_eusrstack+0xdfe7dfd0>
20104dc2:	06e67263          	bgeu	a2,a4,20104e26 <_svfiprintf_r+0x178>
20104dc6:	c685                	beqz	a3,20104dee <_svfiprintf_r+0x140>
20104dc8:	ce3e                	sw	a5,28(sp)
20104dca:	a015                	j	20104dee <_svfiprintf_r+0x140>
20104dcc:	0405                	addi	s0,s0,1
20104dce:	b7a5                	j	20104d36 <_svfiprintf_r+0x88>
20104dd0:	41550533          	sub	a0,a0,s5
20104dd4:	28a797b3          	bset	a5,a5,a0
20104dd8:	84a2                	mv	s1,s0
20104dda:	c83e                	sw	a5,16(sp)
20104ddc:	bf71                	j	20104d78 <_svfiprintf_r+0xca>
20104dde:	4732                	lw	a4,12(sp)
20104de0:	00470693          	addi	a3,a4,4
20104de4:	4318                	lw	a4,0(a4)
20104de6:	c636                	sw	a3,12(sp)
20104de8:	02074863          	bltz	a4,20104e18 <_svfiprintf_r+0x16a>
20104dec:	ce3a                	sw	a4,28(sp)
20104dee:	2018                	lbu	a4,0(s0)
20104df0:	02e00793          	li	a5,46
20104df4:	04f71c63          	bne	a4,a5,20104e4c <_svfiprintf_r+0x19e>
20104df8:	3018                	lbu	a4,1(s0)
20104dfa:	02a00793          	li	a5,42
20104dfe:	02f71a63          	bne	a4,a5,20104e32 <_svfiprintf_r+0x184>
20104e02:	47b2                	lw	a5,12(sp)
20104e04:	0409                	addi	s0,s0,2
20104e06:	00478713          	addi	a4,a5,4
20104e0a:	439c                	lw	a5,0(a5)
20104e0c:	c63a                	sw	a4,12(sp)
20104e0e:	577d                	li	a4,-1
20104e10:	0ae7e7b3          	max	a5,a5,a4
20104e14:	ca3e                	sw	a5,20(sp)
20104e16:	a81d                	j	20104e4c <_svfiprintf_r+0x19e>
20104e18:	40e00733          	neg	a4,a4
20104e1c:	0027e793          	ori	a5,a5,2
20104e20:	ce3a                	sw	a4,28(sp)
20104e22:	c83e                	sw	a5,16(sp)
20104e24:	b7e9                	j	20104dee <_svfiprintf_r+0x140>
20104e26:	036787b3          	mul	a5,a5,s6
20104e2a:	842e                	mv	s0,a1
20104e2c:	4685                	li	a3,1
20104e2e:	97ba                	add	a5,a5,a4
20104e30:	b761                	j	20104db8 <_svfiprintf_r+0x10a>
20104e32:	0405                	addi	s0,s0,1
20104e34:	ca02                	sw	zero,20(sp)
20104e36:	4681                	li	a3,0
20104e38:	4781                	li	a5,0
20104e3a:	4625                	li	a2,9
20104e3c:	2018                	lbu	a4,0(s0)
20104e3e:	00140593          	addi	a1,s0,1
20104e42:	fd070713          	addi	a4,a4,-48
20104e46:	06e67463          	bgeu	a2,a4,20104eae <_svfiprintf_r+0x200>
20104e4a:	f6e9                	bnez	a3,20104e14 <_svfiprintf_r+0x166>
20104e4c:	200c                	lbu	a1,0(s0)
20104e4e:	460d                	li	a2,3
20104e50:	00001517          	auipc	a0,0x1
20104e54:	3e850513          	addi	a0,a0,1000 # 20106238 <__sf_fake_stdin+0x28>
20104e58:	0ed000ef          	jal	ra,20105744 <memchr>
20104e5c:	cd11                	beqz	a0,20104e78 <_svfiprintf_r+0x1ca>
20104e5e:	00001797          	auipc	a5,0x1
20104e62:	3da78793          	addi	a5,a5,986 # 20106238 <__sf_fake_stdin+0x28>
20104e66:	8d1d                	sub	a0,a0,a5
20104e68:	47c2                	lw	a5,16(sp)
20104e6a:	04000713          	li	a4,64
20104e6e:	00a71733          	sll	a4,a4,a0
20104e72:	8fd9                	or	a5,a5,a4
20104e74:	0405                	addi	s0,s0,1
20104e76:	c83e                	sw	a5,16(sp)
20104e78:	200c                	lbu	a1,0(s0)
20104e7a:	4619                	li	a2,6
20104e7c:	00001517          	auipc	a0,0x1
20104e80:	3c050513          	addi	a0,a0,960 # 2010623c <__sf_fake_stdin+0x2c>
20104e84:	00140493          	addi	s1,s0,1
20104e88:	02b10423          	sb	a1,40(sp)
20104e8c:	0b9000ef          	jal	ra,20105744 <memchr>
20104e90:	c12d                	beqz	a0,20104ef2 <_svfiprintf_r+0x244>
20104e92:	00000793          	li	a5,0
20104e96:	e795                	bnez	a5,20104ec2 <_svfiprintf_r+0x214>
20104e98:	4742                	lw	a4,16(sp)
20104e9a:	47b2                	lw	a5,12(sp)
20104e9c:	10077713          	andi	a4,a4,256
20104ea0:	cf09                	beqz	a4,20104eba <_svfiprintf_r+0x20c>
20104ea2:	0791                	addi	a5,a5,4
20104ea4:	c63e                	sw	a5,12(sp)
20104ea6:	5792                	lw	a5,36(sp)
20104ea8:	97ce                	add	a5,a5,s3
20104eaa:	d23e                	sw	a5,36(sp)
20104eac:	b561                	j	20104d34 <_svfiprintf_r+0x86>
20104eae:	036787b3          	mul	a5,a5,s6
20104eb2:	842e                	mv	s0,a1
20104eb4:	4685                	li	a3,1
20104eb6:	97ba                	add	a5,a5,a4
20104eb8:	b751                	j	20104e3c <_svfiprintf_r+0x18e>
20104eba:	079d                	addi	a5,a5,7
20104ebc:	9be1                	andi	a5,a5,-8
20104ebe:	07a1                	addi	a5,a5,8
20104ec0:	b7d5                	j	20104ea4 <_svfiprintf_r+0x1f6>
20104ec2:	0078                	addi	a4,sp,12
20104ec4:	00000697          	auipc	a3,0x0
20104ec8:	d0c68693          	addi	a3,a3,-756 # 20104bd0 <__ssputs_r>
20104ecc:	864a                	mv	a2,s2
20104ece:	080c                	addi	a1,sp,16
20104ed0:	8552                	mv	a0,s4
20104ed2:	00000097          	auipc	ra,0x0
20104ed6:	000000e7          	jalr	zero # 0 <_sinit>
20104eda:	57fd                	li	a5,-1
20104edc:	89aa                	mv	s3,a0
20104ede:	fcf514e3          	bne	a0,a5,20104ea6 <_svfiprintf_r+0x1f8>
20104ee2:	00c95783          	lhu	a5,12(s2)
20104ee6:	0407f793          	andi	a5,a5,64
20104eea:	e00793e3          	bnez	a5,20104cf0 <_svfiprintf_r+0x42>
20104eee:	5512                	lw	a0,36(sp)
20104ef0:	b509                	j	20104cf2 <_svfiprintf_r+0x44>
20104ef2:	0078                	addi	a4,sp,12
20104ef4:	00000697          	auipc	a3,0x0
20104ef8:	cdc68693          	addi	a3,a3,-804 # 20104bd0 <__ssputs_r>
20104efc:	864a                	mv	a2,s2
20104efe:	080c                	addi	a1,sp,16
20104f00:	8552                	mv	a0,s4
20104f02:	2239                	jal	20105010 <_printf_i>
20104f04:	bfd9                	j	20104eda <_svfiprintf_r+0x22c>

20104f06 <_printf_common>:
20104f06:	7179                	addi	sp,sp,-48
20104f08:	ca56                	sw	s5,20(sp)
20104f0a:	499c                	lw	a5,16(a1)
20104f0c:	8aba                	mv	s5,a4
20104f0e:	4598                	lw	a4,8(a1)
20104f10:	d422                	sw	s0,40(sp)
20104f12:	d04a                	sw	s2,32(sp)
20104f14:	ce4e                	sw	s3,28(sp)
20104f16:	cc52                	sw	s4,24(sp)
20104f18:	d606                	sw	ra,44(sp)
20104f1a:	d226                	sw	s1,36(sp)
20104f1c:	c85a                	sw	s6,16(sp)
20104f1e:	c65e                	sw	s7,12(sp)
20104f20:	0ae7e7b3          	max	a5,a5,a4
20104f24:	c21c                	sw	a5,0(a2)
20104f26:	0435c703          	lbu	a4,67(a1)
20104f2a:	89aa                	mv	s3,a0
20104f2c:	842e                	mv	s0,a1
20104f2e:	8932                	mv	s2,a2
20104f30:	8a36                	mv	s4,a3
20104f32:	c319                	beqz	a4,20104f38 <_printf_common+0x32>
20104f34:	0785                	addi	a5,a5,1
20104f36:	c21c                	sw	a5,0(a2)
20104f38:	401c                	lw	a5,0(s0)
20104f3a:	0207f793          	andi	a5,a5,32
20104f3e:	c791                	beqz	a5,20104f4a <_printf_common+0x44>
20104f40:	00092783          	lw	a5,0(s2)
20104f44:	0789                	addi	a5,a5,2
20104f46:	00f92023          	sw	a5,0(s2)
20104f4a:	4004                	lw	s1,0(s0)
20104f4c:	8899                	andi	s1,s1,6
20104f4e:	e891                	bnez	s1,20104f62 <_printf_common+0x5c>
20104f50:	01940b13          	addi	s6,s0,25
20104f54:	5bfd                	li	s7,-1
20104f56:	445c                	lw	a5,12(s0)
20104f58:	00092703          	lw	a4,0(s2)
20104f5c:	8f99                	sub	a5,a5,a4
20104f5e:	04f4cc63          	blt	s1,a5,20104fb6 <_printf_common+0xb0>
20104f62:	04344783          	lbu	a5,67(s0)
20104f66:	00f036b3          	snez	a3,a5
20104f6a:	401c                	lw	a5,0(s0)
20104f6c:	0207f793          	andi	a5,a5,32
20104f70:	eba5                	bnez	a5,20104fe0 <_printf_common+0xda>
20104f72:	04340613          	addi	a2,s0,67
20104f76:	85d2                	mv	a1,s4
20104f78:	854e                	mv	a0,s3
20104f7a:	9a82                	jalr	s5
20104f7c:	57fd                	li	a5,-1
20104f7e:	04f50363          	beq	a0,a5,20104fc4 <_printf_common+0xbe>
20104f82:	401c                	lw	a5,0(s0)
20104f84:	4711                	li	a4,4
20104f86:	4481                	li	s1,0
20104f88:	8b99                	andi	a5,a5,6
20104f8a:	00e79963          	bne	a5,a4,20104f9c <_printf_common+0x96>
20104f8e:	00092783          	lw	a5,0(s2)
20104f92:	4444                	lw	s1,12(s0)
20104f94:	8c9d                	sub	s1,s1,a5
20104f96:	4781                	li	a5,0
20104f98:	0af4e4b3          	max	s1,s1,a5
20104f9c:	441c                	lw	a5,8(s0)
20104f9e:	4818                	lw	a4,16(s0)
20104fa0:	00f75463          	bge	a4,a5,20104fa8 <_printf_common+0xa2>
20104fa4:	8f99                	sub	a5,a5,a4
20104fa6:	94be                	add	s1,s1,a5
20104fa8:	4901                	li	s2,0
20104faa:	0469                	addi	s0,s0,26
20104fac:	5b7d                	li	s6,-1
20104fae:	05249863          	bne	s1,s2,20104ffe <_printf_common+0xf8>
20104fb2:	4501                	li	a0,0
20104fb4:	a809                	j	20104fc6 <_printf_common+0xc0>
20104fb6:	4685                	li	a3,1
20104fb8:	865a                	mv	a2,s6
20104fba:	85d2                	mv	a1,s4
20104fbc:	854e                	mv	a0,s3
20104fbe:	9a82                	jalr	s5
20104fc0:	01751e63          	bne	a0,s7,20104fdc <_printf_common+0xd6>
20104fc4:	557d                	li	a0,-1
20104fc6:	50b2                	lw	ra,44(sp)
20104fc8:	5422                	lw	s0,40(sp)
20104fca:	5492                	lw	s1,36(sp)
20104fcc:	5902                	lw	s2,32(sp)
20104fce:	49f2                	lw	s3,28(sp)
20104fd0:	4a62                	lw	s4,24(sp)
20104fd2:	4ad2                	lw	s5,20(sp)
20104fd4:	4b42                	lw	s6,16(sp)
20104fd6:	4bb2                	lw	s7,12(sp)
20104fd8:	6145                	addi	sp,sp,48
20104fda:	8082                	ret
20104fdc:	0485                	addi	s1,s1,1
20104fde:	bfa5                	j	20104f56 <_printf_common+0x50>
20104fe0:	00d40733          	add	a4,s0,a3
20104fe4:	03000613          	li	a2,48
20104fe8:	04c701a3          	sb	a2,67(a4)
20104fec:	04544703          	lbu	a4,69(s0)
20104ff0:	00168793          	addi	a5,a3,1
20104ff4:	97a2                	add	a5,a5,s0
20104ff6:	0689                	addi	a3,a3,2
20104ff8:	04e781a3          	sb	a4,67(a5)
20104ffc:	bf9d                	j	20104f72 <_printf_common+0x6c>
20104ffe:	4685                	li	a3,1
20105000:	8622                	mv	a2,s0
20105002:	85d2                	mv	a1,s4
20105004:	854e                	mv	a0,s3
20105006:	9a82                	jalr	s5
20105008:	fb650ee3          	beq	a0,s6,20104fc4 <_printf_common+0xbe>
2010500c:	0905                	addi	s2,s2,1
2010500e:	b745                	j	20104fae <_printf_common+0xa8>

20105010 <_printf_i>:
20105010:	7179                	addi	sp,sp,-48
20105012:	d422                	sw	s0,40(sp)
20105014:	d04a                	sw	s2,32(sp)
20105016:	ce4e                	sw	s3,28(sp)
20105018:	cc52                	sw	s4,24(sp)
2010501a:	d606                	sw	ra,44(sp)
2010501c:	d226                	sw	s1,36(sp)
2010501e:	ca56                	sw	s5,20(sp)
20105020:	c85a                	sw	s6,16(sp)
20105022:	0185c803          	lbu	a6,24(a1)
20105026:	07800793          	li	a5,120
2010502a:	892a                	mv	s2,a0
2010502c:	842e                	mv	s0,a1
2010502e:	89b2                	mv	s3,a2
20105030:	8a36                	mv	s4,a3
20105032:	0307e263          	bltu	a5,a6,20105056 <_printf_i+0x46>
20105036:	06200793          	li	a5,98
2010503a:	04358693          	addi	a3,a1,67
2010503e:	0307e163          	bltu	a5,a6,20105060 <_printf_i+0x50>
20105042:	1c080c63          	beqz	a6,2010521a <_printf_i+0x20a>
20105046:	05800793          	li	a5,88
2010504a:	00001617          	auipc	a2,0x1
2010504e:	1fa60613          	addi	a2,a2,506 # 20106244 <__sf_fake_stdin+0x34>
20105052:	14f80863          	beq	a6,a5,201051a2 <_printf_i+0x192>
20105056:	04240493          	addi	s1,s0,66
2010505a:	05040123          	sb	a6,66(s0)
2010505e:	a815                	j	20105092 <_printf_i+0x82>
20105060:	f9d80793          	addi	a5,a6,-99
20105064:	0ff7f793          	zext.b	a5,a5
20105068:	4655                	li	a2,21
2010506a:	fef666e3          	bltu	a2,a5,20105056 <_printf_i+0x46>
2010506e:	00001617          	auipc	a2,0x1
20105072:	1fe60613          	addi	a2,a2,510 # 2010626c <__sf_fake_stdin+0x5c>
20105076:	20c7c7b3          	sh2add	a5,a5,a2
2010507a:	439c                	lw	a5,0(a5)
2010507c:	97b2                	add	a5,a5,a2
2010507e:	8782                	jr	a5
20105080:	431c                	lw	a5,0(a4)
20105082:	04258493          	addi	s1,a1,66
20105086:	00478693          	addi	a3,a5,4
2010508a:	439c                	lw	a5,0(a5)
2010508c:	c314                	sw	a3,0(a4)
2010508e:	04f58123          	sb	a5,66(a1)
20105092:	4785                	li	a5,1
20105094:	a26d                	j	2010523e <_printf_i+0x22e>
20105096:	4190                	lw	a2,0(a1)
20105098:	431c                	lw	a5,0(a4)
2010509a:	08067513          	andi	a0,a2,128
2010509e:	00478593          	addi	a1,a5,4
201050a2:	c129                	beqz	a0,201050e4 <_printf_i+0xd4>
201050a4:	439c                	lw	a5,0(a5)
201050a6:	c30c                	sw	a1,0(a4)
201050a8:	4058                	lw	a4,4(s0)
201050aa:	1207df63          	bgez	a5,201051e8 <_printf_i+0x1d8>
201050ae:	02d00593          	li	a1,45
201050b2:	04b401a3          	sb	a1,67(s0)
201050b6:	c418                	sw	a4,8(s0)
201050b8:	02075e63          	bgez	a4,201050f4 <_printf_i+0xe4>
201050bc:	40f007b3          	neg	a5,a5
201050c0:	00001617          	auipc	a2,0x1
201050c4:	18460613          	addi	a2,a2,388 # 20106244 <__sf_fake_stdin+0x34>
201050c8:	4829                	li	a6,10
201050ca:	84b6                	mv	s1,a3
201050cc:	0307f733          	remu	a4,a5,a6
201050d0:	14fd                	addi	s1,s1,-1
201050d2:	9732                	add	a4,a4,a2
201050d4:	2318                	lbu	a4,0(a4)
201050d6:	a098                	sb	a4,0(s1)
201050d8:	873e                	mv	a4,a5
201050da:	0307d7b3          	divu	a5,a5,a6
201050de:	ff0777e3          	bgeu	a4,a6,201050cc <_printf_i+0xbc>
201050e2:	a085                	j	20105142 <_printf_i+0x132>
201050e4:	439c                	lw	a5,0(a5)
201050e6:	04067513          	andi	a0,a2,64
201050ea:	c30c                	sw	a1,0(a4)
201050ec:	dd55                	beqz	a0,201050a8 <_printf_i+0x98>
201050ee:	60579793          	sext.h	a5,a5
201050f2:	bf5d                	j	201050a8 <_printf_i+0x98>
201050f4:	9a6d                	andi	a2,a2,-5
201050f6:	c010                	sw	a2,0(s0)
201050f8:	b7d1                	j	201050bc <_printf_i+0xac>
201050fa:	4190                	lw	a2,0(a1)
201050fc:	431c                	lw	a5,0(a4)
201050fe:	08067513          	andi	a0,a2,128
20105102:	00478593          	addi	a1,a5,4
20105106:	c501                	beqz	a0,2010510e <_printf_i+0xfe>
20105108:	c30c                	sw	a1,0(a4)
2010510a:	439c                	lw	a5,0(a5)
2010510c:	a031                	j	20105118 <_printf_i+0x108>
2010510e:	04067613          	andi	a2,a2,64
20105112:	c30c                	sw	a1,0(a4)
20105114:	da7d                	beqz	a2,2010510a <_printf_i+0xfa>
20105116:	239e                	lhu	a5,0(a5)
20105118:	06f00713          	li	a4,111
2010511c:	00001617          	auipc	a2,0x1
20105120:	12860613          	addi	a2,a2,296 # 20106244 <__sf_fake_stdin+0x34>
20105124:	0ce81063          	bne	a6,a4,201051e4 <_printf_i+0x1d4>
20105128:	4821                	li	a6,8
2010512a:	040401a3          	sb	zero,67(s0)
2010512e:	4058                	lw	a4,4(s0)
20105130:	c418                	sw	a4,8(s0)
20105132:	f8074ce3          	bltz	a4,201050ca <_printf_i+0xba>
20105136:	400c                	lw	a1,0(s0)
20105138:	99ed                	andi	a1,a1,-5
2010513a:	c00c                	sw	a1,0(s0)
2010513c:	f7d9                	bnez	a5,201050ca <_printf_i+0xba>
2010513e:	84b6                	mv	s1,a3
20105140:	f749                	bnez	a4,201050ca <_printf_i+0xba>
20105142:	47a1                	li	a5,8
20105144:	00f81e63          	bne	a6,a5,20105160 <_printf_i+0x150>
20105148:	401c                	lw	a5,0(s0)
2010514a:	8b85                	andi	a5,a5,1
2010514c:	cb91                	beqz	a5,20105160 <_printf_i+0x150>
2010514e:	4058                	lw	a4,4(s0)
20105150:	481c                	lw	a5,16(s0)
20105152:	00e7c763          	blt	a5,a4,20105160 <_printf_i+0x150>
20105156:	03000793          	li	a5,48
2010515a:	fef48fa3          	sb	a5,-1(s1)
2010515e:	14fd                	addi	s1,s1,-1
20105160:	8e85                	sub	a3,a3,s1
20105162:	c814                	sw	a3,16(s0)
20105164:	8752                	mv	a4,s4
20105166:	86ce                	mv	a3,s3
20105168:	0070                	addi	a2,sp,12
2010516a:	85a2                	mv	a1,s0
2010516c:	854a                	mv	a0,s2
2010516e:	d99ff0ef          	jal	ra,20104f06 <_printf_common>
20105172:	5afd                	li	s5,-1
20105174:	0d551963          	bne	a0,s5,20105246 <_printf_i+0x236>
20105178:	557d                	li	a0,-1
2010517a:	50b2                	lw	ra,44(sp)
2010517c:	5422                	lw	s0,40(sp)
2010517e:	5492                	lw	s1,36(sp)
20105180:	5902                	lw	s2,32(sp)
20105182:	49f2                	lw	s3,28(sp)
20105184:	4a62                	lw	s4,24(sp)
20105186:	4ad2                	lw	s5,20(sp)
20105188:	4b42                	lw	s6,16(sp)
2010518a:	6145                	addi	sp,sp,48
2010518c:	8082                	ret
2010518e:	419c                	lw	a5,0(a1)
20105190:	0207e793          	ori	a5,a5,32
20105194:	c19c                	sw	a5,0(a1)
20105196:	07800813          	li	a6,120
2010519a:	00001617          	auipc	a2,0x1
2010519e:	0be60613          	addi	a2,a2,190 # 20106258 <__sf_fake_stdin+0x48>
201051a2:	050402a3          	sb	a6,69(s0)
201051a6:	400c                	lw	a1,0(s0)
201051a8:	431c                	lw	a5,0(a4)
201051aa:	0805f813          	andi	a6,a1,128
201051ae:	00478513          	addi	a0,a5,4
201051b2:	00080563          	beqz	a6,201051bc <_printf_i+0x1ac>
201051b6:	c308                	sw	a0,0(a4)
201051b8:	439c                	lw	a5,0(a5)
201051ba:	a039                	j	201051c8 <_printf_i+0x1b8>
201051bc:	0405f813          	andi	a6,a1,64
201051c0:	c308                	sw	a0,0(a4)
201051c2:	fe080be3          	beqz	a6,201051b8 <_printf_i+0x1a8>
201051c6:	239e                	lhu	a5,0(a5)
201051c8:	0015f713          	andi	a4,a1,1
201051cc:	c701                	beqz	a4,201051d4 <_printf_i+0x1c4>
201051ce:	0205e593          	ori	a1,a1,32
201051d2:	c00c                	sw	a1,0(s0)
201051d4:	c399                	beqz	a5,201051da <_printf_i+0x1ca>
201051d6:	4841                	li	a6,16
201051d8:	bf89                	j	2010512a <_printf_i+0x11a>
201051da:	4018                	lw	a4,0(s0)
201051dc:	fdf77713          	andi	a4,a4,-33
201051e0:	c018                	sw	a4,0(s0)
201051e2:	bfd5                	j	201051d6 <_printf_i+0x1c6>
201051e4:	4829                	li	a6,10
201051e6:	b791                	j	2010512a <_printf_i+0x11a>
201051e8:	00001617          	auipc	a2,0x1
201051ec:	05c60613          	addi	a2,a2,92 # 20106244 <__sf_fake_stdin+0x34>
201051f0:	4829                	li	a6,10
201051f2:	bf35                	j	2010512e <_printf_i+0x11e>
201051f4:	4190                	lw	a2,0(a1)
201051f6:	431c                	lw	a5,0(a4)
201051f8:	49cc                	lw	a1,20(a1)
201051fa:	08067813          	andi	a6,a2,128
201051fe:	00478513          	addi	a0,a5,4
20105202:	00080663          	beqz	a6,2010520e <_printf_i+0x1fe>
20105206:	c308                	sw	a0,0(a4)
20105208:	439c                	lw	a5,0(a5)
2010520a:	c38c                	sw	a1,0(a5)
2010520c:	a039                	j	2010521a <_printf_i+0x20a>
2010520e:	c308                	sw	a0,0(a4)
20105210:	04067613          	andi	a2,a2,64
20105214:	439c                	lw	a5,0(a5)
20105216:	da75                	beqz	a2,2010520a <_printf_i+0x1fa>
20105218:	a38e                	sh	a1,0(a5)
2010521a:	00042823          	sw	zero,16(s0)
2010521e:	84b6                	mv	s1,a3
20105220:	b791                	j	20105164 <_printf_i+0x154>
20105222:	431c                	lw	a5,0(a4)
20105224:	41d0                	lw	a2,4(a1)
20105226:	4581                	li	a1,0
20105228:	00478693          	addi	a3,a5,4
2010522c:	c314                	sw	a3,0(a4)
2010522e:	4384                	lw	s1,0(a5)
20105230:	8526                	mv	a0,s1
20105232:	2b09                	jal	20105744 <memchr>
20105234:	c501                	beqz	a0,2010523c <_printf_i+0x22c>
20105236:	409507b3          	sub	a5,a0,s1
2010523a:	c05c                	sw	a5,4(s0)
2010523c:	405c                	lw	a5,4(s0)
2010523e:	c81c                	sw	a5,16(s0)
20105240:	040401a3          	sb	zero,67(s0)
20105244:	b705                	j	20105164 <_printf_i+0x154>
20105246:	4814                	lw	a3,16(s0)
20105248:	8626                	mv	a2,s1
2010524a:	85ce                	mv	a1,s3
2010524c:	854a                	mv	a0,s2
2010524e:	9a02                	jalr	s4
20105250:	f35504e3          	beq	a0,s5,20105178 <_printf_i+0x168>
20105254:	401c                	lw	a5,0(s0)
20105256:	8b89                	andi	a5,a5,2
20105258:	e785                	bnez	a5,20105280 <_printf_i+0x270>
2010525a:	4448                	lw	a0,12(s0)
2010525c:	47b2                	lw	a5,12(sp)
2010525e:	0af56533          	max	a0,a0,a5
20105262:	bf21                	j	2010517a <_printf_i+0x16a>
20105264:	4685                	li	a3,1
20105266:	8656                	mv	a2,s5
20105268:	85ce                	mv	a1,s3
2010526a:	854a                	mv	a0,s2
2010526c:	9a02                	jalr	s4
2010526e:	f16505e3          	beq	a0,s6,20105178 <_printf_i+0x168>
20105272:	0485                	addi	s1,s1,1
20105274:	445c                	lw	a5,12(s0)
20105276:	4732                	lw	a4,12(sp)
20105278:	8f99                	sub	a5,a5,a4
2010527a:	fef4c5e3          	blt	s1,a5,20105264 <_printf_i+0x254>
2010527e:	bff1                	j	2010525a <_printf_i+0x24a>
20105280:	4481                	li	s1,0
20105282:	01940a93          	addi	s5,s0,25
20105286:	5b7d                	li	s6,-1
20105288:	b7f5                	j	20105274 <_printf_i+0x264>

2010528a <__sfputc_r>:
2010528a:	461c                	lw	a5,8(a2)
2010528c:	17fd                	addi	a5,a5,-1
2010528e:	c61c                	sw	a5,8(a2)
20105290:	0007da63          	bgez	a5,201052a4 <__sfputc_r+0x1a>
20105294:	4e18                	lw	a4,24(a2)
20105296:	00e7c563          	blt	a5,a4,201052a0 <__sfputc_r+0x16>
2010529a:	47a9                	li	a5,10
2010529c:	00f59463          	bne	a1,a5,201052a4 <__sfputc_r+0x1a>
201052a0:	874ff06f          	j	20104314 <__swbuf_r>
201052a4:	421c                	lw	a5,0(a2)
201052a6:	852e                	mv	a0,a1
201052a8:	00178713          	addi	a4,a5,1
201052ac:	c218                	sw	a4,0(a2)
201052ae:	a38c                	sb	a1,0(a5)
201052b0:	8082                	ret

201052b2 <__sfputs_r>:
201052b2:	1101                	addi	sp,sp,-32
201052b4:	cc22                	sw	s0,24(sp)
201052b6:	ca26                	sw	s1,20(sp)
201052b8:	c84a                	sw	s2,16(sp)
201052ba:	c64e                	sw	s3,12(sp)
201052bc:	c452                	sw	s4,8(sp)
201052be:	ce06                	sw	ra,28(sp)
201052c0:	892a                	mv	s2,a0
201052c2:	89ae                	mv	s3,a1
201052c4:	8432                	mv	s0,a2
201052c6:	00d604b3          	add	s1,a2,a3
201052ca:	5a7d                	li	s4,-1
201052cc:	00941463          	bne	s0,s1,201052d4 <__sfputs_r+0x22>
201052d0:	4501                	li	a0,0
201052d2:	a809                	j	201052e4 <__sfputs_r+0x32>
201052d4:	200c                	lbu	a1,0(s0)
201052d6:	864e                	mv	a2,s3
201052d8:	854a                	mv	a0,s2
201052da:	fb1ff0ef          	jal	ra,2010528a <__sfputc_r>
201052de:	0405                	addi	s0,s0,1
201052e0:	ff4516e3          	bne	a0,s4,201052cc <__sfputs_r+0x1a>
201052e4:	40f2                	lw	ra,28(sp)
201052e6:	4462                	lw	s0,24(sp)
201052e8:	44d2                	lw	s1,20(sp)
201052ea:	4942                	lw	s2,16(sp)
201052ec:	49b2                	lw	s3,12(sp)
201052ee:	4a22                	lw	s4,8(sp)
201052f0:	6105                	addi	sp,sp,32
201052f2:	8082                	ret

201052f4 <_vfiprintf_r>:
201052f4:	7135                	addi	sp,sp,-160
201052f6:	cd22                	sw	s0,152(sp)
201052f8:	cb26                	sw	s1,148(sp)
201052fa:	c94a                	sw	s2,144(sp)
201052fc:	c74e                	sw	s3,140(sp)
201052fe:	cf06                	sw	ra,156(sp)
20105300:	c552                	sw	s4,136(sp)
20105302:	c356                	sw	s5,132(sp)
20105304:	c15a                	sw	s6,128(sp)
20105306:	dede                	sw	s7,124(sp)
20105308:	dce2                	sw	s8,120(sp)
2010530a:	89aa                	mv	s3,a0
2010530c:	842e                	mv	s0,a1
2010530e:	8932                	mv	s2,a2
20105310:	84b6                	mv	s1,a3
20105312:	c509                	beqz	a0,2010531c <_vfiprintf_r+0x28>
20105314:	4d1c                	lw	a5,24(a0)
20105316:	e399                	bnez	a5,2010531c <_vfiprintf_r+0x28>
20105318:	c2eff0ef          	jal	ra,20104746 <__sinit>
2010531c:	00001797          	auipc	a5,0x1
20105320:	ef478793          	addi	a5,a5,-268 # 20106210 <__sf_fake_stdin>
20105324:	04f41863          	bne	s0,a5,20105374 <_vfiprintf_r+0x80>
20105328:	0049a403          	lw	s0,4(s3)
2010532c:	507c                	lw	a5,100(s0)
2010532e:	8b85                	andi	a5,a5,1
20105330:	eb81                	bnez	a5,20105340 <_vfiprintf_r+0x4c>
20105332:	245e                	lhu	a5,12(s0)
20105334:	2007f793          	andi	a5,a5,512
20105338:	e781                	bnez	a5,20105340 <_vfiprintf_r+0x4c>
2010533a:	4c28                	lw	a0,88(s0)
2010533c:	d96ff0ef          	jal	ra,201048d2 <__retarget_lock_acquire_recursive>
20105340:	245e                	lhu	a5,12(s0)
20105342:	8ba1                	andi	a5,a5,8
20105344:	c399                	beqz	a5,2010534a <_vfiprintf_r+0x56>
20105346:	481c                	lw	a5,16(s0)
20105348:	e3a5                	bnez	a5,201053a8 <_vfiprintf_r+0xb4>
2010534a:	85a2                	mv	a1,s0
2010534c:	854e                	mv	a0,s3
2010534e:	882ff0ef          	jal	ra,201043d0 <__swsetup_r>
20105352:	c939                	beqz	a0,201053a8 <_vfiprintf_r+0xb4>
20105354:	507c                	lw	a5,100(s0)
20105356:	8b85                	andi	a5,a5,1
20105358:	c3a1                	beqz	a5,20105398 <_vfiprintf_r+0xa4>
2010535a:	557d                	li	a0,-1
2010535c:	40fa                	lw	ra,156(sp)
2010535e:	446a                	lw	s0,152(sp)
20105360:	44da                	lw	s1,148(sp)
20105362:	494a                	lw	s2,144(sp)
20105364:	49ba                	lw	s3,140(sp)
20105366:	4a2a                	lw	s4,136(sp)
20105368:	4a9a                	lw	s5,132(sp)
2010536a:	4b0a                	lw	s6,128(sp)
2010536c:	5bf6                	lw	s7,124(sp)
2010536e:	5c66                	lw	s8,120(sp)
20105370:	610d                	addi	sp,sp,160
20105372:	8082                	ret
20105374:	00001797          	auipc	a5,0x1
20105378:	e7c78793          	addi	a5,a5,-388 # 201061f0 <__sf_fake_stdout>
2010537c:	00f41563          	bne	s0,a5,20105386 <_vfiprintf_r+0x92>
20105380:	0089a403          	lw	s0,8(s3)
20105384:	b765                	j	2010532c <_vfiprintf_r+0x38>
20105386:	00001797          	auipc	a5,0x1
2010538a:	e4a78793          	addi	a5,a5,-438 # 201061d0 <__sf_fake_stderr>
2010538e:	f8f41fe3          	bne	s0,a5,2010532c <_vfiprintf_r+0x38>
20105392:	00c9a403          	lw	s0,12(s3)
20105396:	bf59                	j	2010532c <_vfiprintf_r+0x38>
20105398:	245e                	lhu	a5,12(s0)
2010539a:	2007f793          	andi	a5,a5,512
2010539e:	ffd5                	bnez	a5,2010535a <_vfiprintf_r+0x66>
201053a0:	4c28                	lw	a0,88(s0)
201053a2:	d32ff0ef          	jal	ra,201048d4 <__retarget_lock_release_recursive>
201053a6:	bf55                	j	2010535a <_vfiprintf_r+0x66>
201053a8:	02000793          	li	a5,32
201053ac:	02f104a3          	sb	a5,41(sp)
201053b0:	03000793          	li	a5,48
201053b4:	d202                	sw	zero,36(sp)
201053b6:	02f10523          	sb	a5,42(sp)
201053ba:	c626                	sw	s1,12(sp)
201053bc:	02500b93          	li	s7,37
201053c0:	00001a97          	auipc	s5,0x1
201053c4:	e70a8a93          	addi	s5,s5,-400 # 20106230 <__sf_fake_stdin+0x20>
201053c8:	4b29                	li	s6,10
201053ca:	84ca                	mv	s1,s2
201053cc:	209c                	lbu	a5,0(s1)
201053ce:	c399                	beqz	a5,201053d4 <_vfiprintf_r+0xe0>
201053d0:	09779a63          	bne	a5,s7,20105464 <_vfiprintf_r+0x170>
201053d4:	41248c33          	sub	s8,s1,s2
201053d8:	01248e63          	beq	s1,s2,201053f4 <_vfiprintf_r+0x100>
201053dc:	86e2                	mv	a3,s8
201053de:	864a                	mv	a2,s2
201053e0:	85a2                	mv	a1,s0
201053e2:	854e                	mv	a0,s3
201053e4:	ecfff0ef          	jal	ra,201052b2 <__sfputs_r>
201053e8:	57fd                	li	a5,-1
201053ea:	18f50663          	beq	a0,a5,20105576 <_vfiprintf_r+0x282>
201053ee:	5792                	lw	a5,36(sp)
201053f0:	97e2                	add	a5,a5,s8
201053f2:	d23e                	sw	a5,36(sp)
201053f4:	209c                	lbu	a5,0(s1)
201053f6:	18078063          	beqz	a5,20105576 <_vfiprintf_r+0x282>
201053fa:	57fd                	li	a5,-1
201053fc:	00148913          	addi	s2,s1,1
20105400:	c802                	sw	zero,16(sp)
20105402:	ce02                	sw	zero,28(sp)
20105404:	ca3e                	sw	a5,20(sp)
20105406:	cc02                	sw	zero,24(sp)
20105408:	040109a3          	sb	zero,83(sp)
2010540c:	d482                	sw	zero,104(sp)
2010540e:	00094583          	lbu	a1,0(s2)
20105412:	4615                	li	a2,5
20105414:	8556                	mv	a0,s5
20105416:	263d                	jal	20105744 <memchr>
20105418:	47c2                	lw	a5,16(sp)
2010541a:	00190493          	addi	s1,s2,1
2010541e:	e529                	bnez	a0,20105468 <_vfiprintf_r+0x174>
20105420:	0107f713          	andi	a4,a5,16
20105424:	c709                	beqz	a4,2010542e <_vfiprintf_r+0x13a>
20105426:	02000713          	li	a4,32
2010542a:	04e109a3          	sb	a4,83(sp)
2010542e:	0087f713          	andi	a4,a5,8
20105432:	c709                	beqz	a4,2010543c <_vfiprintf_r+0x148>
20105434:	02b00713          	li	a4,43
20105438:	04e109a3          	sb	a4,83(sp)
2010543c:	00094683          	lbu	a3,0(s2)
20105440:	02a00713          	li	a4,42
20105444:	02e68963          	beq	a3,a4,20105476 <_vfiprintf_r+0x182>
20105448:	47f2                	lw	a5,28(sp)
2010544a:	84ca                	mv	s1,s2
2010544c:	4681                	li	a3,0
2010544e:	4625                	li	a2,9
20105450:	2098                	lbu	a4,0(s1)
20105452:	00148593          	addi	a1,s1,1
20105456:	fd070713          	addi	a4,a4,-48
2010545a:	06e67263          	bgeu	a2,a4,201054be <_vfiprintf_r+0x1ca>
2010545e:	c685                	beqz	a3,20105486 <_vfiprintf_r+0x192>
20105460:	ce3e                	sw	a5,28(sp)
20105462:	a015                	j	20105486 <_vfiprintf_r+0x192>
20105464:	0485                	addi	s1,s1,1
20105466:	b79d                	j	201053cc <_vfiprintf_r+0xd8>
20105468:	41550533          	sub	a0,a0,s5
2010546c:	28a797b3          	bset	a5,a5,a0
20105470:	8926                	mv	s2,s1
20105472:	c83e                	sw	a5,16(sp)
20105474:	bf69                	j	2010540e <_vfiprintf_r+0x11a>
20105476:	4732                	lw	a4,12(sp)
20105478:	00470693          	addi	a3,a4,4
2010547c:	4318                	lw	a4,0(a4)
2010547e:	c636                	sw	a3,12(sp)
20105480:	02074863          	bltz	a4,201054b0 <_vfiprintf_r+0x1bc>
20105484:	ce3a                	sw	a4,28(sp)
20105486:	2098                	lbu	a4,0(s1)
20105488:	02e00793          	li	a5,46
2010548c:	04f71c63          	bne	a4,a5,201054e4 <_vfiprintf_r+0x1f0>
20105490:	3098                	lbu	a4,1(s1)
20105492:	02a00793          	li	a5,42
20105496:	02f71a63          	bne	a4,a5,201054ca <_vfiprintf_r+0x1d6>
2010549a:	47b2                	lw	a5,12(sp)
2010549c:	0489                	addi	s1,s1,2
2010549e:	00478713          	addi	a4,a5,4
201054a2:	439c                	lw	a5,0(a5)
201054a4:	c63a                	sw	a4,12(sp)
201054a6:	577d                	li	a4,-1
201054a8:	0ae7e7b3          	max	a5,a5,a4
201054ac:	ca3e                	sw	a5,20(sp)
201054ae:	a81d                	j	201054e4 <_vfiprintf_r+0x1f0>
201054b0:	40e00733          	neg	a4,a4
201054b4:	0027e793          	ori	a5,a5,2
201054b8:	ce3a                	sw	a4,28(sp)
201054ba:	c83e                	sw	a5,16(sp)
201054bc:	b7e9                	j	20105486 <_vfiprintf_r+0x192>
201054be:	036787b3          	mul	a5,a5,s6
201054c2:	84ae                	mv	s1,a1
201054c4:	4685                	li	a3,1
201054c6:	97ba                	add	a5,a5,a4
201054c8:	b761                	j	20105450 <_vfiprintf_r+0x15c>
201054ca:	0485                	addi	s1,s1,1
201054cc:	ca02                	sw	zero,20(sp)
201054ce:	4681                	li	a3,0
201054d0:	4781                	li	a5,0
201054d2:	4625                	li	a2,9
201054d4:	2098                	lbu	a4,0(s1)
201054d6:	00148593          	addi	a1,s1,1
201054da:	fd070713          	addi	a4,a4,-48
201054de:	06e67263          	bgeu	a2,a4,20105542 <_vfiprintf_r+0x24e>
201054e2:	f6e9                	bnez	a3,201054ac <_vfiprintf_r+0x1b8>
201054e4:	208c                	lbu	a1,0(s1)
201054e6:	460d                	li	a2,3
201054e8:	00001517          	auipc	a0,0x1
201054ec:	d5050513          	addi	a0,a0,-688 # 20106238 <__sf_fake_stdin+0x28>
201054f0:	2c91                	jal	20105744 <memchr>
201054f2:	cd11                	beqz	a0,2010550e <_vfiprintf_r+0x21a>
201054f4:	00001797          	auipc	a5,0x1
201054f8:	d4478793          	addi	a5,a5,-700 # 20106238 <__sf_fake_stdin+0x28>
201054fc:	8d1d                	sub	a0,a0,a5
201054fe:	47c2                	lw	a5,16(sp)
20105500:	04000713          	li	a4,64
20105504:	00a71733          	sll	a4,a4,a0
20105508:	8fd9                	or	a5,a5,a4
2010550a:	0485                	addi	s1,s1,1
2010550c:	c83e                	sw	a5,16(sp)
2010550e:	208c                	lbu	a1,0(s1)
20105510:	4619                	li	a2,6
20105512:	00001517          	auipc	a0,0x1
20105516:	d2a50513          	addi	a0,a0,-726 # 2010623c <__sf_fake_stdin+0x2c>
2010551a:	00148913          	addi	s2,s1,1
2010551e:	02b10423          	sb	a1,40(sp)
20105522:	240d                	jal	20105744 <memchr>
20105524:	c935                	beqz	a0,20105598 <_vfiprintf_r+0x2a4>
20105526:	00000793          	li	a5,0
2010552a:	e795                	bnez	a5,20105556 <_vfiprintf_r+0x262>
2010552c:	4742                	lw	a4,16(sp)
2010552e:	47b2                	lw	a5,12(sp)
20105530:	10077713          	andi	a4,a4,256
20105534:	cf09                	beqz	a4,2010554e <_vfiprintf_r+0x25a>
20105536:	0791                	addi	a5,a5,4
20105538:	c63e                	sw	a5,12(sp)
2010553a:	5792                	lw	a5,36(sp)
2010553c:	97d2                	add	a5,a5,s4
2010553e:	d23e                	sw	a5,36(sp)
20105540:	b569                	j	201053ca <_vfiprintf_r+0xd6>
20105542:	036787b3          	mul	a5,a5,s6
20105546:	84ae                	mv	s1,a1
20105548:	4685                	li	a3,1
2010554a:	97ba                	add	a5,a5,a4
2010554c:	b761                	j	201054d4 <_vfiprintf_r+0x1e0>
2010554e:	079d                	addi	a5,a5,7
20105550:	9be1                	andi	a5,a5,-8
20105552:	07a1                	addi	a5,a5,8
20105554:	b7d5                	j	20105538 <_vfiprintf_r+0x244>
20105556:	0078                	addi	a4,sp,12
20105558:	00000697          	auipc	a3,0x0
2010555c:	d5a68693          	addi	a3,a3,-678 # 201052b2 <__sfputs_r>
20105560:	8622                	mv	a2,s0
20105562:	080c                	addi	a1,sp,16
20105564:	854e                	mv	a0,s3
20105566:	00000097          	auipc	ra,0x0
2010556a:	000000e7          	jalr	zero # 0 <_sinit>
2010556e:	57fd                	li	a5,-1
20105570:	8a2a                	mv	s4,a0
20105572:	fcf514e3          	bne	a0,a5,2010553a <_vfiprintf_r+0x246>
20105576:	507c                	lw	a5,100(s0)
20105578:	8b85                	andi	a5,a5,1
2010557a:	eb81                	bnez	a5,2010558a <_vfiprintf_r+0x296>
2010557c:	245e                	lhu	a5,12(s0)
2010557e:	2007f793          	andi	a5,a5,512
20105582:	e781                	bnez	a5,2010558a <_vfiprintf_r+0x296>
20105584:	4c28                	lw	a0,88(s0)
20105586:	b4eff0ef          	jal	ra,201048d4 <__retarget_lock_release_recursive>
2010558a:	245e                	lhu	a5,12(s0)
2010558c:	0407f793          	andi	a5,a5,64
20105590:	dc0795e3          	bnez	a5,2010535a <_vfiprintf_r+0x66>
20105594:	5512                	lw	a0,36(sp)
20105596:	b3d9                	j	2010535c <_vfiprintf_r+0x68>
20105598:	0078                	addi	a4,sp,12
2010559a:	00000697          	auipc	a3,0x0
2010559e:	d1868693          	addi	a3,a3,-744 # 201052b2 <__sfputs_r>
201055a2:	8622                	mv	a2,s0
201055a4:	080c                	addi	a1,sp,16
201055a6:	854e                	mv	a0,s3
201055a8:	a69ff0ef          	jal	ra,20105010 <_printf_i>
201055ac:	b7c9                	j	2010556e <_vfiprintf_r+0x27a>

201055ae <_sbrk_r>:
201055ae:	1141                	addi	sp,sp,-16
201055b0:	c422                	sw	s0,8(sp)
201055b2:	842a                	mv	s0,a0
201055b4:	852e                	mv	a0,a1
201055b6:	9801a423          	sw	zero,-1656(gp) # 20110368 <errno>
201055ba:	c606                	sw	ra,12(sp)
201055bc:	8f8fc0ef          	jal	ra,201016b4 <_sbrk>
201055c0:	57fd                	li	a5,-1
201055c2:	00f51663          	bne	a0,a5,201055ce <_sbrk_r+0x20>
201055c6:	9881a783          	lw	a5,-1656(gp) # 20110368 <errno>
201055ca:	c391                	beqz	a5,201055ce <_sbrk_r+0x20>
201055cc:	c01c                	sw	a5,0(s0)
201055ce:	40b2                	lw	ra,12(sp)
201055d0:	4422                	lw	s0,8(sp)
201055d2:	0141                	addi	sp,sp,16
201055d4:	8082                	ret

201055d6 <__sread>:
201055d6:	1141                	addi	sp,sp,-16
201055d8:	c422                	sw	s0,8(sp)
201055da:	842e                	mv	s0,a1
201055dc:	00e59583          	lh	a1,14(a1)
201055e0:	c606                	sw	ra,12(sp)
201055e2:	2401                	jal	201057e2 <_read_r>
201055e4:	00054963          	bltz	a0,201055f6 <__sread+0x20>
201055e8:	487c                	lw	a5,84(s0)
201055ea:	97aa                	add	a5,a5,a0
201055ec:	c87c                	sw	a5,84(s0)
201055ee:	40b2                	lw	ra,12(sp)
201055f0:	4422                	lw	s0,8(sp)
201055f2:	0141                	addi	sp,sp,16
201055f4:	8082                	ret
201055f6:	245e                	lhu	a5,12(s0)
201055f8:	48c79793          	bclri	a5,a5,0xc
201055fc:	a45e                	sh	a5,12(s0)
201055fe:	bfc5                	j	201055ee <__sread+0x18>

20105600 <__swrite>:
20105600:	25de                	lhu	a5,12(a1)
20105602:	1101                	addi	sp,sp,-32
20105604:	cc22                	sw	s0,24(sp)
20105606:	ca26                	sw	s1,20(sp)
20105608:	c84a                	sw	s2,16(sp)
2010560a:	c64e                	sw	s3,12(sp)
2010560c:	ce06                	sw	ra,28(sp)
2010560e:	1007f793          	andi	a5,a5,256
20105612:	84aa                	mv	s1,a0
20105614:	842e                	mv	s0,a1
20105616:	8932                	mv	s2,a2
20105618:	89b6                	mv	s3,a3
2010561a:	c791                	beqz	a5,20105626 <__swrite+0x26>
2010561c:	00e59583          	lh	a1,14(a1)
20105620:	4689                	li	a3,2
20105622:	4601                	li	a2,0
20105624:	28dd                	jal	2010571a <_lseek_r>
20105626:	245e                	lhu	a5,12(s0)
20105628:	00e41583          	lh	a1,14(s0)
2010562c:	40f2                	lw	ra,28(sp)
2010562e:	48c79793          	bclri	a5,a5,0xc
20105632:	a45e                	sh	a5,12(s0)
20105634:	4462                	lw	s0,24(sp)
20105636:	86ce                	mv	a3,s3
20105638:	864a                	mv	a2,s2
2010563a:	49b2                	lw	s3,12(sp)
2010563c:	4942                	lw	s2,16(sp)
2010563e:	8526                	mv	a0,s1
20105640:	44d2                	lw	s1,20(sp)
20105642:	6105                	addi	sp,sp,32
20105644:	a81d                	j	2010567a <_write_r>

20105646 <__sseek>:
20105646:	1141                	addi	sp,sp,-16
20105648:	c422                	sw	s0,8(sp)
2010564a:	842e                	mv	s0,a1
2010564c:	00e59583          	lh	a1,14(a1)
20105650:	c606                	sw	ra,12(sp)
20105652:	20e1                	jal	2010571a <_lseek_r>
20105654:	577d                	li	a4,-1
20105656:	245e                	lhu	a5,12(s0)
20105658:	00e51963          	bne	a0,a4,2010566a <__sseek+0x24>
2010565c:	48c79793          	bclri	a5,a5,0xc
20105660:	a45e                	sh	a5,12(s0)
20105662:	40b2                	lw	ra,12(sp)
20105664:	4422                	lw	s0,8(sp)
20105666:	0141                	addi	sp,sp,16
20105668:	8082                	ret
2010566a:	28c79793          	bseti	a5,a5,0xc
2010566e:	c868                	sw	a0,84(s0)
20105670:	a45e                	sh	a5,12(s0)
20105672:	bfc5                	j	20105662 <__sseek+0x1c>

20105674 <__sclose>:
20105674:	00e59583          	lh	a1,14(a1)
20105678:	a03d                	j	201056a6 <_close_r>

2010567a <_write_r>:
2010567a:	1141                	addi	sp,sp,-16
2010567c:	c422                	sw	s0,8(sp)
2010567e:	842a                	mv	s0,a0
20105680:	852e                	mv	a0,a1
20105682:	85b2                	mv	a1,a2
20105684:	8636                	mv	a2,a3
20105686:	9801a423          	sw	zero,-1656(gp) # 20110368 <errno>
2010568a:	c606                	sw	ra,12(sp)
2010568c:	feffb0ef          	jal	ra,2010167a <_write>
20105690:	57fd                	li	a5,-1
20105692:	00f51663          	bne	a0,a5,2010569e <_write_r+0x24>
20105696:	9881a783          	lw	a5,-1656(gp) # 20110368 <errno>
2010569a:	c391                	beqz	a5,2010569e <_write_r+0x24>
2010569c:	c01c                	sw	a5,0(s0)
2010569e:	40b2                	lw	ra,12(sp)
201056a0:	4422                	lw	s0,8(sp)
201056a2:	0141                	addi	sp,sp,16
201056a4:	8082                	ret

201056a6 <_close_r>:
201056a6:	1141                	addi	sp,sp,-16
201056a8:	c422                	sw	s0,8(sp)
201056aa:	842a                	mv	s0,a0
201056ac:	852e                	mv	a0,a1
201056ae:	9801a423          	sw	zero,-1656(gp) # 20110368 <errno>
201056b2:	c606                	sw	ra,12(sp)
201056b4:	22b5                	jal	20105820 <_close>
201056b6:	57fd                	li	a5,-1
201056b8:	00f51663          	bne	a0,a5,201056c4 <_close_r+0x1e>
201056bc:	9881a783          	lw	a5,-1656(gp) # 20110368 <errno>
201056c0:	c391                	beqz	a5,201056c4 <_close_r+0x1e>
201056c2:	c01c                	sw	a5,0(s0)
201056c4:	40b2                	lw	ra,12(sp)
201056c6:	4422                	lw	s0,8(sp)
201056c8:	0141                	addi	sp,sp,16
201056ca:	8082                	ret

201056cc <_fstat_r>:
201056cc:	1141                	addi	sp,sp,-16
201056ce:	c422                	sw	s0,8(sp)
201056d0:	842a                	mv	s0,a0
201056d2:	852e                	mv	a0,a1
201056d4:	85b2                	mv	a1,a2
201056d6:	9801a423          	sw	zero,-1656(gp) # 20110368 <errno>
201056da:	c606                	sw	ra,12(sp)
201056dc:	2a81                	jal	2010582c <_fstat>
201056de:	57fd                	li	a5,-1
201056e0:	00f51663          	bne	a0,a5,201056ec <_fstat_r+0x20>
201056e4:	9881a783          	lw	a5,-1656(gp) # 20110368 <errno>
201056e8:	c391                	beqz	a5,201056ec <_fstat_r+0x20>
201056ea:	c01c                	sw	a5,0(s0)
201056ec:	40b2                	lw	ra,12(sp)
201056ee:	4422                	lw	s0,8(sp)
201056f0:	0141                	addi	sp,sp,16
201056f2:	8082                	ret

201056f4 <_isatty_r>:
201056f4:	1141                	addi	sp,sp,-16
201056f6:	c422                	sw	s0,8(sp)
201056f8:	842a                	mv	s0,a0
201056fa:	852e                	mv	a0,a1
201056fc:	9801a423          	sw	zero,-1656(gp) # 20110368 <errno>
20105700:	c606                	sw	ra,12(sp)
20105702:	2a1d                	jal	20105838 <_isatty>
20105704:	57fd                	li	a5,-1
20105706:	00f51663          	bne	a0,a5,20105712 <_isatty_r+0x1e>
2010570a:	9881a783          	lw	a5,-1656(gp) # 20110368 <errno>
2010570e:	c391                	beqz	a5,20105712 <_isatty_r+0x1e>
20105710:	c01c                	sw	a5,0(s0)
20105712:	40b2                	lw	ra,12(sp)
20105714:	4422                	lw	s0,8(sp)
20105716:	0141                	addi	sp,sp,16
20105718:	8082                	ret

2010571a <_lseek_r>:
2010571a:	1141                	addi	sp,sp,-16
2010571c:	c422                	sw	s0,8(sp)
2010571e:	842a                	mv	s0,a0
20105720:	852e                	mv	a0,a1
20105722:	85b2                	mv	a1,a2
20105724:	8636                	mv	a2,a3
20105726:	9801a423          	sw	zero,-1656(gp) # 20110368 <errno>
2010572a:	c606                	sw	ra,12(sp)
2010572c:	2a21                	jal	20105844 <_lseek>
2010572e:	57fd                	li	a5,-1
20105730:	00f51663          	bne	a0,a5,2010573c <_lseek_r+0x22>
20105734:	9881a783          	lw	a5,-1656(gp) # 20110368 <errno>
20105738:	c391                	beqz	a5,2010573c <_lseek_r+0x22>
2010573a:	c01c                	sw	a5,0(s0)
2010573c:	40b2                	lw	ra,12(sp)
2010573e:	4422                	lw	s0,8(sp)
20105740:	0141                	addi	sp,sp,16
20105742:	8082                	ret

20105744 <memchr>:
20105744:	0ff5f593          	zext.b	a1,a1
20105748:	962a                	add	a2,a2,a0
2010574a:	00c51463          	bne	a0,a2,20105752 <memchr+0xe>
2010574e:	4501                	li	a0,0
20105750:	8082                	ret
20105752:	211c                	lbu	a5,0(a0)
20105754:	feb78ee3          	beq	a5,a1,20105750 <memchr+0xc>
20105758:	0505                	addi	a0,a0,1
2010575a:	bfc5                	j	2010574a <memchr+0x6>

2010575c <__malloc_lock>:
2010575c:	97418513          	addi	a0,gp,-1676 # 20110354 <__lock___malloc_recursive_mutex>
20105760:	972ff06f          	j	201048d2 <__retarget_lock_acquire_recursive>

20105764 <__malloc_unlock>:
20105764:	97418513          	addi	a0,gp,-1676 # 20110354 <__lock___malloc_recursive_mutex>
20105768:	96cff06f          	j	201048d4 <__retarget_lock_release_recursive>

2010576c <_realloc_r>:
2010576c:	1101                	addi	sp,sp,-32
2010576e:	ca26                	sw	s1,20(sp)
20105770:	ce06                	sw	ra,28(sp)
20105772:	cc22                	sw	s0,24(sp)
20105774:	c84a                	sw	s2,16(sp)
20105776:	c64e                	sw	s3,12(sp)
20105778:	c452                	sw	s4,8(sp)
2010577a:	84b2                	mv	s1,a2
2010577c:	e999                	bnez	a1,20105792 <_realloc_r+0x26>
2010577e:	4462                	lw	s0,24(sp)
20105780:	40f2                	lw	ra,28(sp)
20105782:	44d2                	lw	s1,20(sp)
20105784:	4942                	lw	s2,16(sp)
20105786:	49b2                	lw	s3,12(sp)
20105788:	4a22                	lw	s4,8(sp)
2010578a:	85b2                	mv	a1,a2
2010578c:	6105                	addi	sp,sp,32
2010578e:	b34ff06f          	j	20104ac2 <_malloc_r>
20105792:	ee09                	bnez	a2,201057ac <_realloc_r+0x40>
20105794:	a32ff0ef          	jal	ra,201049c6 <_free_r>
20105798:	4401                	li	s0,0
2010579a:	40f2                	lw	ra,28(sp)
2010579c:	8522                	mv	a0,s0
2010579e:	4462                	lw	s0,24(sp)
201057a0:	44d2                	lw	s1,20(sp)
201057a2:	4942                	lw	s2,16(sp)
201057a4:	49b2                	lw	s3,12(sp)
201057a6:	4a22                	lw	s4,8(sp)
201057a8:	6105                	addi	sp,sp,32
201057aa:	8082                	ret
201057ac:	8a2a                	mv	s4,a0
201057ae:	842e                	mv	s0,a1
201057b0:	28b1                	jal	2010580c <_malloc_usable_size_r>
201057b2:	892a                	mv	s2,a0
201057b4:	00956663          	bltu	a0,s1,201057c0 <_realloc_r+0x54>
201057b8:	00155793          	srli	a5,a0,0x1
201057bc:	fc97efe3          	bltu	a5,s1,2010579a <_realloc_r+0x2e>
201057c0:	85a6                	mv	a1,s1
201057c2:	8552                	mv	a0,s4
201057c4:	afeff0ef          	jal	ra,20104ac2 <_malloc_r>
201057c8:	89aa                	mv	s3,a0
201057ca:	d579                	beqz	a0,20105798 <_realloc_r+0x2c>
201057cc:	85a2                	mv	a1,s0
201057ce:	0b24d633          	minu	a2,s1,s2
201057d2:	af3fa0ef          	jal	ra,201002c4 <memcpy>
201057d6:	85a2                	mv	a1,s0
201057d8:	8552                	mv	a0,s4
201057da:	9ecff0ef          	jal	ra,201049c6 <_free_r>
201057de:	844e                	mv	s0,s3
201057e0:	bf6d                	j	2010579a <_realloc_r+0x2e>

201057e2 <_read_r>:
201057e2:	1141                	addi	sp,sp,-16
201057e4:	c422                	sw	s0,8(sp)
201057e6:	842a                	mv	s0,a0
201057e8:	852e                	mv	a0,a1
201057ea:	85b2                	mv	a1,a2
201057ec:	8636                	mv	a2,a3
201057ee:	9801a423          	sw	zero,-1656(gp) # 20110368 <errno>
201057f2:	c606                	sw	ra,12(sp)
201057f4:	28b1                	jal	20105850 <_read>
201057f6:	57fd                	li	a5,-1
201057f8:	00f51663          	bne	a0,a5,20105804 <_read_r+0x22>
201057fc:	9881a783          	lw	a5,-1656(gp) # 20110368 <errno>
20105800:	c391                	beqz	a5,20105804 <_read_r+0x22>
20105802:	c01c                	sw	a5,0(s0)
20105804:	40b2                	lw	ra,12(sp)
20105806:	4422                	lw	s0,8(sp)
20105808:	0141                	addi	sp,sp,16
2010580a:	8082                	ret

2010580c <_malloc_usable_size_r>:
2010580c:	ffc5a783          	lw	a5,-4(a1)
20105810:	ffc78513          	addi	a0,a5,-4
20105814:	0007d563          	bgez	a5,2010581e <_malloc_usable_size_r+0x12>
20105818:	95aa                	add	a1,a1,a0
2010581a:	419c                	lw	a5,0(a1)
2010581c:	953e                	add	a0,a0,a5
2010581e:	8082                	ret

20105820 <_close>:
20105820:	05800793          	li	a5,88
20105824:	98f1a423          	sw	a5,-1656(gp) # 20110368 <errno>
20105828:	557d                	li	a0,-1
2010582a:	8082                	ret

2010582c <_fstat>:
2010582c:	05800793          	li	a5,88
20105830:	98f1a423          	sw	a5,-1656(gp) # 20110368 <errno>
20105834:	557d                	li	a0,-1
20105836:	8082                	ret

20105838 <_isatty>:
20105838:	05800793          	li	a5,88
2010583c:	98f1a423          	sw	a5,-1656(gp) # 20110368 <errno>
20105840:	4501                	li	a0,0
20105842:	8082                	ret

20105844 <_lseek>:
20105844:	05800793          	li	a5,88
20105848:	98f1a423          	sw	a5,-1656(gp) # 20110368 <errno>
2010584c:	557d                	li	a0,-1
2010584e:	8082                	ret

20105850 <_read>:
20105850:	05800793          	li	a5,88
20105854:	98f1a423          	sw	a5,-1656(gp) # 20110368 <errno>
20105858:	557d                	li	a0,-1
2010585a:	8082                	ret
2010585c:	7325                	lui	t1,0xfffe9
2010585e:	0000                	unimp
20105860:	0a0d                	addi	s4,s4,3
20105862:	3d3d                	jal	201056a0 <_write_r+0x26>
20105864:	3d3d                	jal	201056a2 <_write_r+0x28>
20105866:	5320                	lw	s0,96(a4)
20105868:	646e756f          	jal	a0,201eceae <_eusrstack+0x6ceae>
2010586c:	4520                	lw	s0,72(a0)
2010586e:	6666                	.2byte	0x6666
20105870:	6365                	lui	t1,0x19
20105872:	2074                	lbu	a3,6(s0)
20105874:	656e6547          	.4byte	0x656e6547
20105878:	6172                	.2byte	0x6172
2010587a:	6f74                	.2byte	0x6f74
2010587c:	2072                	lhu	a2,6(s0)
2010587e:	3d3d                	jal	201056bc <_close_r+0x16>
20105880:	3d3d                	jal	201056be <_close_r+0x18>
20105882:	0a0d                	addi	s4,s4,3
20105884:	0000                	unimp
20105886:	0000                	unimp
20105888:	646e6553          	.4byte	0x646e6553
2010588c:	6120                	.2byte	0x6120
2010588e:	6420                	.2byte	0x6420
20105890:	6769                	lui	a4,0x1a
20105892:	7469                	lui	s0,0xffffa
20105894:	7420                	.2byte	0x7420
20105896:	6c70206f          	j	2010875c <_highcode_vma_end+0x2498>
2010589a:	7961                	lui	s2,0xffff8
2010589c:	0d3a                	slli	s10,s10,0xe
2010589e:	000a                	c.slli	zero,0x2
201058a0:	2020                	lbu	s0,2(s0)
201058a2:	7525                	lui	a0,0xfffe9
201058a4:	3a20                	lbu	s0,19(a2)
201058a6:	2520                	lbu	s0,10(a0)
201058a8:	000a0d73          	.4byte	0xa0d73
201058ac:	6554                	.2byte	0x6554
201058ae:	706d                	c.lui	zero,0xffffb
201058b0:	20203a6f          	jal	s4,20108ab2 <_highcode_vma_end+0x27ee>
201058b4:	204c                	lbu	a1,4(s0)
201058b6:	776f6c73          	csrrsi	s8,0x776,30
201058ba:	7265                	lui	tp,0xffff9
201058bc:	202c                	lbu	a1,2(s0)
201058be:	2046                	lhu	s1,4(s0)
201058c0:	6166                	.2byte	0x6166
201058c2:	72657473          	csrrci	s0,0x726,10
201058c6:	202c                	lbu	a1,2(s0)
201058c8:	202d2f2b          	.4byte	0x202d2f2b
201058cc:	6c616373          	csrrsi	t1,0x6c6,2
201058d0:	2c65                	jal	20105b88 <melody_happy_birthday+0x1c>
201058d2:	5220                	lw	s0,96(a2)
201058d4:	7220                	.2byte	0x7220
201058d6:	7365                	lui	t1,0xffff9
201058d8:	7465                	lui	s0,0xffff9
201058da:	0a0d                	addi	s4,s4,3
201058dc:	0000                	unimp
201058de:	0000                	unimp
201058e0:	6950                	.2byte	0x6950
201058e2:	6374                	.2byte	0x6374
201058e4:	3a68                	lbu	a0,23(a2)
201058e6:	2020                	lbu	s0,2(s0)
201058e8:	2055                	jal	2010598c <_read+0x13c>
201058ea:	7075                	c.lui	zero,0xffffd
201058ec:	202c                	lbu	a1,2(s0)
201058ee:	2044                	lbu	s1,4(s0)
201058f0:	6f64                	.2byte	0x6f64
201058f2:	68206e77          	.4byte	0x68206e77
201058f6:	6c61                	lui	s8,0x18
201058f8:	2066                	lhu	s1,6(s0)
201058fa:	6f74                	.2byte	0x6f74
201058fc:	656e                	.2byte	0x656e
201058fe:	0a0d                	addi	s4,s4,3
20105900:	0000                	unimp
20105902:	0000                	unimp
20105904:	6568744f          	.4byte	0x6568744f
20105908:	3a72                	lhu	a2,54(a2)
2010590a:	2020                	lbu	s0,2(s0)
2010590c:	206d                	jal	201059b6 <_read+0x166>
2010590e:	656d                	lui	a0,0x1b
20105910:	756e                	.2byte	0x756e
20105912:	0a0d                	addi	s4,s4,3
20105914:	0000                	unimp
20105916:	0000                	unimp
20105918:	7254                	.2byte	0x7254
2010591a:	6361                	lui	t1,0x18
2010591c:	7525206b          	.4byte	0x7525206b
20105920:	6920                	.2byte	0x6920
20105922:	6d652073          	csrs	0x6d6,a0
20105926:	7470                	.2byte	0x7470
20105928:	2e79                	jal	20105cc6 <npio2_hw+0x6e>
2010592a:	0a0d                	addi	s4,s4,3
2010592c:	0000                	unimp
2010592e:	0000                	unimp
20105930:	0a0d                	addi	s4,s4,3
20105932:	3e3e                	lhu	a5,58(a2)
20105934:	203e                	lhu	a5,2(s0)
20105936:	6c50                	.2byte	0x6c50
20105938:	7961                	lui	s2,0xffff8
2010593a:	6e69                	lui	t3,0x1a
2010593c:	72742067          	.4byte	0x72742067
20105940:	6361                	lui	t1,0x18
20105942:	7525206b          	.4byte	0x7525206b
20105946:	203a                	lhu	a4,2(s0)
20105948:	2522                	lhu	s0,10(a0)
2010594a:	0a0d2273          	csrrs	tp,0xa0,s10
2010594e:	0000                	unimp
20105950:	4e20                	lw	s0,88(a2)
20105952:	2065746f          	jal	s0,2015cb58 <__global_pointer$+0x4c178>
20105956:	3225                	jal	2010527e <_printf_i+0x26e>
20105958:	2f75                	jal	20106114 <__clz_tab+0x44>
2010595a:	7525                	lui	a0,0xfffe9
2010595c:	203a                	lhu	a4,2(s0)
2010595e:	3425                	jal	20105386 <_vfiprintf_r+0x92>
20105960:	2075                	jal	20105a0c <_read+0x1bc>
20105962:	7a48                	.2byte	0x7a48
20105964:	2820                	lbu	s0,18(s0)
20105966:	6769726f          	jal	tp,2019cfdc <_eusrstack+0x1cfdc>
2010596a:	2520                	lbu	s0,10(a0)
2010596c:	7534                	.2byte	0x7534
2010596e:	2029                	jal	20105978 <_read+0x128>
20105970:	6f66                	.2byte	0x6f66
20105972:	2072                	lhu	a2,6(s0)
20105974:	3425                	jal	2010539c <_vfiprintf_r+0xa8>
20105976:	2075                	jal	20105a22 <_read+0x1d2>
20105978:	736d                	lui	t1,0xffffb
2010597a:	0a0d                	addi	s4,s4,3
2010597c:	0000                	unimp
2010597e:	0000                	unimp
20105980:	3e3e                	lhu	a5,58(a2)
20105982:	203e                	lhu	a5,2(s0)
20105984:	6f44                	.2byte	0x6f44
20105986:	656e                	.2byte	0x656e
20105988:	0d2e                	slli	s10,s10,0xb
2010598a:	0d0a                	slli	s10,s10,0x2
2010598c:	000a                	c.slli	zero,0x2
2010598e:	0000                	unimp
20105990:	6554                	.2byte	0x6554
20105992:	706d                	c.lui	zero,0xffffb
20105994:	666f206f          	j	201f7ffa <_eusrstack+0x77ffa>
20105998:	7366                	.2byte	0x7366
2010599a:	7465                	lui	s0,0xffff9
2010599c:	203a                	lhu	a4,2(s0)
2010599e:	2b25                	jal	20105ed6 <two_over_pi+0x1fe>
201059a0:	2064                	lbu	s1,6(s0)
201059a2:	736d                	lui	t1,0xffffb
201059a4:	0a0d                	addi	s4,s4,3
201059a6:	0000                	unimp
201059a8:	6554                	.2byte	0x6554
201059aa:	706d                	c.lui	zero,0xffffb
201059ac:	6373206f          	j	201387e2 <__global_pointer$+0x27e02>
201059b0:	6c61                	lui	s8,0x18
201059b2:	3a65                	jal	2010536a <_vfiprintf_r+0x76>
201059b4:	2520                	lbu	s0,10(a0)
201059b6:	2575                	jal	20106062 <init_jk+0x46>
201059b8:	0d25                	addi	s10,s10,9
201059ba:	000a                	c.slli	zero,0x2
201059bc:	6950                	.2byte	0x6950
201059be:	6374                	.2byte	0x6374
201059c0:	3a68                	lbu	a0,23(a2)
201059c2:	2520                	lbu	s0,10(a0)
201059c4:	7320642b          	.4byte	0x7320642b
201059c8:	6d65                	lui	s10,0x19
201059ca:	7469                	lui	s0,0xffffa
201059cc:	73656e6f          	jal	t3,2015c102 <__global_pointer$+0x4b722>
201059d0:	0a0d                	addi	s4,s4,3
201059d2:	0000                	unimp
201059d4:	6c41                	lui	s8,0x10
201059d6:	206c                	lbu	a1,6(s0)
201059d8:	74746573          	csrrsi	a0,0x747,8
201059dc:	6e69                	lui	t3,0x1a
201059de:	72207367          	.4byte	0x72207367
201059e2:	7365                	lui	t1,0xffff9
201059e4:	7465                	lui	s0,0xffff9
201059e6:	0d2e                	slli	s10,s10,0xb
201059e8:	000a                	c.slli	zero,0x2
201059ea:	0000                	unimp
201059ec:	6e55                	lui	t3,0x15
201059ee:	776f6e6b          	.4byte	0x776f6e6b
201059f2:	3a6e                	lhu	a1,54(a2)
201059f4:	2720                	lbu	s0,10(a4)
201059f6:	6325                	lui	t1,0x9
201059f8:	000a0d27          	.4byte	0xa0d27
201059fc:	0954                	addi	a3,sp,148
201059fe:	2010                	lbu	a2,0(s0)
20105a00:	08a2                	slli	a7,a7,0x8
20105a02:	2010                	lbu	a2,0(s0)
20105a04:	0908                	addi	a0,sp,144
20105a06:	2010                	lbu	a2,0(s0)
20105a08:	08a2                	slli	a7,a7,0x8
20105a0a:	2010                	lbu	a2,0(s0)
20105a0c:	08a2                	slli	a7,a7,0x8
20105a0e:	2010                	lbu	a2,0(s0)
20105a10:	08a2                	slli	a7,a7,0x8
20105a12:	2010                	lbu	a2,0(s0)
20105a14:	08a2                	slli	a7,a7,0x8
20105a16:	2010                	lbu	a2,0(s0)
20105a18:	08a2                	slli	a7,a7,0x8
20105a1a:	2010                	lbu	a2,0(s0)
20105a1c:	08f0                	addi	a2,sp,92
20105a1e:	2010                	lbu	a2,0(s0)
20105a20:	08ec                	addi	a1,sp,92
20105a22:	2010                	lbu	a2,0(s0)
20105a24:	08a2                	slli	a7,a7,0x8
20105a26:	2010                	lbu	a2,0(s0)
20105a28:	08a2                	slli	a7,a7,0x8
20105a2a:	2010                	lbu	a2,0(s0)
20105a2c:	08a2                	slli	a7,a7,0x8
20105a2e:	2010                	lbu	a2,0(s0)
20105a30:	08a2                	slli	a7,a7,0x8
20105a32:	2010                	lbu	a2,0(s0)
20105a34:	0962                	slli	s2,s2,0x18
20105a36:	2010                	lbu	a2,0(s0)
20105a38:	08a2                	slli	a7,a7,0x8
20105a3a:	2010                	lbu	a2,0(s0)
20105a3c:	08a2                	slli	a7,a7,0x8
20105a3e:	2010                	lbu	a2,0(s0)
20105a40:	0934                	addi	a3,sp,152
20105a42:	2010                	lbu	a2,0(s0)
20105a44:	706d6953          	.4byte	0x706d6953
20105a48:	656c                	.2byte	0x656c
20105a4a:	6220                	.2byte	0x6220
20105a4c:	6565                	lui	a0,0x19
20105a4e:	0070                	addi	a2,sp,12
20105a50:	6f44                	.2byte	0x6f44
20105a52:	6275                	lui	tp,0x1d
20105a54:	656c                	.2byte	0x656c
20105a56:	6220                	.2byte	0x6220
20105a58:	6565                	lui	a0,0x19
20105a5a:	0070                	addi	a2,sp,12
20105a5c:	6c41                	lui	s8,0x10
20105a5e:	7261                	lui	tp,0xffff8
20105a60:	006d                	c.nop	27
20105a62:	0000                	unimp
20105a64:	6f50                	.2byte	0x6f50
20105a66:	20726577          	.4byte	0x20726577
20105a6a:	7075                	c.lui	zero,0xffffd
20105a6c:	0000                	unimp
20105a6e:	0000                	unimp
20105a70:	6f50                	.2byte	0x6f50
20105a72:	20726577          	.4byte	0x20726577
20105a76:	6f64                	.2byte	0x6f64
20105a78:	00006e77          	.4byte	0x6e77
20105a7c:	6e696f43          	.4byte	0x6e696f43
20105a80:	0000                	unimp
20105a82:	0000                	unimp
20105a84:	6c616353          	.4byte	0x6c616353
20105a88:	2065                	jal	20105b30 <tracks+0x70>
20105a8a:	4328                	lw	a0,64(a4)
20105a8c:	6d20                	.2byte	0x6d20
20105a8e:	6a61                	lui	s4,0x18
20105a90:	0029726f          	jal	tp,2019ca92 <_eusrstack+0x1ca92>
20105a94:	7241                	lui	tp,0xffff0
20105a96:	6570                	.2byte	0x6570
20105a98:	6f696767          	.4byte	0x6f696767
20105a9c:	0000                	unimp
20105a9e:	0000                	unimp
20105aa0:	6148                	.2byte	0x6148
20105aa2:	7070                	.2byte	0x7070
20105aa4:	2079                	jal	20105b32 <tracks+0x72>
20105aa6:	6942                	.2byte	0x6942
20105aa8:	7472                	.2byte	0x7472
20105aaa:	6468                	.2byte	0x6468
20105aac:	7961                	lui	s2,0xffff8
20105aae:	0000                	unimp
20105ab0:	656d6147          	.4byte	0x656d6147
20105ab4:	6f20                	.2byte	0x6f20
20105ab6:	2066                	lhu	s1,6(s0)
20105ab8:	6854                	.2byte	0x6854
20105aba:	6f72                	.2byte	0x6f72
20105abc:	656e                	.2byte	0x656e
20105abe:	73 00             	Address 0x0000000020105abe is out of bounds.


20105ac0 <tracks>:
20105ac0:	44 5a 10 20 18 03 11 20 01 00 00 00 50 5a 10 20     DZ. ... ....PZ. 
20105ad0:	4c 5c 10 20 03 00 00 00 5c 5a 10 20 3c 5c 10 20     L\. ....\Z. <\. 
20105ae0:	04 00 00 00 64 5a 10 20 24 5c 10 20 06 00 00 00     ....dZ. $\. ....
20105af0:	70 5a 10 20 0c 5c 10 20 06 00 00 00 7c 5a 10 20     pZ. .\. ....|Z. 
20105b00:	10 03 11 20 02 00 00 00 84 5a 10 20 ec 5b 10 20     ... .....Z. .[. 
20105b10:	08 00 00 00 94 5a 10 20 dc 5b 10 20 04 00 00 00     .....Z. .[. ....
20105b20:	a0 5a 10 20 6c 5b 10 20 1c 00 00 00 b0 5a 10 20     .Z. l[. .....Z. 
20105b30:	38 5b 10 20 0d 00 00 00                             8[. ....

20105b38 <melody_got>:
20105b38:	b8 01 f4 01 26 01 f4 01 5d 01 96 00 88 01 96 00     ....&...].......
20105b48:	b8 01 f4 01 26 01 f4 01 5d 01 96 00 88 01 96 00     ....&...].......
20105b58:	b8 01 f4 01 26 01 f4 01 5d 01 96 00 88 01 96 00     ....&...].......
20105b68:	4a 01 1c 02                                         J...

20105b6c <melody_happy_birthday>:
20105b6c:	06 01 96 00 06 01 96 00 26 01 2c 01 06 01 2c 01     ........&.,...,.
20105b7c:	5d 01 2c 01 4a 01 58 02 00 00 64 00 06 01 96 00     ].,.J.X...d.....
20105b8c:	06 01 96 00 26 01 2c 01 06 01 2c 01 88 01 2c 01     ....&.,...,...,.
20105b9c:	5d 01 58 02 00 00 64 00 06 01 96 00 06 01 96 00     ].X...d.........
20105bac:	0b 02 2c 01 b8 01 2c 01 5d 01 2c 01 4a 01 2c 01     ..,...,.].,.J.,.
20105bbc:	26 01 58 02 00 00 64 00 d2 01 96 00 d2 01 96 00     &.X...d.........
20105bcc:	b8 01 2c 01 5d 01 2c 01 88 01 2c 01 5d 01 58 02     ..,.].,...,.].X.

20105bdc <melody_arpeggio>:
20105bdc:	0b 02 78 00 93 02 78 00 10 03 78 00 17 04 f0 00     ..x...x...x.....

20105bec <melody_scale>:
20105bec:	06 01 c8 00 26 01 c8 00 4a 01 c8 00 5d 01 c8 00     ....&...J...]...
20105bfc:	88 01 c8 00 b8 01 c8 00 ee 01 c8 00 0b 02 90 01     ................

20105c0c <effect_power_down>:
20105c0c:	10 03 50 00 93 02 50 00 0b 02 50 00 88 01 50 00     ..P...P...P...P.
20105c1c:	4a 01 50 00 06 01 78 00                             J.P...x.

20105c24 <effect_power_up>:
20105c24:	06 01 50 00 4a 01 50 00 88 01 50 00 0b 02 50 00     ..P.J.P...P...P.
20105c34:	93 02 50 00 10 03 78 00                             ..P...x.

20105c3c <effect_alarm>:
20105c3c:	70 03 c8 00 93 02 c8 00 70 03 c8 00 93 02 c8 00     p.......p.......

20105c4c <effect_double_beep>:
20105c4c:	70 03 64 00 00 00 50 00 70 03 64 00                 p.d...P.p.d.

20105c58 <npio2_hw>:
20105c58:	00 0f c9 3f 00 0f 49 40 00 cb 96 40 00 0f c9 40     ...?..I@...@...@
20105c68:	00 53 fb 40 00 cb 16 41 00 ed 2f 41 00 0f 49 41     .S.@...A../A..IA
20105c78:	00 31 62 41 00 53 7b 41 00 3a 8a 41 00 cb 96 41     .1bA.S{A.:.A...A
20105c88:	00 5c a3 41 00 ed af 41 00 7e bc 41 00 0f c9 41     .\.A...A.~.A...A
20105c98:	00 a0 d5 41 00 31 e2 41 00 c2 ee 41 00 53 fb 41     ...A.1.A...A.S.A
20105ca8:	00 f2 03 42 00 3a 0a 42 00 83 10 42 00 cb 16 42     ...B.:.B...B...B
20105cb8:	00 14 1d 42 00 5c 23 42 00 a5 29 42 00 ed 2f 42     ...B.\#B..)B../B
20105cc8:	00 36 36 42 00 7e 3c 42 00 c7 42 42 00 0f 49 42     .66B.~<B..BB..IB

20105cd8 <two_over_pi>:
20105cd8:	a2 00 00 00 f9 00 00 00 83 00 00 00 6e 00 00 00     ............n...
20105ce8:	4e 00 00 00 44 00 00 00 15 00 00 00 29 00 00 00     N...D.......)...
20105cf8:	fc 00 00 00 27 00 00 00 57 00 00 00 d1 00 00 00     ....'...W.......
20105d08:	f5 00 00 00 34 00 00 00 dd 00 00 00 c0 00 00 00     ....4...........
20105d18:	db 00 00 00 62 00 00 00 95 00 00 00 99 00 00 00     ....b...........
20105d28:	3c 00 00 00 43 00 00 00 90 00 00 00 41 00 00 00     <...C.......A...
20105d38:	fe 00 00 00 51 00 00 00 63 00 00 00 ab 00 00 00     ....Q...c.......
20105d48:	de 00 00 00 bb 00 00 00 c5 00 00 00 61 00 00 00     ............a...
20105d58:	b7 00 00 00 24 00 00 00 6e 00 00 00 3a 00 00 00     ....$...n...:...
20105d68:	42 00 00 00 4d 00 00 00 d2 00 00 00 e0 00 00 00     B...M...........
20105d78:	06 00 00 00 49 00 00 00 2e 00 00 00 ea 00 00 00     ....I...........
20105d88:	09 00 00 00 d1 00 00 00 92 00 00 00 1c 00 00 00     ................
20105d98:	fe 00 00 00 1d 00 00 00 eb 00 00 00 1c 00 00 00     ................
20105da8:	b1 00 00 00 29 00 00 00 a7 00 00 00 3e 00 00 00     ....).......>...
20105db8:	e8 00 00 00 82 00 00 00 35 00 00 00 f5 00 00 00     ........5.......
20105dc8:	2e 00 00 00 bb 00 00 00 44 00 00 00 84 00 00 00     ........D.......
20105dd8:	e9 00 00 00 9c 00 00 00 70 00 00 00 26 00 00 00     ........p...&...
20105de8:	b4 00 00 00 5f 00 00 00 7e 00 00 00 41 00 00 00     ...._...~...A...
20105df8:	39 00 00 00 91 00 00 00 d6 00 00 00 39 00 00 00     9...........9...
20105e08:	83 00 00 00 53 00 00 00 39 00 00 00 f4 00 00 00     ....S...9.......
20105e18:	9c 00 00 00 84 00 00 00 5f 00 00 00 8b 00 00 00     ........_.......
20105e28:	bd 00 00 00 f9 00 00 00 28 00 00 00 3b 00 00 00     ........(...;...
20105e38:	1f 00 00 00 f8 00 00 00 97 00 00 00 ff 00 00 00     ................
20105e48:	de 00 00 00 05 00 00 00 98 00 00 00 0f 00 00 00     ................
20105e58:	ef 00 00 00 2f 00 00 00 11 00 00 00 8b 00 00 00     ..../...........
20105e68:	5a 00 00 00 0a 00 00 00 6d 00 00 00 1f 00 00 00     Z.......m.......
20105e78:	6d 00 00 00 36 00 00 00 7e 00 00 00 cf 00 00 00     m...6...~.......
20105e88:	27 00 00 00 cb 00 00 00 09 00 00 00 b7 00 00 00     '...............
20105e98:	4f 00 00 00 46 00 00 00 3f 00 00 00 66 00 00 00     O...F...?...f...
20105ea8:	9e 00 00 00 5f 00 00 00 ea 00 00 00 2d 00 00 00     ...._.......-...
20105eb8:	75 00 00 00 27 00 00 00 ba 00 00 00 c7 00 00 00     u...'...........
20105ec8:	eb 00 00 00 e5 00 00 00 f1 00 00 00 7b 00 00 00     ............{...
20105ed8:	3d 00 00 00 07 00 00 00 39 00 00 00 f7 00 00 00     =.......9.......
20105ee8:	8a 00 00 00 52 00 00 00 92 00 00 00 ea 00 00 00     ....R...........
20105ef8:	6b 00 00 00 fb 00 00 00 5f 00 00 00 b1 00 00 00     k......._.......
20105f08:	1f 00 00 00 8d 00 00 00 5d 00 00 00 08 00 00 00     ........].......
20105f18:	56 00 00 00 03 00 00 00 30 00 00 00 46 00 00 00     V.......0...F...
20105f28:	fc 00 00 00 7b 00 00 00 6b 00 00 00 ab 00 00 00     ....{...k.......
20105f38:	f0 00 00 00 cf 00 00 00 bc 00 00 00 20 00 00 00     ............ ...
20105f48:	9a 00 00 00 f4 00 00 00 36 00 00 00 1d 00 00 00     ........6.......
20105f58:	a9 00 00 00 e3 00 00 00 91 00 00 00 61 00 00 00     ............a...
20105f68:	5e 00 00 00 e6 00 00 00 1b 00 00 00 08 00 00 00     ^...............
20105f78:	65 00 00 00 99 00 00 00 85 00 00 00 5f 00 00 00     e..........._...
20105f88:	14 00 00 00 a0 00 00 00 68 00 00 00 40 00 00 00     ........h...@...
20105f98:	8d 00 00 00 ff 00 00 00 d8 00 00 00 80 00 00 00     ................
20105fa8:	4d 00 00 00 73 00 00 00 27 00 00 00 31 00 00 00     M...s...'...1...
20105fb8:	06 00 00 00 06 00 00 00 15 00 00 00 56 00 00 00     ............V...
20105fc8:	ca 00 00 00 73 00 00 00 a8 00 00 00 c9 00 00 00     ....s...........
20105fd8:	60 00 00 00 e2 00 00 00 7b 00 00 00 c0 00 00 00     `.......{.......
20105fe8:	8c 00 00 00 6b 00 00 00                             ....k...

20105ff0 <PIo2>:
20105ff0:	00 00 c9 3f 00 00 f0 39 00 00 da 37 00 00 a2 33     ...?...9...7...3
20106000:	00 00 84 2e 00 00 50 2b 00 00 c2 27 00 00 d0 22     ......P+...'..."
20106010:	00 00 c4 1f 00 00 c6 1b 00 00 44 17                 ..........D.

2010601c <init_jk>:
2010601c:	04 00 00 00 07 00 00 00 09 00 00 00 66 d7 ff ff     ............f...
2010602c:	d0 d5 ff ff f2 d5 ff ff 04 d6 ff ff f2 d5 ff ff     ................
2010603c:	0e d6 ff ff f2 d5 ff ff 04 d6 ff ff d0 d5 ff ff     ................
2010604c:	d0 d5 ff ff 0e d6 ff ff 04 d6 ff ff d2 d6 ff ff     ................
2010605c:	d2 d6 ff ff d2 d6 ff ff 0e d6 ff ff 90 d5 ff ff     ................
2010606c:	90 d5 ff ff b2 d5 ff ff ba d7 ff ff b2 d5 ff ff     ................
2010607c:	ce d5 ff ff b2 d5 ff ff ba d7 ff ff 90 d5 ff ff     ................
2010608c:	90 d5 ff ff ce d5 ff ff ba d7 ff ff 92 d6 ff ff     ................
2010609c:	92 d6 ff ff a4 d7 ff ff 7a d5 ff ff 88 d7 ff ff     ........z.......
201060ac:	7a d5 ff ff a4 d7 ff ff 58 d5 ff ff 58 d5 ff ff     z.......X...X...
201060bc:	88 d7 ff ff a4 d7 ff ff 56 d6 ff ff 56 d6 ff ff     ........V...V...
201060cc:	56 d6 ff ff                                         V...

201060d0 <__clz_tab>:
201060d0:	00 01 02 02 03 03 03 03 04 04 04 04 04 04 04 04     ................
201060e0:	05 05 05 05 05 05 05 05 05 05 05 05 05 05 05 05     ................
201060f0:	06 06 06 06 06 06 06 06 06 06 06 06 06 06 06 06     ................
20106100:	06 06 06 06 06 06 06 06 06 06 06 06 06 06 06 06     ................
20106110:	07 07 07 07 07 07 07 07 07 07 07 07 07 07 07 07     ................
20106120:	07 07 07 07 07 07 07 07 07 07 07 07 07 07 07 07     ................
20106130:	07 07 07 07 07 07 07 07 07 07 07 07 07 07 07 07     ................
20106140:	07 07 07 07 07 07 07 07 07 07 07 07 07 07 07 07     ................
20106150:	08 08 08 08 08 08 08 08 08 08 08 08 08 08 08 08     ................
20106160:	08 08 08 08 08 08 08 08 08 08 08 08 08 08 08 08     ................
20106170:	08 08 08 08 08 08 08 08 08 08 08 08 08 08 08 08     ................
20106180:	08 08 08 08 08 08 08 08 08 08 08 08 08 08 08 08     ................
20106190:	08 08 08 08 08 08 08 08 08 08 08 08 08 08 08 08     ................
201061a0:	08 08 08 08 08 08 08 08 08 08 08 08 08 08 08 08     ................
201061b0:	08 08 08 08 08 08 08 08 08 08 08 08 08 08 08 08     ................
201061c0:	08 08 08 08 08 08 08 08 08 08 08 08 08 08 08 08     ................

201061d0 <__sf_fake_stderr>:
	...

201061f0 <__sf_fake_stdout>:
	...

20106210 <__sf_fake_stdin>:
	...
20106230:	23 2d 30 2b 20 00 00 00 68 6c 4c 00 65 66 67 45     #-0+ ...hlL.efgE
20106240:	46 47 00 00 30 31 32 33 34 35 36 37 38 39 41 42     FG..0123456789AB
20106250:	43 44 45 46 00 00 00 00 30 31 32 33 34 35 36 37     CDEF....01234567
20106260:	38 39 61 62 63 64 65 66 00 00 00 00 14 ee ff ff     89abcdef........
20106270:	2a ee ff ff ea ed ff ff ea ed ff ff ea ed ff ff     *...............
20106280:	ea ed ff ff 2a ee ff ff ea ed ff ff ea ed ff ff     ....*...........
20106290:	ea ed ff ff ea ed ff ff 88 ef ff ff 8e ee ff ff     ................
201062a0:	22 ef ff ff ea ed ff ff ea ed ff ff b6 ef ff ff     "...............
201062b0:	ea ed ff ff 8e ee ff ff ea ed ff ff ea ed ff ff     ................
201062c0:	2a ef ff ff                                         *...

Disassembly of section .text:

000063b0 <handle_reset>:
    63b0:	2010a197          	auipc	gp,0x2010a
    63b4:	63018193          	addi	gp,gp,1584 # 201109e0 <__global_pointer$>
    63b8:	2017a117          	auipc	sp,0x2017a
    63bc:	c4810113          	addi	sp,sp,-952 # 20180000 <_eusrstack>
    63c0:	00800513          	li	a0,8
    63c4:	2010a597          	auipc	a1,0x2010a
    63c8:	c3c58593          	addi	a1,a1,-964 # 20110000 <_loadcode_vma_start>
    63cc:	2010a617          	auipc	a2,0x2010a
    63d0:	d1860613          	addi	a2,a2,-744 # 201100e4 <_loadcode_vma_end>
    63d4:	00c5fa63          	bgeu	a1,a2,63e8 <handle_reset+0x38>
    63d8:	00052283          	lw	t0,0(a0) # 19000 <_data_lma+0x12bcc>
    63dc:	0055a023          	sw	t0,0(a1)
    63e0:	0511                	addi	a0,a0,4
    63e2:	0591                	addi	a1,a1,4
    63e4:	fec5eae3          	bltu	a1,a2,63d8 <handle_reset+0x28>
    63e8:	2010a097          	auipc	ra,0x2010a
    63ec:	c18080e7          	jalr	-1000(ra) # 20110000 <_loadcode_vma_start>
    63f0:	123702b7          	lui	t0,0x12370
    63f4:	3e128293          	addi	t0,t0,993 # 123703e1 <_data_lma+0x12369fad>
    63f8:	bc029073          	csrw	0xbc0,t0
    63fc:	4285                	li	t0,1
    63fe:	bc129073          	csrw	0xbc1,t0
    6402:	429d                	li	t0,7
    6404:	80429073          	csrw	0x804,t0
    6408:	6299                	lui	t0,0x6
    640a:	08828293          	addi	t0,t0,136 # 6088 <__stack_size+0x5888>
    640e:	30029073          	csrw	mstatus,t0
    6412:	200fa297          	auipc	t0,0x200fa
    6416:	bee28293          	addi	t0,t0,-1042 # 20100000 <_highcode_vma_start>
    641a:	0032e293          	ori	t0,t0,3
    641e:	30529073          	csrw	mtvec,t0

00006422 <BP>:
    6422:	200fa297          	auipc	t0,0x200fa
    6426:	0d228293          	addi	t0,t0,210 # 201004f4 <main>
    642a:	34129073          	csrw	mepc,t0
    642e:	30200073          	mret
	...
